,Year_Birth,Education,Marital_Status,Complain,NumWebVisitsMonth,YearRange,HaveChild,AcceptedCmp,Income,Kidhome,Teenhome,Dt_Customer,Recency,MntWines,MntFruits,MntMeatProducts,MntFishProducts,MntSweetProducts,MntGoldProds,NumDealsPurchases,NumWebPurchases,NumCatalogPurchases,NumStorePurchases,MntGroceryProducts,TotalPurchase,TotalChild
1556,1952,Master,Married,0,7,1950,1,1,40442.0,1,1,19-08-2012,52,45,12,52,25,22,13,4,3,1,4,89,12,2
201,1954,Graduation,Divorced,0,8,1950,1,2,64497.0,0,1,10-09-2012,17,1170,48,320,42,32,192,5,11,4,9,410,29,1
2006,1951,Graduation,Married,0,4,1950,1,0,32871.0,1,1,09-03-2013,28,22,2,12,0,2,5,1,1,0,3,14,5,2
763,1976,Graduation,Married,0,4,1970,1,0,36283.0,1,1,14-04-2014,42,6,5,5,8,0,5,2,1,0,3,18,6,2
1073,1986,2n Cycle,Single,0,1,1980,0,0,80910.0,0,0,31-10-2012,71,160,80,369,67,39,41,1,3,3,8,516,15,0
1237,1960,Graduation,Married,0,8,1960,1,0,31454.0,1,1,06-07-2013,40,28,0,11,0,0,9,3,2,0,3,11,8,2
1911,1968,Graduation,Single,0,8,1960,1,0,36065.0,1,1,31-03-2013,54,18,7,34,10,2,3,3,3,0,3,51,9,2
329,1988,Graduation,Single,0,3,1980,0,0,68655.0,0,0,10-08-2012,95,456,19,832,75,118,38,1,4,5,11,926,21,0
573,1983,Graduation,Married,0,6,1980,1,0,39453.0,1,0,03-04-2014,64,46,0,7,0,0,2,2,2,0,3,7,7,1
712,1991,Graduation,Married,0,4,1990,0,1,89891.0,0,0,15-04-2013,17,412,22,132,59,28,183,1,11,6,8,213,26,0
1437,1963,Master,Divorced,0,2,1960,1,0,49476.0,0,1,20-06-2013,29,386,23,95,54,41,196,4,2,11,5,172,22,1
1194,1963,Graduation,Single,0,7,1960,1,0,34377.0,0,1,19-01-2013,55,62,0,22,3,1,26,2,2,2,2,25,8,1
368,1969,Graduation,Single,0,7,1960,1,0,30822.0,1,0,14-06-2013,92,3,9,13,2,12,12,1,1,0,3,24,5,1
1653,1952,Graduation,Married,0,5,1950,1,0,49413.0,0,1,25-10-2013,88,205,7,41,3,2,46,2,4,2,5,51,13,1
1507,1959,PhD,Divorced,0,1,1950,0,1,67786.0,0,0,07-12-2013,0,431,82,441,80,20,102,1,3,6,6,603,16,0
724,1956,Master,Married,0,8,1950,1,0,34941.0,1,1,06-03-2013,26,39,2,25,4,3,24,2,3,0,3,31,8,2
1929,1949,Graduation,Divorced,0,2,1940,0,2,72643.0,0,0,27-02-2013,60,526,80,553,123,94,53,1,3,10,7,756,21,0
1725,1968,Graduation,Married,0,6,1960,1,0,41120.0,1,1,06-11-2013,80,24,2,23,0,8,24,3,2,1,3,25,9,2
821,1977,Graduation,Single,0,5,1970,1,1,56628.0,0,1,21-03-2014,30,479,5,82,7,17,171,2,7,6,5,94,20,1
1447,1956,Master,Single,0,4,1950,0,0,64857.0,0,0,23-11-2012,78,556,14,717,210,0,43,1,7,5,10,941,23,0
660,1963,PhD,Married,0,5,1960,1,2,81300.0,0,1,30-10-2012,17,1004,12,145,32,12,36,3,10,3,5,189,21,1
1396,1959,Graduation,Married,0,8,1950,0,0,18690.0,0,0,28-12-2012,77,6,1,7,23,4,19,1,1,1,2,31,5,0
126,1958,Master,Single,0,8,1950,1,0,61331.0,1,1,10-03-2013,42,534,5,47,0,5,41,5,11,1,6,52,23,2
1087,1983,2n Cycle,Single,0,5,1980,0,2,81698.0,0,0,01-03-2013,1,709,45,115,30,160,45,1,8,2,5,190,16,0
693,1986,Graduation,Married,0,8,1980,1,0,25252.0,1,0,12-07-2013,26,1,3,4,2,2,6,1,1,0,2,9,4,1
1803,1970,PhD,Married,0,1,1970,0,0,80336.0,0,0,09-09-2013,12,209,19,456,160,142,66,1,2,9,13,635,25,0
367,1961,PhD,Married,0,6,1960,1,0,66426.0,0,1,02-10-2013,14,1043,24,97,32,24,157,2,3,5,10,153,20,1
1827,1975,2n Cycle,Divorced,0,6,1970,0,0,11448.0,0,0,15-12-2013,16,0,0,0,6,2,6,1,1,0,2,6,4,0
1026,1965,2n Cycle,Married,0,3,1960,0,1,70924.0,0,0,07-04-2014,41,635,114,254,132,152,76,1,6,6,7,500,20,0
205,1974,Master,Married,0,7,1970,1,0,46014.0,1,1,21-01-2013,21,410,0,59,19,9,44,10,7,1,8,78,26,2
363,1972,PhD,Single,0,8,1970,1,1,38578.0,1,1,22-06-2013,2,38,4,22,3,3,3,3,3,0,3,29,9,2
572,1951,Master,Married,0,7,1950,0,0,27450.0,0,0,15-04-2013,57,37,12,23,8,11,52,1,2,1,3,43,7,0
1893,1974,PhD,Married,0,5,1970,1,0,61917.0,1,1,20-11-2013,83,46,4,36,2,2,1,1,2,0,4,42,7,2
111,1962,Graduation,Single,0,6,1960,1,0,50785.0,1,1,10-09-2013,27,64,1,21,0,1,27,2,2,1,3,22,8,2
1987,1955,Graduation,Married,0,5,1950,1,0,67225.0,0,1,26-11-2013,4,315,35,322,46,7,143,3,7,2,11,403,23,1
120,1965,2n Cycle,Married,0,1,1960,0,0,71488.0,0,0,18-02-2013,87,162,33,124,40,28,172,2,3,4,7,197,16,0
1634,1985,2n Cycle,Single,0,7,1980,1,0,41473.0,1,0,19-06-2013,80,21,8,20,15,3,9,1,2,0,3,43,6,1
1266,1973,2n Cycle,Married,0,5,1970,1,0,43050.0,1,0,18-03-2014,10,30,5,24,6,3,8,2,2,0,4,35,8,1
415,1986,Graduation,Married,0,1,1980,0,3,92910.0,0,0,24-04-2014,42,551,137,792,179,103,33,1,6,7,13,1108,27,0
2028,1969,Graduation,Married,0,8,1960,1,0,25293.0,1,0,15-09-2013,51,15,0,11,0,2,9,1,1,1,2,11,5,1
1941,1974,PhD,Divorced,0,9,1970,1,1,25509.0,1,0,18-09-2012,15,40,3,30,10,7,11,3,3,0,3,43,9,1
1618,1967,Graduation,Divorced,0,6,1960,0,1,57136.0,0,0,18-05-2013,18,267,140,599,34,12,127,1,7,5,7,773,20,0
1205,1971,Graduation,Divorced,0,8,1970,1,0,44421.0,1,1,15-02-2013,53,110,5,59,7,1,7,5,5,0,4,71,14,2
65,1970,Graduation,Married,0,5,1970,1,0,74854.0,1,2,08-04-2013,90,856,59,487,58,29,73,7,2,5,5,604,19,3
1751,1959,Graduation,Married,0,7,1950,1,0,71232.0,0,1,28-11-2013,91,653,17,170,34,26,17,2,11,2,10,221,25,1
1952,1960,Graduation,Married,0,8,1960,1,0,13672.0,1,1,17-04-2013,86,6,2,9,2,1,5,2,1,0,3,13,6,2
553,1963,PhD,Divorced,0,3,1960,1,0,48799.0,0,1,05-11-2013,9,174,18,81,28,6,24,3,3,2,7,127,15,1
893,1963,PhD,Divorced,0,8,1960,1,1,52278.0,0,1,25-01-2013,24,953,0,71,0,0,174,6,10,5,10,71,31,1
549,1978,Graduation,Married,0,5,1970,1,0,33039.0,1,0,09-09-2013,4,30,8,12,8,8,12,1,2,0,4,28,7,1
1629,1958,PhD,Single,0,6,1950,1,0,50729.0,1,1,02-05-2013,62,239,13,143,45,4,52,9,6,2,7,201,24,2
2065,1955,Graduation,Divorced,0,7,1950,1,0,58275.0,1,1,02-06-2013,48,189,10,253,56,43,64,6,8,2,7,319,23,2
701,1970,Graduation,Divorced,0,6,1970,1,0,58710.0,0,1,31-03-2013,77,440,81,368,0,122,174,6,11,5,9,449,31,1
1422,1972,Graduation,Married,0,5,1970,1,0,46053.0,1,0,17-02-2013,46,56,10,92,19,7,25,3,3,2,4,121,12,1
1825,1985,Graduation,Married,0,7,1980,1,0,54006.0,1,0,18-09-2012,42,174,77,203,6,24,97,2,8,1,7,286,18,1
1600,1947,PhD,Married,0,4,1940,1,0,73059.0,0,1,31-08-2013,36,410,112,420,0,82,71,1,9,3,13,532,26,1
2039,1988,Graduation,Married,0,4,1980,0,0,68487.0,0,0,13-01-2013,48,758,12,385,33,89,89,1,9,7,13,430,30,0
558,1970,Graduation,Married,0,7,1970,1,0,38200.0,1,1,07-12-2012,19,12,0,4,0,0,1,1,1,0,2,4,4,2
1047,1966,Graduation,Married,0,3,1960,1,0,70713.0,0,1,03-12-2012,23,736,114,279,82,76,190,6,5,6,8,475,25,1
877,1972,PhD,Single,0,6,1970,1,0,55260.0,0,1,12-12-2012,81,825,8,53,11,0,242,2,8,10,5,72,25,1
432,1989,Graduation,Single,0,8,1980,1,0,30279.0,1,0,30-12-2012,13,10,4,14,4,4,1,1,1,0,3,22,5,1
2183,1967,Graduation,Married,0,5,1960,1,0,61223.0,0,1,13-06-2013,46,709,43,182,42,118,247,2,9,3,4,267,18,1
1221,1968,Graduation,Married,0,5,1960,1,0,40521.0,1,1,05-04-2013,82,12,0,5,0,0,4,1,0,1,2,5,4,2
1682,1966,Graduation,Married,0,3,1960,0,1,80398.0,0,0,10-11-2012,92,342,51,936,207,35,26,1,5,8,12,1194,26,0
1204,1955,Master,Married,0,7,1950,1,0,38452.0,1,1,30-03-2014,62,56,0,14,0,0,2,3,3,0,3,14,9,2
56,1982,Master,Single,0,1,1980,0,3,75777.0,0,0,04-07-2013,12,712,26,538,69,13,80,1,3,6,11,633,21,0
1348,1975,Graduation,Single,0,5,1970,1,0,56243.0,1,2,30-12-2013,26,347,0,35,4,3,7,6,4,2,8,39,20,3
1690,1983,PhD,Married,0,3,1980,0,4,92491.0,0,0,01-05-2013,71,979,44,935,29,25,22,1,7,5,12,1008,25,0
1908,1951,Graduation,Divorced,0,3,1950,0,0,70792.0,0,0,06-02-2013,82,344,45,654,104,11,114,2,3,4,10,803,19,0
1000,1966,Master,Married,0,5,1960,1,0,33564.0,0,1,24-06-2014,51,61,0,3,0,0,7,1,1,1,3,3,6,1
2004,1970,Graduation,Single,0,6,1970,1,1,76467.0,1,0,17-08-2012,44,676,161,426,210,44,58,2,2,5,5,797,14,1
1856,1989,Master,Married,0,1,1980,0,3,88420.0,0,0,02-05-2014,87,957,153,612,99,95,153,1,4,7,8,864,20,0
1084,1974,2n Cycle,Married,0,5,1970,1,1,65463.0,1,0,30-01-2014,17,391,32,70,21,32,16,2,6,2,9,123,19,1
733,1972,PhD,Married,0,2,1970,0,0,83443.0,0,0,31-12-2013,89,518,42,742,55,56,84,1,6,10,5,839,22,0
200,1966,Graduation,Married,0,6,1960,1,0,44794.0,0,1,08-06-2014,99,54,0,7,0,0,4,1,2,0,3,7,6,1
304,1966,Graduation,Married,0,4,1960,1,0,54198.0,1,1,17-12-2013,13,185,0,28,3,2,17,6,3,1,6,31,16,2
1896,1968,Master,Married,0,7,1960,1,0,29543.0,2,0,01-04-2014,47,17,3,18,3,4,18,2,3,1,2,24,8,2
569,1974,PhD,Married,0,6,1970,1,1,45207.0,1,1,10-11-2012,64,203,0,10,0,0,2,5,3,1,6,10,15,2
936,1965,Graduation,Married,0,5,1960,1,1,59754.0,0,1,01-12-2012,96,115,27,44,4,146,139,3,5,2,6,75,16,1
270,1981,Basic,Married,0,7,1980,1,0,24480.0,1,0,11-02-2013,46,4,19,9,28,25,17,3,3,0,4,56,10,1
1206,1986,PhD,Married,0,5,1980,1,0,38197.0,1,0,29-06-2013,86,23,0,11,2,1,3,1,1,0,3,13,5,1
906,1978,Graduation,Married,0,2,1970,0,1,77583.0,0,0,10-02-2014,93,372,23,384,250,12,108,1,4,5,9,657,19,0
1086,1954,Graduation,Divorced,0,1,1950,0,0,76773.0,0,0,25-02-2013,79,516,56,449,86,33,16,1,2,2,11,591,16,0
613,1975,Graduation,Single,0,3,1970,1,0,84196.0,0,1,03-06-2013,56,215,63,507,231,31,190,1,8,4,7,801,20,1
880,1974,PhD,Married,0,6,1970,1,0,37087.0,1,0,11-08-2013,50,194,55,134,15,0,3,3,4,2,8,204,17,1
919,1975,PhD,Divorced,0,6,1970,1,0,60554.0,1,0,09-08-2013,8,588,7,76,110,15,15,2,8,4,9,193,23,1
1551,1947,Master,Married,0,1,1940,0,0,78093.0,0,0,11-12-2013,53,368,32,639,13,43,10,1,4,7,5,684,17,0
1279,1976,Graduation,Married,0,8,1970,1,0,50200.0,1,1,03-04-2013,70,266,6,51,8,6,64,6,7,1,5,65,19,2
671,1989,PhD,Married,0,1,1980,0,2,77845.0,0,0,16-05-2014,40,760,40,480,0,40,26,1,3,5,12,520,21,0
1712,1947,Graduation,Married,0,4,1940,0,1,70321.0,0,0,16-01-2013,6,303,23,751,82,26,191,1,6,5,13,856,25,0
982,1954,Graduation,Single,0,4,1950,1,2,36130.0,0,1,02-02-2013,46,157,43,127,68,56,37,6,3,8,4,238,21,1
1454,1980,Graduation,Married,0,7,1980,1,0,19107.0,1,0,22-08-2013,49,2,4,9,10,5,16,2,1,0,3,23,6,1
241,1975,Master,Single,0,8,1970,1,0,31160.0,1,0,16-09-2013,59,16,3,25,6,1,13,2,2,0,3,34,7,1
165,1982,Graduation,Married,0,8,1980,1,0,28718.0,1,0,13-07-2013,78,12,4,6,11,8,16,2,2,0,3,21,7,1
1579,1964,PhD,Married,0,2,1960,1,0,65526.0,0,1,11-04-2014,22,397,19,69,12,0,9,1,4,4,8,100,17,1
527,1952,2n Cycle,Married,0,2,1950,1,0,57247.0,0,1,08-08-2013,50,99,4,32,37,54,6,2,2,1,7,73,12,1
134,1965,PhD,Divorced,0,7,1960,1,0,36921.0,1,1,28-07-2013,74,17,1,12,3,1,4,2,2,0,3,16,7,2
1241,1970,Graduation,Married,0,7,1970,1,0,19656.0,1,0,08-02-2013,94,25,4,9,6,8,32,3,2,1,3,19,9,1
1426,1965,PhD,Married,0,8,1960,0,0,32727.0,0,0,28-08-2012,38,167,13,180,86,13,70,2,7,3,5,279,17,0
1112,1962,PhD,Divorced,0,1,1960,0,1,85696.0,0,0,03-05-2013,88,714,76,395,116,0,12,1,4,6,9,587,20,0
1823,1976,Master,Married,0,7,1970,0,0,21024.0,0,0,04-07-2013,89,36,4,18,6,2,18,1,2,0,4,28,7,0
1739,1974,PhD,Divorced,0,9,1970,1,1,25509.0,1,0,18-09-2012,15,40,3,30,10,7,11,3,3,0,3,43,9,1
557,1979,Graduation,Single,0,6,1970,1,0,47691.0,0,1,05-07-2013,43,14,0,3,0,0,4,1,1,0,2,3,4,1
1388,1966,Basic,Married,0,8,1960,0,0,22634.0,0,0,16-01-2013,47,2,23,11,8,6,46,1,2,1,2,42,6,0
484,1962,Master,Divorced,0,5,1960,1,0,59432.0,0,1,13-04-2013,88,317,25,265,25,19,12,3,5,3,11,315,22,1
2022,1948,Graduation,Married,0,4,1940,0,0,42192.0,0,0,06-09-2013,40,40,15,15,17,6,7,1,2,1,3,47,7,0
1362,1972,Master,Married,0,5,1970,1,0,53761.0,1,1,11-10-2013,7,158,0,76,13,7,71,6,4,4,3,89,17,2
258,1970,Graduation,Married,0,1,1970,0,0,72940.0,0,0,19-06-2013,13,182,74,298,162,149,116,1,3,3,6,534,13,0
1506,1989,Graduation,Single,0,8,1980,1,0,9255.0,1,0,20-12-2013,91,9,0,7,2,0,4,1,1,1,2,9,5,1
17,1949,Master,Married,0,5,1940,1,1,76995.0,0,1,28-03-2013,91,1012,80,498,0,16,176,2,11,4,9,578,26,1
353,1967,Graduation,Married,0,7,1960,1,0,51479.0,1,1,28-12-2012,67,247,8,160,6,8,65,7,6,3,6,174,22,2
785,1944,PhD,Single,0,2,1940,0,0,82716.0,0,0,05-11-2013,8,606,148,228,15,148,22,1,6,8,13,391,28,0
672,1969,PhD,Married,0,2,1960,0,0,69476.0,0,0,30-09-2013,3,260,86,559,63,9,67,1,4,6,4,708,15,0
2029,1987,PhD,Single,0,5,1980,0,1,42000.0,0,0,10-01-2013,23,124,83,267,85,59,35,2,5,2,11,435,20,0
713,1949,PhD,Divorced,0,5,1940,1,0,35946.0,1,1,27-09-2013,24,8,0,3,0,0,0,1,0,0,3,3,4,2
425,1966,Graduation,Divorced,0,5,1960,1,0,67272.0,0,1,21-12-2013,12,357,35,271,28,28,14,3,6,2,12,334,23,1
1863,1950,PhD,Married,0,3,1950,1,0,59292.0,0,1,13-06-2013,71,378,14,68,19,14,14,2,3,5,8,101,18,1
1898,1975,2n Cycle,Married,0,7,1970,1,0,34984.0,1,1,06-09-2012,40,8,4,15,3,5,3,2,1,0,3,22,6,2
1909,1982,Graduation,Married,0,2,1980,0,1,63211.0,0,0,02-11-2012,3,145,193,459,205,26,145,2,3,8,7,857,20,0
984,1952,Graduation,Married,0,1,1950,0,1,83844.0,0,0,12-05-2013,57,901,31,345,75,31,191,1,4,4,11,451,20,0
1711,1945,PhD,Single,0,8,1940,0,1,45576.0,0,0,28-05-2014,9,56,19,29,2,14,25,1,3,1,3,50,8,0
870,1962,Graduation,Married,0,8,1960,1,0,51195.0,1,1,01-04-2013,46,230,14,156,82,24,58,8,9,2,5,252,24,2
1916,1976,PhD,Married,0,8,1970,0,1,72335.0,0,0,13-08-2012,2,1285,105,653,28,21,0,1,10,4,8,786,23,0
406,1994,Graduation,Married,0,5,1990,0,4,80134.0,0,0,14-02-2014,11,966,26,282,52,26,26,1,2,7,11,360,21,0
615,1977,PhD,Divorced,0,9,1970,1,0,34487.0,1,1,06-09-2012,94,19,18,33,24,1,8,3,3,0,3,75,9,2
861,1978,2n Cycle,Married,0,9,1970,1,0,17117.0,1,0,17-01-2013,96,12,23,38,30,18,7,4,3,1,3,91,11,1
1918,1976,Graduation,Married,0,6,1970,1,0,29478.0,1,0,17-01-2014,59,8,0,7,3,1,1,1,1,0,3,10,5,1
834,1957,2n Cycle,Married,0,3,1950,0,2,82347.0,0,0,06-11-2012,38,556,54,845,202,133,63,1,7,7,10,1101,25,0
169,1975,PhD,Married,0,5,1970,1,0,80427.0,0,1,12-09-2012,56,1149,71,449,69,71,26,1,11,8,8,589,28,1
1948,1956,Graduation,Married,0,2,1950,1,0,58116.0,0,1,13-04-2014,38,228,19,130,4,11,51,2,3,3,8,153,16,1
1116,1989,Graduation,Married,0,5,1980,1,0,37155.0,1,0,31-01-2013,51,23,0,26,7,15,3,1,2,0,4,33,7,1
1412,1952,Graduation,Married,0,8,1950,1,0,33402.0,1,1,18-07-2013,60,26,2,19,10,5,8,3,2,1,3,31,9,2
1281,1982,Graduation,Married,0,6,1980,0,5,65169.0,0,0,14-01-2014,23,1074,0,69,0,0,46,1,10,4,13,69,28,0
1796,1975,Master,Married,0,9,1970,1,1,22669.0,1,0,22-05-2013,30,16,14,36,37,22,48,3,4,1,2,87,10,1
816,1967,Graduation,Married,0,8,1960,1,0,35441.0,1,1,14-02-2013,94,25,1,9,2,1,1,2,1,0,3,12,6,2
1071,1979,Graduation,Single,0,4,1970,1,0,61825.0,0,1,07-08-2013,56,162,50,100,55,30,27,1,4,2,8,205,15,1
2109,1964,2n Cycle,Divorced,0,6,1960,1,0,41713.0,1,1,29-04-2014,57,77,8,44,10,10,25,5,3,1,4,62,13,2
993,1965,2n Cycle,Married,0,3,1960,0,1,70924.0,0,0,07-04-2014,41,635,114,254,132,152,76,1,6,6,7,500,20,0
774,1950,Graduation,Single,0,7,1950,0,1,16813.0,0,0,19-07-2013,49,4,8,11,12,2,13,1,2,0,3,31,6,0
1070,1965,PhD,Married,0,3,1960,1,0,57236.0,1,1,12-03-2014,22,105,0,9,2,1,4,3,2,1,4,11,10,2
761,1971,Graduation,Single,0,2,1970,1,0,72258.0,0,1,12-09-2013,28,522,0,522,227,120,134,2,6,9,5,749,22,1
107,1991,PhD,Single,0,9,1990,0,2,68126.0,0,0,10-11-2012,40,1332,17,311,23,51,86,1,7,4,5,351,17,0
1543,1986,Master,Married,0,7,1980,1,0,27161.0,1,0,28-10-2013,41,7,4,23,7,0,11,1,1,0,3,34,5,1
1535,1952,Graduation,Single,0,5,1950,1,0,47958.0,0,1,19-01-2013,8,268,11,88,15,3,22,2,6,3,5,114,16,1
389,1956,2n Cycle,Divorced,0,6,1950,1,0,31395.0,1,1,23-03-2013,80,23,1,25,0,8,7,4,2,1,3,26,10,2
75,1965,Graduation,Married,0,8,1960,0,2,56046.0,0,0,02-01-2013,9,577,0,64,0,0,51,2,10,1,8,64,21,0
547,1970,2n Cycle,Married,0,5,1970,0,0,15315.0,0,0,03-08-2013,27,7,4,13,15,8,17,2,2,0,4,32,8,0
1347,1960,Graduation,Single,0,8,1960,1,0,48904.0,0,1,02-12-2012,1,283,10,38,0,13,27,4,7,2,4,48,17,1
913,1989,Basic,Married,0,8,1980,1,0,25443.0,1,0,22-12-2012,82,1,4,3,8,9,7,1,1,0,3,15,5,1
1338,1976,Graduation,Single,0,6,1970,1,0,47025.0,0,1,07-11-2013,52,254,7,108,20,0,26,3,6,3,5,135,17,1
772,1945,Master,Married,0,2,1940,0,0,62847.0,0,0,15-01-2013,45,521,168,706,80,76,61,1,3,6,4,954,14,0
1914,1976,Graduation,Married,0,3,1970,1,0,56939.0,0,1,18-09-2013,19,256,34,103,90,29,49,2,3,3,10,227,18,1
1004,1987,Basic,Single,0,9,1980,1,0,15038.0,1,0,29-01-2013,93,4,8,11,19,12,26,2,2,1,2,38,7,1
1036,1949,Master,Married,0,8,1940,1,1,62845.0,1,1,01-10-2012,3,1099,0,45,0,0,34,11,3,4,10,45,28,2
1252,1978,Graduation,Divorced,0,3,1970,0,1,71847.0,0,0,21-09-2012,95,737,21,106,55,63,210,0,6,7,9,182,22,0
447,1952,Graduation,Married,0,2,1950,1,0,50300.0,0,1,25-05-2014,52,143,15,60,24,23,5,2,2,1,8,99,13,1
1815,1988,Graduation,Single,0,8,1980,1,0,25008.0,1,0,02-02-2014,72,2,8,8,6,1,9,2,1,0,3,22,6,1
1463,1988,Graduation,Married,0,4,1980,0,4,87679.0,0,0,27-07-2013,62,1259,172,815,97,148,33,1,7,11,10,1084,29,0
1208,1983,Graduation,Married,0,8,1980,1,0,28427.0,1,0,21-03-2013,67,18,3,19,3,3,6,2,2,0,3,25,7,1
2046,1974,Master,Divorced,0,7,1970,1,1,53367.0,1,1,31-08-2013,2,229,7,140,10,3,11,7,5,1,8,157,21,2
87,1957,Graduation,Single,0,7,1950,1,0,51222.5,1,1,27-05-2014,45,7,0,8,2,0,1,1,1,0,2,10,4,2
76,1985,Graduation,Single,0,8,1980,1,0,29760.0,1,0,29-08-2012,87,64,4,68,7,5,17,4,3,1,4,79,12,1
40,1959,PhD,Single,0,2,1950,0,0,51222.5,0,0,05-11-2013,80,81,11,50,3,2,39,1,1,3,4,64,9,0
1429,1972,Graduation,Married,0,6,1970,1,0,26290.0,1,1,12-01-2013,49,15,8,16,11,5,22,4,2,0,4,35,10,2
335,1965,Graduation,Married,0,6,1960,1,0,44300.0,1,1,23-06-2013,65,30,0,9,0,0,3,2,1,0,3,9,6,2
1709,1964,Graduation,Married,0,6,1960,1,1,55761.0,0,1,24-04-2014,97,136,1,12,0,3,32,2,4,1,3,13,10,1
525,1967,Graduation,Married,0,5,1960,1,0,44931.0,0,1,18-01-2014,0,78,0,11,0,0,7,1,2,1,3,11,7,1
1039,1973,PhD,Divorced,0,5,1970,1,1,35860.0,1,1,19-05-2014,37,15,0,8,4,2,20,2,1,1,2,12,6,2
771,1976,Graduation,Divorced,0,9,1970,1,0,40780.0,0,1,08-09-2012,30,229,27,71,13,3,34,4,7,1,5,111,17,1
1722,1949,PhD,Divorced,0,8,1940,1,2,51569.0,0,1,12-02-2013,39,380,0,47,6,0,34,4,7,1,7,53,19,1
683,1973,Graduation,Divorced,0,4,1970,1,0,78901.0,0,1,17-09-2013,99,321,11,309,33,26,34,3,9,3,5,353,20,1
1708,1971,PhD,Married,0,8,1970,1,0,42403.0,1,0,11-12-2013,18,22,1,11,0,5,3,1,1,0,3,12,5,1
194,1968,Graduation,Single,0,1,1960,0,0,75922.0,0,0,09-12-2013,60,265,138,553,224,23,92,1,4,4,9,915,18,0
1057,1971,Graduation,Married,0,9,1970,1,1,36715.0,1,0,17-11-2012,16,172,10,125,21,13,16,6,7,2,4,156,19,1
702,1958,Graduation,Single,0,7,1950,1,0,45160.0,1,1,29-03-2014,9,8,2,5,3,0,3,1,1,0,2,10,4,2
2094,1971,Graduation,Married,0,6,1970,1,0,35788.0,1,1,23-01-2014,34,23,2,11,3,1,4,2,2,0,3,16,7,2
1585,1984,Graduation,Married,0,4,1980,1,0,55434.0,1,0,05-10-2013,21,238,115,215,169,69,76,3,5,3,13,499,24,1
464,1956,Graduation,Married,0,5,1950,1,0,62503.0,0,1,18-02-2013,40,478,0,193,110,75,117,4,8,3,11,303,26,1
1335,1950,2n Cycle,Married,0,6,1950,0,0,52203.0,0,0,31-07-2012,36,488,21,238,56,108,28,1,8,7,11,315,27,0
1915,1951,Graduation,Single,0,1,1950,0,0,80872.0,0,0,12-05-2014,60,483,72,567,94,12,108,1,4,4,10,733,19,0
705,1984,PhD,Married,0,7,1980,1,0,18988.0,1,0,23-05-2014,43,6,0,6,2,1,1,2,1,0,3,8,6,1
47,1964,Master,Married,0,3,1960,0,0,79143.0,0,0,11-08-2012,2,650,37,780,27,167,32,1,6,9,13,844,29,0
607,1961,PhD,Married,0,6,1960,1,0,54456.0,0,1,11-07-2013,23,352,0,27,10,0,15,3,6,1,7,37,17,1
1559,1987,Graduation,Married,0,3,1980,0,1,75794.0,0,0,24-12-2013,33,754,160,625,63,32,48,1,7,5,12,848,25,0
1847,1968,PhD,Divorced,0,7,1960,1,0,50616.0,0,1,18-04-2014,56,128,0,16,0,1,4,2,4,0,4,16,10,1
421,1967,2n Cycle,Married,0,7,1960,1,0,67309.0,1,1,23-01-2013,76,515,47,181,149,95,95,15,9,6,9,377,39,2
970,1981,Master,Married,0,9,1980,1,1,42021.0,1,0,31-08-2012,34,393,5,136,7,5,27,5,10,1,6,148,22,1
6,1971,Graduation,Divorced,0,6,1970,1,0,55635.0,0,1,13-11-2012,34,235,65,164,50,49,27,4,7,3,7,279,21,1
108,1963,Master,Married,0,6,1960,1,1,57288.0,0,1,25-06-2014,27,527,0,21,0,0,60,3,8,1,8,21,20,1
341,1966,PhD,Single,0,3,1960,0,1,69759.0,0,0,28-10-2013,38,452,20,514,13,30,0,3,4,6,5,547,18,0
1195,1986,Basic,Single,0,8,1980,1,0,8940.0,1,0,22-08-2012,25,1,45,3,4,6,42,3,3,1,3,52,10,1
813,1992,Graduation,Single,0,6,1990,0,0,48789.0,0,0,10-09-2012,94,351,16,156,7,5,145,1,6,4,7,179,18,0
508,1944,Master,Married,0,3,1940,0,2,80184.0,0,0,01-03-2014,19,1035,134,670,25,38,0,1,6,3,10,829,20,0
576,1961,Master,Married,0,2,1960,1,0,61794.0,0,1,14-09-2013,74,264,47,188,54,47,11,2,4,4,10,289,20,1
236,1964,PhD,Married,0,6,1960,1,0,31686.0,1,1,05-06-2014,31,11,0,5,0,0,1,2,1,0,3,5,6,2
480,1976,Graduation,Divorced,0,8,1970,1,0,46310.0,1,0,03-12-2012,99,185,2,88,15,5,14,2,6,1,5,105,14,1
2125,1975,Graduation,Married,0,4,1970,1,0,60934.0,0,1,17-01-2014,41,224,155,155,192,93,54,2,6,4,11,502,23,1
1554,1987,Graduation,Divorced,0,1,1980,0,1,81361.0,0,0,25-02-2014,18,163,23,424,27,65,76,1,3,10,13,474,27,0
808,1954,Graduation,Married,0,5,1950,1,2,93404.0,1,2,07-05-2013,97,1279,15,287,20,0,15,3,3,4,7,322,17,3
1043,1965,2n Cycle,Divorced,0,6,1960,1,0,64176.0,0,1,03-08-2012,52,1215,33,249,64,116,149,8,8,9,8,346,33,1
370,1985,Graduation,Married,0,7,1980,1,0,19986.0,1,0,14-11-2013,74,3,6,5,0,2,6,1,0,0,3,11,4,1
2170,1979,Graduation,Married,0,4,1970,1,0,58025.0,0,1,26-11-2013,81,270,31,88,11,48,22,3,3,2,10,130,18,1
1785,1956,Graduation,Married,0,5,1950,1,0,50387.0,0,2,31-08-2013,91,369,9,87,12,14,34,3,6,2,8,108,19,2
442,1980,2n Cycle,Married,0,3,1980,1,0,70829.0,1,1,01-12-2013,87,141,70,106,72,19,23,2,4,2,8,248,16,2
1231,1975,Graduation,Married,0,2,1970,1,0,74190.0,0,1,12-05-2014,49,151,81,86,168,91,64,2,4,2,11,335,19,1
102,1964,Graduation,Married,0,7,1960,1,0,49096.0,1,1,24-09-2013,15,144,1,32,2,1,7,4,4,1,4,35,13,2
1595,1952,PhD,Married,0,7,1950,1,0,54549.0,0,1,03-03-2014,8,216,2,6,0,0,9,2,5,1,4,8,12,1
1549,1976,Master,Single,0,7,1970,1,0,60482.0,0,1,23-01-2013,81,255,43,134,37,14,24,1,7,2,7,214,17,1
900,1955,PhD,Married,0,7,1950,1,2,46015.0,1,1,13-04-2014,25,38,0,2,0,0,6,1,1,0,3,2,5,2
2100,1960,Master,Married,0,5,1960,1,0,41275.0,1,2,24-03-2014,33,24,4,22,0,2,9,4,3,1,3,26,11,3
306,1972,Graduation,Married,0,7,1970,1,0,40321.0,1,1,29-07-2013,59,44,4,21,6,0,27,2,3,0,3,31,8,2
453,1975,Graduation,Married,0,7,1970,1,0,33183.0,1,0,24-02-2014,46,7,5,39,17,15,37,2,4,0,3,61,9,1
1196,1973,Graduation,Married,0,8,1970,1,0,26228.0,1,0,22-09-2013,50,2,6,4,3,1,9,1,1,0,2,13,4,1
1274,1953,Graduation,Married,0,2,1950,0,4,94384.0,0,0,04-03-2013,62,1111,24,790,160,45,172,0,5,8,5,974,18,0
2136,1957,2n Cycle,Married,0,4,1950,1,0,53233.0,0,1,18-03-2014,18,28,0,9,3,0,0,1,1,0,3,12,5,1
1828,1979,Graduation,Single,0,4,1970,1,0,61825.0,0,1,07-08-2013,56,162,50,100,55,30,27,1,4,2,8,205,15,1
888,1971,Graduation,Divorced,0,7,1970,1,0,45684.0,1,0,02-12-2013,37,5,1,5,10,0,7,1,1,0,2,16,4,1
2103,1958,Master,Married,0,7,1950,1,0,49572.0,1,1,15-12-2013,25,35,1,16,0,1,1,2,2,0,3,17,7,2
1558,1980,Graduation,Married,0,7,1980,1,0,34968.0,1,0,10-04-2013,11,158,6,45,8,2,2,7,3,2,5,59,17,1
1899,1956,PhD,Single,0,4,1950,1,1,54998.0,0,1,10-03-2013,3,154,22,202,39,30,8,5,4,2,9,263,20,1
1419,1957,Graduation,Married,0,8,1950,1,1,52852.0,0,1,01-12-2012,93,714,8,99,11,0,47,4,10,7,5,118,26,1
1842,1958,Graduation,Married,0,1,1950,0,1,72905.0,0,0,21-01-2014,52,407,114,445,181,165,203,1,3,7,9,740,20,0
1005,1958,PhD,Divorced,0,4,1950,1,0,32173.0,0,1,01-08-2013,0,18,0,2,0,0,2,1,1,0,3,2,5,1
1276,1970,Graduation,Divorced,0,9,1970,1,0,44267.0,1,1,25-02-2013,48,183,5,65,3,5,49,5,5,2,4,73,16,2
1414,1979,Graduation,Married,0,9,1970,1,1,21645.0,1,0,03-09-2012,75,14,0,23,4,5,19,3,3,0,3,27,9,1
1833,1984,Graduation,Single,0,6,1980,1,0,34738.0,1,0,11-05-2014,51,3,2,10,3,0,2,1,1,0,3,15,5,1
2067,1953,Graduation,Married,0,4,1950,1,0,34587.0,1,1,16-05-2014,68,7,2,9,2,0,2,2,1,0,3,13,6,2
428,1986,2n Cycle,Married,0,8,1980,1,0,7500.0,1,0,07-02-2013,96,1,11,5,4,6,9,2,2,0,3,20,7,1
1642,1955,2n Cycle,Married,0,3,1950,0,1,72635.0,0,0,03-06-2013,54,390,22,323,104,35,107,1,6,8,6,449,21,0
2052,1956,Graduation,Single,0,6,1950,1,0,54252.0,1,1,28-05-2013,25,178,4,26,8,4,44,5,4,1,5,38,15,2
1226,1967,PhD,Married,0,6,1960,1,2,77766.0,0,1,22-02-2013,97,1004,59,265,115,59,27,2,11,10,11,439,34,1
1343,1960,2n Cycle,Married,0,6,1960,1,0,50523.0,1,1,25-12-2013,89,51,4,24,4,7,1,2,2,0,4,32,8,2
898,1954,2n Cycle,Single,0,3,1950,1,0,42607.0,0,1,17-11-2013,30,156,29,56,30,32,47,2,3,2,7,115,14,1
972,1954,Graduation,Divorced,0,3,1950,1,0,64587.0,1,1,22-06-2014,49,66,0,16,0,6,20,2,1,1,4,16,8,2
2056,1949,PhD,Married,0,3,1940,1,0,67911.0,0,1,22-05-2014,63,529,0,356,63,28,0,3,6,7,11,419,27,1
725,1950,PhD,Single,0,5,1950,1,0,48767.0,1,2,01-01-2014,79,28,1,21,3,0,10,3,2,1,3,25,9,3
1604,1948,PhD,Married,0,5,1940,1,0,46681.0,0,2,08-10-2013,52,269,15,69,15,19,38,2,4,6,4,99,16,2
1438,1953,Graduation,Married,0,8,1950,1,0,50725.0,0,1,13-02-2013,45,443,10,75,0,10,48,4,8,1,8,85,21,1
1786,1961,PhD,Married,0,7,1960,1,0,32583.0,1,1,15-06-2014,10,5,0,3,0,0,1,1,1,0,2,3,4,2
596,1975,Basic,Married,0,7,1970,1,0,30801.0,0,1,26-10-2012,23,8,4,5,15,2,11,2,1,0,3,24,6,1
140,1976,Graduation,Married,0,8,1970,1,0,59809.0,0,2,18-10-2012,36,598,16,141,32,41,49,3,3,3,6,189,15,2
242,1985,Graduation,Single,0,6,1980,1,0,29938.0,1,0,27-10-2013,52,3,3,7,0,2,11,2,1,0,3,10,6,1
767,1986,Basic,Married,0,7,1980,1,0,20425.0,1,0,29-10-2012,5,4,12,5,3,16,17,2,2,0,3,20,7,1
181,1966,Graduation,Married,0,5,1960,1,0,61286.0,0,1,02-08-2013,34,356,0,107,19,9,117,2,7,1,8,126,18,1
1822,1951,Master,Single,0,6,1950,1,0,58217.0,2,1,17-11-2012,84,68,1,13,3,5,13,1,2,0,4,17,7,3
161,1959,Graduation,Divorced,0,4,1950,0,1,52332.0,0,0,28-08-2013,63,212,5,33,7,0,2,1,3,2,6,45,12,0
820,1980,2n Cycle,Single,0,6,1980,1,0,45889.0,0,1,02-07-2013,42,31,0,6,0,1,8,1,1,0,3,6,5,1
1475,1955,PhD,Single,0,8,1950,0,2,49667.0,0,0,20-08-2012,35,1181,26,120,17,13,39,2,5,10,5,163,22,0
2161,1955,2n Cycle,Divorced,0,8,1950,1,0,41769.0,0,1,13-02-2013,31,302,29,131,32,0,27,6,8,1,7,192,22,1
1336,1977,2n Cycle,Divorced,0,8,1970,1,1,59601.0,0,1,25-07-2013,14,691,7,69,0,7,23,4,2,2,7,76,15,1
1044,1956,Graduation,Divorced,0,8,1950,0,0,22304.0,0,0,04-08-2012,91,3,2,7,0,4,2,1,1,0,2,9,4,0
1065,1958,PhD,Single,0,2,1950,0,1,71691.0,0,0,17-03-2014,0,336,130,411,240,32,43,1,4,7,5,781,17,0
2003,1973,Graduation,Married,0,4,1970,0,2,65308.0,0,0,11-09-2013,60,713,0,264,120,80,34,1,7,8,12,384,28,0
1516,1987,2n Cycle,Married,0,6,1980,0,0,30390.0,0,0,02-09-2013,5,10,12,12,25,1,20,1,2,0,3,49,6,0
303,1976,Master,Single,0,3,1970,0,0,70893.0,0,0,06-02-2013,42,768,44,561,77,44,14,1,6,6,10,682,23,0
1097,1973,Master,Divorced,0,7,1970,1,0,52034.0,1,1,17-05-2013,67,146,0,93,7,13,73,5,4,2,5,100,16,2
1733,1986,2n Cycle,Married,0,6,1980,1,0,21955.0,1,0,07-09-2013,81,5,1,7,17,14,11,2,2,1,3,25,8,1
1608,1969,Graduation,Married,0,5,1960,1,0,44078.0,1,1,19-06-2014,17,24,1,10,2,0,4,2,2,0,3,13,7,2
619,1970,2n Cycle,Married,0,4,1970,1,0,62466.0,0,1,15-01-2014,13,129,129,259,168,121,83,5,6,3,12,556,26,1
661,1979,Graduation,Single,0,1,1970,0,0,70337.0,0,0,02-01-2014,75,187,81,149,25,43,91,1,2,2,12,255,17,0
268,1986,PhD,Single,0,1,1980,0,2,69867.0,0,0,02-04-2013,30,196,0,512,33,130,54,1,3,5,8,545,17,0
348,1948,PhD,Married,0,5,1940,1,0,46681.0,0,2,08-10-2013,52,269,15,69,15,19,38,2,4,6,4,99,16,2
729,1975,2n Cycle,Married,0,5,1970,1,0,17003.0,1,0,09-12-2013,37,2,5,12,4,8,7,3,2,0,4,21,9,1
1734,1956,Graduation,Married,0,6,1950,1,0,67131.0,0,1,26-03-2013,72,465,71,250,93,35,62,3,9,2,12,414,26,1
1250,1975,Master,Married,0,6,1970,1,1,37368.0,1,0,16-12-2013,4,3,2,11,2,2,10,1,1,0,2,15,4,1
2024,1984,Graduation,Married,0,5,1980,1,0,31761.0,1,0,05-04-2014,96,19,1,20,16,14,28,2,3,0,4,37,9,1
1135,1965,Graduation,Married,0,5,1960,1,0,44375.0,0,1,23-03-2014,73,213,5,28,7,7,41,1,4,1,6,40,12,1
654,1964,PhD,Married,0,5,1960,1,0,59304.0,0,1,29-07-2013,81,418,61,428,80,51,10,3,7,8,10,569,28,1
894,1972,Master,Married,0,7,1970,1,1,35641.0,1,0,14-07-2013,11,63,3,67,8,9,28,2,3,1,4,78,10,1
1479,1971,PhD,Married,0,1,1970,0,0,78931.0,0,0,25-10-2013,19,331,197,170,58,152,35,1,2,8,13,425,24,0
598,1969,Master,Single,0,6,1960,0,0,26877.0,0,0,19-08-2013,74,101,13,76,20,18,40,2,3,1,6,109,12,0
485,1978,Graduation,Divorced,0,3,1970,1,0,55563.0,0,1,05-04-2014,22,29,1,9,2,0,2,1,2,0,3,12,6,1
589,1961,Graduation,Single,0,7,1960,1,0,30081.0,0,1,21-02-2013,27,36,0,2,0,0,4,1,1,0,3,2,5,1
292,1978,PhD,Married,0,4,1970,1,0,46377.0,1,0,01-03-2014,89,37,0,46,4,3,0,1,2,1,3,50,7,1
285,1952,Master,Married,0,8,1950,1,2,55951.0,0,1,23-08-2012,62,1241,0,80,0,13,40,3,3,6,11,80,23,1
1933,1971,Graduation,Married,0,8,1970,1,1,34600.0,1,1,01-01-2013,8,199,33,60,8,3,15,5,5,2,5,101,17,2
177,1984,Master,Married,0,6,1980,1,0,30477.0,1,0,22-01-2014,16,47,1,6,0,0,12,1,1,1,3,7,6,1
535,1964,Graduation,Divorced,0,1,1960,0,1,85620.0,0,0,07-01-2014,68,416,46,925,60,107,46,1,3,6,4,1031,14,0
2089,1969,Graduation,Divorced,0,6,1960,1,1,40590.0,1,1,02-10-2013,30,154,0,50,6,11,37,5,3,4,3,56,15,2
3,1984,Graduation,Married,0,6,1980,1,0,26646.0,1,0,10-02-2014,26,11,4,20,10,3,5,2,2,0,4,34,8,1
1851,1957,PhD,Married,0,4,1950,1,0,44155.0,1,1,19-01-2014,24,22,1,9,0,0,14,1,1,1,2,10,5,2
623,1952,Graduation,Single,0,5,1950,0,0,84574.0,0,0,04-06-2013,72,387,20,713,38,54,163,1,9,11,11,771,32,0
1287,1989,2n Cycle,Married,0,4,1980,1,0,59060.0,1,0,11-01-2014,77,35,40,111,36,40,12,3,3,1,7,187,14,1
1406,1967,Graduation,Divorced,0,7,1960,1,0,70844.0,1,1,30-10-2013,16,129,26,67,3,67,2,5,6,1,5,96,17,2
563,1981,Master,Married,0,8,1980,1,0,36959.0,1,0,02-10-2013,56,25,6,25,6,0,0,2,2,0,3,37,7,1
866,1972,PhD,Single,0,2,1970,0,1,86857.0,0,0,12-09-2012,96,899,102,838,133,102,40,1,5,6,10,1073,22,0
2123,1965,Graduation,Single,0,6,1960,1,1,69263.0,0,1,05-03-2014,14,492,5,32,13,5,21,1,9,1,7,50,18,1
486,1971,PhD,Married,0,6,1970,1,0,78642.0,0,1,21-04-2013,83,1396,0,322,46,35,17,1,4,9,4,368,18,1
275,1974,Graduation,Married,0,7,1970,1,0,30631.0,1,0,12-07-2013,75,15,6,20,4,5,20,1,3,1,2,30,7,1
1215,1984,Basic,Single,0,7,1980,1,0,25707.0,1,0,18-01-2014,18,1,6,2,3,6,3,1,1,0,3,11,5,1
2069,1954,Master,Married,0,7,1950,1,0,45736.0,0,1,24-07-2013,92,188,3,180,20,3,43,5,7,1,6,203,19,1
1163,1962,PhD,Married,0,8,1960,1,0,31497.0,0,1,06-12-2012,22,108,1,28,13,1,4,2,3,1,4,42,10,1
2130,1971,Graduation,Married,0,7,1970,1,1,52914.0,0,1,07-01-2013,32,254,10,44,30,10,227,2,7,3,3,84,15,1
8,1974,PhD,Married,0,9,1970,1,1,30351.0,1,0,06-06-2013,19,14,0,24,3,3,2,1,3,0,2,27,6,1
1285,1965,Master,Married,0,7,1960,1,0,45143.0,0,1,26-08-2013,74,202,5,74,11,5,14,3,6,1,5,90,15,1
1011,1973,Graduation,Married,0,2,1970,0,1,79593.0,0,0,12-05-2014,70,350,60,568,110,133,145,1,5,6,7,738,19,0
48,1977,Graduation,Single,0,7,1970,1,0,35790.0,1,0,02-01-2013,54,12,6,20,30,1,3,2,2,0,3,56,7,1
585,1969,Graduation,Divorced,0,7,1960,1,0,23910.0,1,0,26-10-2012,80,16,12,18,7,1,13,1,2,0,3,37,6,1
1271,1966,Graduation,Married,0,5,1960,1,1,57811.0,0,1,24-06-2013,49,545,7,114,37,21,78,5,7,2,11,158,25,1
1517,1963,Graduation,Single,0,8,1960,0,1,30983.0,0,0,09-11-2012,50,51,4,50,12,1,49,1,4,0,3,66,8,0
186,1988,Graduation,Married,0,8,1980,1,0,38872.0,1,0,30-05-2013,93,23,3,21,3,19,22,2,3,0,3,27,8,1
1661,1985,PhD,Married,0,8,1980,1,0,18169.0,1,0,19-02-2013,40,9,0,5,0,0,7,1,1,0,2,5,4,1
920,1952,2n Cycle,Single,0,6,1950,1,0,64831.0,1,1,10-06-2013,51,480,86,249,75,86,144,8,6,3,5,410,22,2
1578,1973,Master,Married,0,6,1970,1,0,60432.0,0,1,09-03-2014,61,365,3,15,4,3,11,5,7,2,5,22,19,1
301,1967,Graduation,Married,0,7,1960,1,0,22574.0,2,1,28-10-2013,28,25,0,8,2,0,2,2,2,0,3,10,7,3
1130,1963,PhD,Single,0,7,1960,1,0,23091.0,1,1,28-05-2014,98,35,0,11,0,0,2,4,2,1,3,11,10,2
730,1995,Graduation,Single,0,1,1990,0,0,71163.0,0,0,09-03-2014,30,283,17,372,138,106,44,1,3,8,12,527,24,0
916,1971,Graduation,Married,0,4,1970,0,0,71796.0,0,0,24-10-2013,54,354,21,311,167,75,32,1,9,3,4,499,17,0
119,1976,Graduation,Divorced,0,7,1970,1,0,30992.0,1,0,22-04-2013,83,17,0,14,7,3,2,1,1,0,3,21,5,1
1831,1973,Graduation,Divorced,0,7,1970,1,2,60208.0,1,1,07-10-2012,13,488,23,71,15,0,59,11,8,3,7,109,29,2
760,1955,Master,Single,0,3,1950,1,0,51124.0,1,1,18-12-2013,79,26,1,11,0,1,4,2,1,0,3,12,6,2
1159,1971,Graduation,Single,0,7,1970,1,0,26954.0,1,0,08-05-2014,17,4,1,11,0,0,1,1,1,0,2,12,4,1
396,1971,PhD,Divorced,0,6,1970,1,0,65808.0,1,1,30-05-2014,1,155,7,80,13,7,10,3,5,1,5,100,14,2
1245,1963,Master,Single,0,3,1960,1,0,64191.0,0,1,22-01-2013,30,420,15,186,151,38,15,3,5,3,13,352,24,1
1165,1970,Master,Divorced,0,3,1970,0,1,78579.0,0,0,22-12-2012,35,816,66,549,216,66,99,1,5,6,4,831,16,0
849,1986,Master,Single,0,7,1980,1,0,19485.0,2,0,24-09-2013,80,6,0,4,0,0,0,1,1,0,2,4,4,2
2021,1951,Graduation,Divorced,0,2,1950,1,0,67046.0,0,1,06-01-2013,92,544,35,133,23,151,107,2,4,5,4,191,15,1
1664,1952,Graduation,Divorced,0,2,1950,1,0,62335.0,0,1,23-05-2013,87,243,131,217,85,6,26,2,3,3,13,433,21,1
976,1973,Graduation,Married,0,6,1970,1,1,52845.0,1,0,13-08-2013,7,384,25,292,130,41,64,3,8,8,6,447,25,1
614,1960,Graduation,Married,0,7,1960,1,1,70971.0,0,1,21-09-2012,28,1001,17,572,93,125,17,7,11,11,5,682,34,1
439,1955,Graduation,Single,0,3,1950,1,0,57959.0,0,1,02-05-2013,71,430,16,322,43,24,33,5,4,7,11,381,27,1
223,1962,2n Cycle,Divorced,0,7,1960,1,1,81975.0,0,1,05-01-2013,2,983,76,184,180,138,27,1,6,3,4,440,14,1
1513,1953,PhD,Single,0,5,1950,1,0,51411.0,1,2,26-05-2013,81,14,0,3,0,0,1,1,0,0,3,3,4,3
662,1985,2n Cycle,Married,0,9,1980,1,2,36145.0,1,0,16-06-2013,13,56,4,76,17,1,18,4,4,1,3,97,12,1
1994,1984,Graduation,Married,0,7,1980,1,0,38680.0,1,0,28-03-2013,97,11,0,36,15,5,12,1,2,0,3,51,6,1
1758,1950,Graduation,Married,0,5,1950,1,0,34026.0,1,1,05-08-2013,11,18,6,15,12,8,17,3,2,1,3,33,9,2
2057,1984,2n Cycle,Married,0,9,1980,1,1,14796.0,1,0,17-09-2012,1,13,3,8,7,4,16,2,1,0,3,18,6,1
1323,1993,Graduation,Single,0,2,1990,0,1,70515.0,0,0,21-10-2013,12,420,0,452,182,64,140,1,6,6,4,634,17,0
1363,1973,Graduation,Married,0,4,1970,1,0,22682.0,1,0,03-10-2013,51,10,14,29,4,2,36,3,2,1,4,47,10,1
1051,1961,Graduation,Married,0,1,1960,0,1,88347.0,0,0,03-07-2013,32,1050,178,555,77,138,118,1,4,7,9,810,21,0
612,1976,Graduation,Married,0,6,1970,1,0,13624.0,1,0,20-01-2013,93,10,2,15,2,1,6,2,2,0,3,19,7,1
555,1962,Graduation,Single,0,8,1960,1,0,66565.0,0,1,05-12-2012,80,747,10,161,65,40,42,4,4,2,9,236,19,1
2076,1976,2n Cycle,Married,0,7,1970,1,0,25176.0,1,1,10-08-2013,79,4,0,4,0,0,5,1,1,0,2,4,4,2
2030,1983,Graduation,Married,0,5,1980,0,0,69520.0,0,0,07-07-2013,95,627,120,414,121,80,93,1,9,6,5,655,21,0
1283,1960,PhD,Married,0,4,1960,1,0,65695.0,0,1,31-01-2014,50,371,32,189,0,58,6,2,5,4,10,221,21,1
1103,1985,Basic,Single,0,4,1980,0,0,16581.0,0,0,12-01-2013,51,1,3,4,2,3,11,1,0,0,3,9,4,0
1545,1960,PhD,Married,0,8,1960,1,0,38201.0,0,1,29-03-2013,19,233,0,23,0,0,12,4,5,1,5,23,15,1
1124,1986,Graduation,Single,0,9,1980,1,2,26576.0,1,0,13-10-2012,40,10,0,8,0,0,9,1,1,0,2,8,4,1
403,1962,Graduation,Married,0,3,1960,1,0,75072.0,0,1,23-01-2013,83,583,34,309,0,22,125,2,5,4,8,343,19,1
510,1987,Master,Single,0,5,1980,0,1,73454.0,0,0,01-03-2014,95,982,73,351,56,14,175,1,2,4,6,480,13,0
537,1968,Graduation,Married,0,8,1960,1,2,19514.0,1,1,26-01-2014,47,14,3,21,2,1,28,4,3,1,2,26,10,2
736,1969,Graduation,Married,0,8,1960,0,4,80952.0,0,0,28-02-2013,20,778,178,689,41,27,44,1,8,5,11,908,25,0
825,1981,Graduation,Married,0,9,1980,1,0,19419.0,1,0,10-11-2012,76,2,14,28,16,3,7,4,4,0,3,58,11,1
1839,1952,Graduation,Divorced,0,2,1950,1,0,49638.0,0,1,19-04-2014,71,18,10,3,3,5,0,1,1,0,3,16,5,1
1537,1954,Graduation,Married,0,2,1950,1,0,75315.0,0,1,15-04-2014,14,459,15,171,142,23,31,2,5,4,12,328,23,1
1972,1983,Graduation,Married,0,9,1980,0,1,36790.0,0,0,01-03-2013,14,3,3,14,15,21,10,1,2,1,2,32,6,0
1144,1969,Graduation,Single,0,1,1960,0,0,81657.0,0,0,22-01-2014,69,364,40,425,158,60,50,1,3,4,8,623,16,0
983,1953,Master,Married,0,3,1950,1,0,65569.0,0,1,05-11-2012,96,397,46,288,20,38,70,2,6,5,10,354,23,1
1871,1986,Graduation,Married,0,7,1980,1,0,33235.0,1,0,05-02-2014,71,45,0,16,2,1,6,1,3,0,3,18,7,1
1533,1954,Graduation,Divorced,0,1,1950,1,0,79865.0,0,1,18-06-2014,12,71,99,278,185,121,38,1,5,10,5,562,21,1
996,1976,Graduation,Single,0,7,1970,0,0,20180.0,0,0,20-02-2013,27,18,42,24,15,20,18,1,2,1,4,81,8,0
2011,1965,Graduation,Single,0,8,1960,0,0,23478.0,0,0,19-03-2013,51,28,6,27,12,17,39,1,3,0,3,45,7,0
977,1956,Graduation,Divorced,0,4,1950,1,0,46086.0,0,1,03-11-2013,34,244,8,32,7,2,50,4,3,1,8,47,16,1
1660,1987,Master,Divorced,0,5,1980,0,0,61787.0,0,0,06-07-2013,71,621,73,414,78,48,85,1,8,4,6,565,19,0
911,1989,Graduation,Single,0,3,1980,1,0,46107.0,1,0,10-02-2014,78,31,9,27,16,9,33,1,1,1,4,52,7,1
700,1978,Graduation,Married,0,7,1970,1,0,25851.0,1,0,11-02-2013,45,9,4,18,7,5,5,2,2,0,3,29,7,1
560,1968,PhD,Married,0,7,1960,1,0,38443.0,1,1,27-01-2014,58,32,0,5,0,0,1,2,1,0,3,5,6,2
1146,1974,2n Cycle,Married,0,8,1970,0,0,20130.0,0,0,17-03-2014,99,0,6,3,7,6,12,1,1,0,3,16,5,0
495,1976,Graduation,Married,0,3,1970,1,0,65665.0,0,1,02-12-2013,77,225,162,387,106,36,29,1,5,10,8,655,24,1
679,1995,Graduation,Single,0,6,1990,0,0,34824.0,0,0,26-03-2014,65,4,2,11,2,0,4,1,1,0,2,15,4,0
1621,1961,Graduation,Single,0,6,1960,0,1,82014.0,0,0,20-08-2012,48,980,37,265,35,163,31,1,3,6,12,337,22,0
790,1972,Graduation,Married,0,8,1970,1,1,59666.0,1,1,22-03-2013,87,623,53,178,23,17,133,7,3,2,8,254,20,2
231,1968,Graduation,Divorced,0,3,1960,0,1,73455.0,0,0,28-10-2013,98,901,61,757,186,163,20,1,6,5,10,1004,22,0
678,1961,Master,Married,0,3,1960,1,0,61923.0,0,2,26-07-2013,94,92,4,18,3,3,6,1,2,1,4,25,8,2
137,1962,Graduation,Married,0,2,1960,0,0,86111.0,0,0,19-04-2013,73,399,28,756,36,40,126,1,5,7,10,820,23,0
1837,1972,Graduation,Single,0,6,1970,1,0,44503.0,1,1,16-04-2014,83,31,1,8,0,0,8,2,2,0,3,9,7,2
325,1960,Graduation,Divorced,0,3,1960,1,0,62204.0,0,2,12-09-2012,38,317,46,247,151,46,139,1,4,5,12,444,22,2
1710,1983,Graduation,Married,0,8,1980,1,0,37292.0,1,0,18-04-2013,32,275,0,86,10,23,66,5,6,3,5,96,19,1
351,1978,Graduation,Married,0,4,1970,1,0,28442.0,2,0,24-02-2014,53,19,3,10,11,8,6,3,2,1,4,24,10,2
1089,1984,PhD,Single,0,8,1980,1,0,16269.0,1,0,30-08-2013,75,19,3,18,3,1,0,3,3,0,3,24,9,1
1563,1965,Master,Married,0,7,1960,1,0,45143.0,0,1,26-08-2013,74,202,5,74,11,5,14,3,6,1,5,90,15,1
1611,1964,PhD,Divorced,0,5,1960,1,4,64140.0,0,2,23-09-2013,71,1459,0,61,0,15,215,5,2,5,6,61,18,2
749,1977,Graduation,Married,0,2,1970,0,0,74985.0,0,0,11-09-2012,8,587,51,898,247,0,86,1,3,6,7,1196,17,0
1818,1978,PhD,Married,0,2,1970,0,0,72159.0,0,0,29-10-2012,62,322,53,899,34,40,53,1,4,6,10,986,21,0
1975,1972,Graduation,Married,0,8,1970,1,0,30261.0,1,2,25-09-2012,75,8,0,5,0,3,6,1,0,0,3,5,4,3
192,1973,PhD,Single,0,8,1970,1,2,46854.0,1,1,31-03-2014,81,96,1,79,7,1,79,6,5,1,3,87,15,2
1256,1957,PhD,Married,0,9,1950,1,0,37633.0,1,1,20-09-2012,49,13,4,20,0,0,1,2,1,0,3,24,6,2
1357,1948,Graduation,Married,0,1,1940,0,2,92344.0,0,0,15-01-2014,9,992,24,694,51,19,119,0,5,10,5,769,20,0
2005,1947,2n Cycle,Married,0,1,1940,0,0,81044.0,0,0,27-12-2013,0,450,26,535,73,98,26,1,5,6,10,634,22,0
1808,1953,Master,Divorced,0,2,1950,0,4,84953.0,0,0,03-06-2013,73,167,48,602,63,72,72,1,3,10,4,713,18,0
840,1966,Graduation,Married,0,8,1960,1,0,37758.0,1,1,04-10-2012,49,27,2,10,0,0,1,2,1,0,3,12,6,2
1957,1970,Graduation,Single,0,6,1970,1,0,24206.0,1,0,08-03-2013,66,7,2,8,3,2,3,1,1,0,3,13,5,1
1477,1972,Master,Married,0,6,1970,1,0,57136.0,1,1,09-07-2013,48,306,5,109,21,109,92,9,5,2,10,135,26,2
2150,1954,Graduation,Married,0,6,1950,1,2,50501.0,1,1,18-06-2013,10,297,0,38,13,0,152,7,5,4,4,51,20,2
885,1973,Graduation,Married,0,3,1970,0,0,57100.0,0,0,04-12-2013,19,181,21,69,39,3,96,1,3,3,6,129,13,0
587,1978,2n Cycle,Married,0,6,1970,1,0,26224.0,1,0,04-06-2013,39,4,7,15,13,9,15,3,2,1,3,35,9,1
1928,1963,Graduation,Married,0,3,1960,1,0,77226.0,0,1,28-02-2014,29,631,43,239,128,76,21,2,6,8,12,410,28,1
2093,1974,Graduation,Divorced,0,8,1970,1,0,19346.0,1,0,30-01-2014,26,2,0,9,3,6,2,1,1,0,3,12,5,1
1219,1978,PhD,Married,0,8,1970,1,0,27683.0,1,0,04-08-2012,90,152,9,121,12,12,45,4,6,2,4,142,16,1
839,1985,Graduation,Married,0,5,1980,1,0,55357.0,2,0,19-02-2013,66,374,64,116,84,25,64,3,6,2,11,264,22,2
1858,1968,Graduation,Divorced,0,8,1960,1,2,61671.0,0,1,03-06-2014,23,641,7,56,0,0,28,8,10,4,6,63,28,1
67,1973,2n Cycle,Married,0,8,1970,1,0,51222.5,1,0,14-09-2012,25,25,3,43,17,4,17,3,3,0,3,63,9,1
708,1966,Graduation,Married,0,6,1960,1,0,44794.0,0,1,08-06-2014,99,54,0,7,0,0,4,1,2,0,3,7,6,1
414,1953,Graduation,Married,0,8,1950,1,0,48686.0,1,2,04-12-2013,8,10,0,7,2,0,1,1,1,0,2,9,4,3
924,1986,Basic,Single,0,7,1980,0,0,14906.0,0,0,22-12-2012,86,7,7,14,7,16,15,3,2,1,3,28,9,0
986,1963,PhD,Single,0,6,1960,1,0,36736.0,1,1,10-05-2013,52,10,0,3,0,0,4,1,1,0,2,3,4,2
1157,1961,PhD,Divorced,0,7,1960,1,2,54959.0,0,1,19-01-2013,55,1148,0,60,0,0,24,3,9,5,4,60,21,1
331,1969,PhD,Married,0,8,1960,1,2,55212.0,0,1,23-11-2012,65,1103,0,45,0,0,34,3,4,2,11,45,20,1
190,1954,Graduation,Married,0,2,1950,0,1,80067.0,0,0,19-09-2013,82,519,17,813,27,173,51,1,4,6,6,857,17,0
309,1970,Graduation,Single,0,7,1970,1,2,51222.5,1,2,23-08-2013,67,738,20,172,52,50,20,6,2,3,10,244,21,3
697,1982,Graduation,Married,0,7,1980,1,0,50272.0,1,0,07-08-2013,75,99,13,66,43,8,4,3,4,1,5,122,13,1
586,1969,Master,Married,0,8,1960,1,0,42169.0,1,1,19-10-2013,20,19,0,9,0,0,2,2,1,0,3,9,6,2
1586,1983,Graduation,Married,0,7,1980,1,0,28359.0,1,0,27-10-2013,35,6,0,5,2,1,2,1,1,0,2,7,4,1
1494,1973,PhD,Married,0,7,1970,1,0,37401.0,1,0,06-05-2014,14,19,3,19,3,1,3,2,2,0,3,25,7,1
1744,1985,Graduation,Single,0,8,1980,1,0,29760.0,1,0,29-08-2012,87,64,4,68,7,5,17,4,3,1,4,79,12,1
1807,1982,PhD,Married,0,9,1980,1,0,32313.0,1,0,11-02-2013,60,86,4,56,2,4,7,3,4,0,4,62,11,1
644,1963,Graduation,Married,0,6,1960,1,0,56253.0,0,1,07-12-2012,83,509,0,65,7,11,5,4,7,2,9,72,22,1
1903,1984,PhD,Married,0,2,1980,0,4,73356.0,0,0,06-02-2014,56,1050,14,322,0,14,112,1,5,11,5,336,22,0
1152,1981,Graduation,Married,0,3,1980,1,0,54386.0,0,1,17-05-2013,8,277,21,64,62,21,25,2,3,2,10,147,17,1
1318,1959,2n Cycle,Married,0,6,1950,1,0,26887.0,0,1,10-02-2013,27,6,7,4,3,4,6,1,1,0,3,14,5,1
125,1952,Graduation,Married,0,5,1950,1,0,62998.0,0,1,30-09-2013,10,120,58,73,65,89,58,5,5,4,5,196,19,1
400,1976,Graduation,Married,0,4,1970,1,0,53858.0,0,1,09-11-2012,50,407,53,221,58,150,26,4,4,3,6,332,17,1
2158,1954,Graduation,Married,0,7,1950,1,1,32144.0,1,1,23-03-2014,76,41,0,10,0,0,3,4,2,1,3,10,10,2
1378,1951,Master,Married,0,7,1950,1,0,47352.0,0,1,11-04-2013,70,172,12,112,8,0,15,4,6,1,5,132,16,1
1720,1974,Graduation,Married,0,6,1970,1,0,44989.0,0,1,12-09-2012,26,98,0,106,49,10,106,5,5,1,5,155,16,1
220,1972,PhD,Married,0,2,1970,0,0,79930.0,0,0,08-08-2012,72,792,86,740,67,51,17,1,3,5,8,893,17,0
321,1989,PhD,Single,0,4,1980,0,0,33996.0,0,0,11-09-2013,46,40,2,15,8,0,6,1,1,1,3,25,6,0
791,1972,Graduation,Single,0,2,1970,1,0,72504.0,0,1,06-04-2013,43,604,26,470,123,161,94,2,5,9,6,619,22,1
1631,1976,Graduation,Divorced,0,4,1970,1,0,64892.0,0,1,29-05-2014,77,527,24,230,32,24,65,2,6,4,12,286,24,1
1045,1978,Graduation,Married,1,2,1970,0,0,67023.0,0,0,04-03-2014,93,444,44,382,11,8,17,1,3,7,13,437,24,0
1409,1986,2n Cycle,Married,0,7,1980,0,0,20491.0,0,0,25-01-2013,16,5,4,5,4,2,10,1,0,1,2,13,4,0
1017,1959,Graduation,Married,0,3,1950,1,1,61180.0,0,1,23-04-2014,70,403,24,29,6,24,218,2,5,5,6,59,18,1
1147,1990,PhD,Married,0,5,1990,0,0,74214.0,0,0,26-08-2012,3,863,83,547,86,99,33,1,8,2,5,716,16,0
757,1953,Graduation,Married,0,7,1950,1,0,41452.0,1,1,06-03-2013,86,13,0,3,0,0,0,1,1,0,2,3,4,2
477,1969,Graduation,Married,0,7,1960,1,0,14045.0,1,0,26-01-2014,24,11,0,5,2,1,1,1,1,0,3,7,5,1
375,1968,Master,Married,0,7,1960,1,2,43795.0,0,1,16-10-2013,11,314,11,53,4,3,107,3,7,3,4,68,17,1
1228,1963,Graduation,Divorced,0,6,1960,1,0,68118.0,0,1,18-10-2013,51,595,23,123,10,23,154,2,8,9,4,156,23,1
37,1980,Graduation,Married,0,4,1980,1,0,80011.0,0,1,29-04-2013,3,421,76,536,82,178,102,2,8,6,5,694,21,1
282,1980,Graduation,Married,0,4,1980,0,1,82497.0,0,0,31-10-2012,32,777,129,573,216,21,203,1,2,7,9,918,19,0
366,1989,Graduation,Single,0,8,1980,1,0,30279.0,1,0,30-12-2012,13,10,4,14,4,4,1,1,1,0,3,22,5,1
579,1984,PhD,Single,1,7,1980,1,1,39684.0,1,0,12-10-2012,41,19,0,35,6,4,17,2,2,1,2,41,7,1
1243,1958,2n Cycle,Single,0,2,1950,0,0,85485.0,0,0,21-06-2014,73,630,26,611,44,18,54,1,6,6,6,681,19,0
620,1960,2n Cycle,Single,0,7,1960,0,2,32218.0,0,0,15-02-2014,27,10,24,15,13,1,30,1,2,1,3,52,7,0
50,1978,Graduation,Married,0,3,1970,1,0,66373.0,1,1,12-06-2013,57,328,9,124,12,24,109,7,4,2,10,145,23,2
582,1977,Graduation,Married,0,4,1970,1,0,33178.0,1,0,30-01-2014,9,12,6,2,11,2,16,1,1,0,3,19,5,1
974,1978,Graduation,Married,0,6,1970,0,1,75437.0,0,0,09-11-2013,25,795,0,545,95,58,0,1,8,4,10,640,23,0
1843,1951,PhD,Married,0,4,1950,1,0,69702.0,0,1,19-02-2013,8,664,9,240,50,19,57,2,7,7,10,299,26,1
1913,1940,PhD,Single,0,5,1940,0,0,51141.0,0,0,08-07-2013,96,144,0,7,0,0,6,1,3,1,4,7,9,0
372,1973,2n Cycle,Married,0,8,1970,1,0,35688.0,2,1,22-08-2012,94,73,3,90,12,1,32,7,4,1,4,105,16,3
1556,1952,Master,Married,0,7,1950,1,1,40442.0,1,1,19-08-2012,52,45,12,52,25,22,13,4,3,1,4,89,12,2
201,1954,Graduation,Divorced,0,8,1950,1,2,64497.0,0,1,10-09-2012,17,1170,48,320,42,32,192,5,11,4,9,410,29,1
2006,1951,Graduation,Married,0,4,1950,1,0,32871.0,1,1,09-03-2013,28,22,2,12,0,2,5,1,1,0,3,14,5,2
763,1976,Graduation,Married,0,4,1970,1,0,36283.0,1,1,14-04-2014,42,6,5,5,8,0,5,2,1,0,3,18,6,2
1073,1986,2n Cycle,Single,0,1,1980,0,0,80910.0,0,0,31-10-2012,71,160,80,369,67,39,41,1,3,3,8,516,15,0
1237,1960,Graduation,Married,0,8,1960,1,0,31454.0,1,1,06-07-2013,40,28,0,11,0,0,9,3,2,0,3,11,8,2
1911,1968,Graduation,Single,0,8,1960,1,0,36065.0,1,1,31-03-2013,54,18,7,34,10,2,3,3,3,0,3,51,9,2
329,1988,Graduation,Single,0,3,1980,0,0,68655.0,0,0,10-08-2012,95,456,19,832,75,118,38,1,4,5,11,926,21,0
573,1983,Graduation,Married,0,6,1980,1,0,39453.0,1,0,03-04-2014,64,46,0,7,0,0,2,2,2,0,3,7,7,1
712,1991,Graduation,Married,0,4,1990,0,1,89891.0,0,0,15-04-2013,17,412,22,132,59,28,183,1,11,6,8,213,26,0
1437,1963,Master,Divorced,0,2,1960,1,0,49476.0,0,1,20-06-2013,29,386,23,95,54,41,196,4,2,11,5,172,22,1
1194,1963,Graduation,Single,0,7,1960,1,0,34377.0,0,1,19-01-2013,55,62,0,22,3,1,26,2,2,2,2,25,8,1
368,1969,Graduation,Single,0,7,1960,1,0,30822.0,1,0,14-06-2013,92,3,9,13,2,12,12,1,1,0,3,24,5,1
1653,1952,Graduation,Married,0,5,1950,1,0,49413.0,0,1,25-10-2013,88,205,7,41,3,2,46,2,4,2,5,51,13,1
1507,1959,PhD,Divorced,0,1,1950,0,1,67786.0,0,0,07-12-2013,0,431,82,441,80,20,102,1,3,6,6,603,16,0
724,1956,Master,Married,0,8,1950,1,0,34941.0,1,1,06-03-2013,26,39,2,25,4,3,24,2,3,0,3,31,8,2
1929,1949,Graduation,Divorced,0,2,1940,0,2,72643.0,0,0,27-02-2013,60,526,80,553,123,94,53,1,3,10,7,756,21,0
1725,1968,Graduation,Married,0,6,1960,1,0,41120.0,1,1,06-11-2013,80,24,2,23,0,8,24,3,2,1,3,25,9,2
821,1977,Graduation,Single,0,5,1970,1,1,56628.0,0,1,21-03-2014,30,479,5,82,7,17,171,2,7,6,5,94,20,1
1447,1956,Master,Single,0,4,1950,0,0,64857.0,0,0,23-11-2012,78,556,14,717,210,0,43,1,7,5,10,941,23,0
660,1963,PhD,Married,0,5,1960,1,2,81300.0,0,1,30-10-2012,17,1004,12,145,32,12,36,3,10,3,5,189,21,1
1396,1959,Graduation,Married,0,8,1950,0,0,18690.0,0,0,28-12-2012,77,6,1,7,23,4,19,1,1,1,2,31,5,0
126,1958,Master,Single,0,8,1950,1,0,61331.0,1,1,10-03-2013,42,534,5,47,0,5,41,5,11,1,6,52,23,2
1087,1983,2n Cycle,Single,0,5,1980,0,2,81698.0,0,0,01-03-2013,1,709,45,115,30,160,45,1,8,2,5,190,16,0
693,1986,Graduation,Married,0,8,1980,1,0,25252.0,1,0,12-07-2013,26,1,3,4,2,2,6,1,1,0,2,9,4,1
1803,1970,PhD,Married,0,1,1970,0,0,80336.0,0,0,09-09-2013,12,209,19,456,160,142,66,1,2,9,13,635,25,0
367,1961,PhD,Married,0,6,1960,1,0,66426.0,0,1,02-10-2013,14,1043,24,97,32,24,157,2,3,5,10,153,20,1
1827,1975,2n Cycle,Divorced,0,6,1970,0,0,11448.0,0,0,15-12-2013,16,0,0,0,6,2,6,1,1,0,2,6,4,0
1026,1965,2n Cycle,Married,0,3,1960,0,1,70924.0,0,0,07-04-2014,41,635,114,254,132,152,76,1,6,6,7,500,20,0
205,1974,Master,Married,0,7,1970,1,0,46014.0,1,1,21-01-2013,21,410,0,59,19,9,44,10,7,1,8,78,26,2
363,1972,PhD,Single,0,8,1970,1,1,38578.0,1,1,22-06-2013,2,38,4,22,3,3,3,3,3,0,3,29,9,2
572,1951,Master,Married,0,7,1950,0,0,27450.0,0,0,15-04-2013,57,37,12,23,8,11,52,1,2,1,3,43,7,0
1893,1974,PhD,Married,0,5,1970,1,0,61917.0,1,1,20-11-2013,83,46,4,36,2,2,1,1,2,0,4,42,7,2
111,1962,Graduation,Single,0,6,1960,1,0,50785.0,1,1,10-09-2013,27,64,1,21,0,1,27,2,2,1,3,22,8,2
1987,1955,Graduation,Married,0,5,1950,1,0,67225.0,0,1,26-11-2013,4,315,35,322,46,7,143,3,7,2,11,403,23,1
120,1965,2n Cycle,Married,0,1,1960,0,0,71488.0,0,0,18-02-2013,87,162,33,124,40,28,172,2,3,4,7,197,16,0
1634,1985,2n Cycle,Single,0,7,1980,1,0,41473.0,1,0,19-06-2013,80,21,8,20,15,3,9,1,2,0,3,43,6,1
1266,1973,2n Cycle,Married,0,5,1970,1,0,43050.0,1,0,18-03-2014,10,30,5,24,6,3,8,2,2,0,4,35,8,1
415,1986,Graduation,Married,0,1,1980,0,3,92910.0,0,0,24-04-2014,42,551,137,792,179,103,33,1,6,7,13,1108,27,0
2028,1969,Graduation,Married,0,8,1960,1,0,25293.0,1,0,15-09-2013,51,15,0,11,0,2,9,1,1,1,2,11,5,1
1941,1974,PhD,Divorced,0,9,1970,1,1,25509.0,1,0,18-09-2012,15,40,3,30,10,7,11,3,3,0,3,43,9,1
1618,1967,Graduation,Divorced,0,6,1960,0,1,57136.0,0,0,18-05-2013,18,267,140,599,34,12,127,1,7,5,7,773,20,0
1205,1971,Graduation,Divorced,0,8,1970,1,0,44421.0,1,1,15-02-2013,53,110,5,59,7,1,7,5,5,0,4,71,14,2
65,1970,Graduation,Married,0,5,1970,1,0,74854.0,1,2,08-04-2013,90,856,59,487,58,29,73,7,2,5,5,604,19,3
1751,1959,Graduation,Married,0,7,1950,1,0,71232.0,0,1,28-11-2013,91,653,17,170,34,26,17,2,11,2,10,221,25,1
1952,1960,Graduation,Married,0,8,1960,1,0,13672.0,1,1,17-04-2013,86,6,2,9,2,1,5,2,1,0,3,13,6,2
553,1963,PhD,Divorced,0,3,1960,1,0,48799.0,0,1,05-11-2013,9,174,18,81,28,6,24,3,3,2,7,127,15,1
893,1963,PhD,Divorced,0,8,1960,1,1,52278.0,0,1,25-01-2013,24,953,0,71,0,0,174,6,10,5,10,71,31,1
549,1978,Graduation,Married,0,5,1970,1,0,33039.0,1,0,09-09-2013,4,30,8,12,8,8,12,1,2,0,4,28,7,1
1629,1958,PhD,Single,0,6,1950,1,0,50729.0,1,1,02-05-2013,62,239,13,143,45,4,52,9,6,2,7,201,24,2
2065,1955,Graduation,Divorced,0,7,1950,1,0,58275.0,1,1,02-06-2013,48,189,10,253,56,43,64,6,8,2,7,319,23,2
701,1970,Graduation,Divorced,0,6,1970,1,0,58710.0,0,1,31-03-2013,77,440,81,368,0,122,174,6,11,5,9,449,31,1
1422,1972,Graduation,Married,0,5,1970,1,0,46053.0,1,0,17-02-2013,46,56,10,92,19,7,25,3,3,2,4,121,12,1
1825,1985,Graduation,Married,0,7,1980,1,0,54006.0,1,0,18-09-2012,42,174,77,203,6,24,97,2,8,1,7,286,18,1
1600,1947,PhD,Married,0,4,1940,1,0,73059.0,0,1,31-08-2013,36,410,112,420,0,82,71,1,9,3,13,532,26,1
2039,1988,Graduation,Married,0,4,1980,0,0,68487.0,0,0,13-01-2013,48,758,12,385,33,89,89,1,9,7,13,430,30,0
558,1970,Graduation,Married,0,7,1970,1,0,38200.0,1,1,07-12-2012,19,12,0,4,0,0,1,1,1,0,2,4,4,2
1047,1966,Graduation,Married,0,3,1960,1,0,70713.0,0,1,03-12-2012,23,736,114,279,82,76,190,6,5,6,8,475,25,1
877,1972,PhD,Single,0,6,1970,1,0,55260.0,0,1,12-12-2012,81,825,8,53,11,0,242,2,8,10,5,72,25,1
432,1989,Graduation,Single,0,8,1980,1,0,30279.0,1,0,30-12-2012,13,10,4,14,4,4,1,1,1,0,3,22,5,1
2183,1967,Graduation,Married,0,5,1960,1,0,61223.0,0,1,13-06-2013,46,709,43,182,42,118,247,2,9,3,4,267,18,1
1221,1968,Graduation,Married,0,5,1960,1,0,40521.0,1,1,05-04-2013,82,12,0,5,0,0,4,1,0,1,2,5,4,2
1682,1966,Graduation,Married,0,3,1960,0,1,80398.0,0,0,10-11-2012,92,342,51,936,207,35,26,1,5,8,12,1194,26,0
1204,1955,Master,Married,0,7,1950,1,0,38452.0,1,1,30-03-2014,62,56,0,14,0,0,2,3,3,0,3,14,9,2
56,1982,Master,Single,0,1,1980,0,3,75777.0,0,0,04-07-2013,12,712,26,538,69,13,80,1,3,6,11,633,21,0
1348,1975,Graduation,Single,0,5,1970,1,0,56243.0,1,2,30-12-2013,26,347,0,35,4,3,7,6,4,2,8,39,20,3
1690,1983,PhD,Married,0,3,1980,0,4,92491.0,0,0,01-05-2013,71,979,44,935,29,25,22,1,7,5,12,1008,25,0
1908,1951,Graduation,Divorced,0,3,1950,0,0,70792.0,0,0,06-02-2013,82,344,45,654,104,11,114,2,3,4,10,803,19,0
1000,1966,Master,Married,0,5,1960,1,0,33564.0,0,1,24-06-2014,51,61,0,3,0,0,7,1,1,1,3,3,6,1
2004,1970,Graduation,Single,0,6,1970,1,1,76467.0,1,0,17-08-2012,44,676,161,426,210,44,58,2,2,5,5,797,14,1
1856,1989,Master,Married,0,1,1980,0,3,88420.0,0,0,02-05-2014,87,957,153,612,99,95,153,1,4,7,8,864,20,0
1084,1974,2n Cycle,Married,0,5,1970,1,1,65463.0,1,0,30-01-2014,17,391,32,70,21,32,16,2,6,2,9,123,19,1
733,1972,PhD,Married,0,2,1970,0,0,83443.0,0,0,31-12-2013,89,518,42,742,55,56,84,1,6,10,5,839,22,0
200,1966,Graduation,Married,0,6,1960,1,0,44794.0,0,1,08-06-2014,99,54,0,7,0,0,4,1,2,0,3,7,6,1
304,1966,Graduation,Married,0,4,1960,1,0,54198.0,1,1,17-12-2013,13,185,0,28,3,2,17,6,3,1,6,31,16,2
1896,1968,Master,Married,0,7,1960,1,0,29543.0,2,0,01-04-2014,47,17,3,18,3,4,18,2,3,1,2,24,8,2
569,1974,PhD,Married,0,6,1970,1,1,45207.0,1,1,10-11-2012,64,203,0,10,0,0,2,5,3,1,6,10,15,2
936,1965,Graduation,Married,0,5,1960,1,1,59754.0,0,1,01-12-2012,96,115,27,44,4,146,139,3,5,2,6,75,16,1
270,1981,Basic,Married,0,7,1980,1,0,24480.0,1,0,11-02-2013,46,4,19,9,28,25,17,3,3,0,4,56,10,1
1206,1986,PhD,Married,0,5,1980,1,0,38197.0,1,0,29-06-2013,86,23,0,11,2,1,3,1,1,0,3,13,5,1
906,1978,Graduation,Married,0,2,1970,0,1,77583.0,0,0,10-02-2014,93,372,23,384,250,12,108,1,4,5,9,657,19,0
1086,1954,Graduation,Divorced,0,1,1950,0,0,76773.0,0,0,25-02-2013,79,516,56,449,86,33,16,1,2,2,11,591,16,0
613,1975,Graduation,Single,0,3,1970,1,0,84196.0,0,1,03-06-2013,56,215,63,507,231,31,190,1,8,4,7,801,20,1
880,1974,PhD,Married,0,6,1970,1,0,37087.0,1,0,11-08-2013,50,194,55,134,15,0,3,3,4,2,8,204,17,1
919,1975,PhD,Divorced,0,6,1970,1,0,60554.0,1,0,09-08-2013,8,588,7,76,110,15,15,2,8,4,9,193,23,1
1551,1947,Master,Married,0,1,1940,0,0,78093.0,0,0,11-12-2013,53,368,32,639,13,43,10,1,4,7,5,684,17,0
1279,1976,Graduation,Married,0,8,1970,1,0,50200.0,1,1,03-04-2013,70,266,6,51,8,6,64,6,7,1,5,65,19,2
671,1989,PhD,Married,0,1,1980,0,2,77845.0,0,0,16-05-2014,40,760,40,480,0,40,26,1,3,5,12,520,21,0
1712,1947,Graduation,Married,0,4,1940,0,1,70321.0,0,0,16-01-2013,6,303,23,751,82,26,191,1,6,5,13,856,25,0
982,1954,Graduation,Single,0,4,1950,1,2,36130.0,0,1,02-02-2013,46,157,43,127,68,56,37,6,3,8,4,238,21,1
1454,1980,Graduation,Married,0,7,1980,1,0,19107.0,1,0,22-08-2013,49,2,4,9,10,5,16,2,1,0,3,23,6,1
241,1975,Master,Single,0,8,1970,1,0,31160.0,1,0,16-09-2013,59,16,3,25,6,1,13,2,2,0,3,34,7,1
165,1982,Graduation,Married,0,8,1980,1,0,28718.0,1,0,13-07-2013,78,12,4,6,11,8,16,2,2,0,3,21,7,1
1579,1964,PhD,Married,0,2,1960,1,0,65526.0,0,1,11-04-2014,22,397,19,69,12,0,9,1,4,4,8,100,17,1
527,1952,2n Cycle,Married,0,2,1950,1,0,57247.0,0,1,08-08-2013,50,99,4,32,37,54,6,2,2,1,7,73,12,1
134,1965,PhD,Divorced,0,7,1960,1,0,36921.0,1,1,28-07-2013,74,17,1,12,3,1,4,2,2,0,3,16,7,2
1241,1970,Graduation,Married,0,7,1970,1,0,19656.0,1,0,08-02-2013,94,25,4,9,6,8,32,3,2,1,3,19,9,1
1426,1965,PhD,Married,0,8,1960,0,0,32727.0,0,0,28-08-2012,38,167,13,180,86,13,70,2,7,3,5,279,17,0
1112,1962,PhD,Divorced,0,1,1960,0,1,85696.0,0,0,03-05-2013,88,714,76,395,116,0,12,1,4,6,9,587,20,0
1823,1976,Master,Married,0,7,1970,0,0,21024.0,0,0,04-07-2013,89,36,4,18,6,2,18,1,2,0,4,28,7,0
1739,1974,PhD,Divorced,0,9,1970,1,1,25509.0,1,0,18-09-2012,15,40,3,30,10,7,11,3,3,0,3,43,9,1
557,1979,Graduation,Single,0,6,1970,1,0,47691.0,0,1,05-07-2013,43,14,0,3,0,0,4,1,1,0,2,3,4,1
1388,1966,Basic,Married,0,8,1960,0,0,22634.0,0,0,16-01-2013,47,2,23,11,8,6,46,1,2,1,2,42,6,0
484,1962,Master,Divorced,0,5,1960,1,0,59432.0,0,1,13-04-2013,88,317,25,265,25,19,12,3,5,3,11,315,22,1
2022,1948,Graduation,Married,0,4,1940,0,0,42192.0,0,0,06-09-2013,40,40,15,15,17,6,7,1,2,1,3,47,7,0
1362,1972,Master,Married,0,5,1970,1,0,53761.0,1,1,11-10-2013,7,158,0,76,13,7,71,6,4,4,3,89,17,2
258,1970,Graduation,Married,0,1,1970,0,0,72940.0,0,0,19-06-2013,13,182,74,298,162,149,116,1,3,3,6,534,13,0
1506,1989,Graduation,Single,0,8,1980,1,0,9255.0,1,0,20-12-2013,91,9,0,7,2,0,4,1,1,1,2,9,5,1
17,1949,Master,Married,0,5,1940,1,1,76995.0,0,1,28-03-2013,91,1012,80,498,0,16,176,2,11,4,9,578,26,1
353,1967,Graduation,Married,0,7,1960,1,0,51479.0,1,1,28-12-2012,67,247,8,160,6,8,65,7,6,3,6,174,22,2
785,1944,PhD,Single,0,2,1940,0,0,82716.0,0,0,05-11-2013,8,606,148,228,15,148,22,1,6,8,13,391,28,0
672,1969,PhD,Married,0,2,1960,0,0,69476.0,0,0,30-09-2013,3,260,86,559,63,9,67,1,4,6,4,708,15,0
2029,1987,PhD,Single,0,5,1980,0,1,42000.0,0,0,10-01-2013,23,124,83,267,85,59,35,2,5,2,11,435,20,0
713,1949,PhD,Divorced,0,5,1940,1,0,35946.0,1,1,27-09-2013,24,8,0,3,0,0,0,1,0,0,3,3,4,2
425,1966,Graduation,Divorced,0,5,1960,1,0,67272.0,0,1,21-12-2013,12,357,35,271,28,28,14,3,6,2,12,334,23,1
1863,1950,PhD,Married,0,3,1950,1,0,59292.0,0,1,13-06-2013,71,378,14,68,19,14,14,2,3,5,8,101,18,1
1898,1975,2n Cycle,Married,0,7,1970,1,0,34984.0,1,1,06-09-2012,40,8,4,15,3,5,3,2,1,0,3,22,6,2
1909,1982,Graduation,Married,0,2,1980,0,1,63211.0,0,0,02-11-2012,3,145,193,459,205,26,145,2,3,8,7,857,20,0
984,1952,Graduation,Married,0,1,1950,0,1,83844.0,0,0,12-05-2013,57,901,31,345,75,31,191,1,4,4,11,451,20,0
1711,1945,PhD,Single,0,8,1940,0,1,45576.0,0,0,28-05-2014,9,56,19,29,2,14,25,1,3,1,3,50,8,0
870,1962,Graduation,Married,0,8,1960,1,0,51195.0,1,1,01-04-2013,46,230,14,156,82,24,58,8,9,2,5,252,24,2
1916,1976,PhD,Married,0,8,1970,0,1,72335.0,0,0,13-08-2012,2,1285,105,653,28,21,0,1,10,4,8,786,23,0
406,1994,Graduation,Married,0,5,1990,0,4,80134.0,0,0,14-02-2014,11,966,26,282,52,26,26,1,2,7,11,360,21,0
615,1977,PhD,Divorced,0,9,1970,1,0,34487.0,1,1,06-09-2012,94,19,18,33,24,1,8,3,3,0,3,75,9,2
861,1978,2n Cycle,Married,0,9,1970,1,0,17117.0,1,0,17-01-2013,96,12,23,38,30,18,7,4,3,1,3,91,11,1
1918,1976,Graduation,Married,0,6,1970,1,0,29478.0,1,0,17-01-2014,59,8,0,7,3,1,1,1,1,0,3,10,5,1
834,1957,2n Cycle,Married,0,3,1950,0,2,82347.0,0,0,06-11-2012,38,556,54,845,202,133,63,1,7,7,10,1101,25,0
169,1975,PhD,Married,0,5,1970,1,0,80427.0,0,1,12-09-2012,56,1149,71,449,69,71,26,1,11,8,8,589,28,1
1948,1956,Graduation,Married,0,2,1950,1,0,58116.0,0,1,13-04-2014,38,228,19,130,4,11,51,2,3,3,8,153,16,1
1116,1989,Graduation,Married,0,5,1980,1,0,37155.0,1,0,31-01-2013,51,23,0,26,7,15,3,1,2,0,4,33,7,1
1412,1952,Graduation,Married,0,8,1950,1,0,33402.0,1,1,18-07-2013,60,26,2,19,10,5,8,3,2,1,3,31,9,2
1281,1982,Graduation,Married,0,6,1980,0,5,65169.0,0,0,14-01-2014,23,1074,0,69,0,0,46,1,10,4,13,69,28,0
1796,1975,Master,Married,0,9,1970,1,1,22669.0,1,0,22-05-2013,30,16,14,36,37,22,48,3,4,1,2,87,10,1
816,1967,Graduation,Married,0,8,1960,1,0,35441.0,1,1,14-02-2013,94,25,1,9,2,1,1,2,1,0,3,12,6,2
1071,1979,Graduation,Single,0,4,1970,1,0,61825.0,0,1,07-08-2013,56,162,50,100,55,30,27,1,4,2,8,205,15,1
2109,1964,2n Cycle,Divorced,0,6,1960,1,0,41713.0,1,1,29-04-2014,57,77,8,44,10,10,25,5,3,1,4,62,13,2
993,1965,2n Cycle,Married,0,3,1960,0,1,70924.0,0,0,07-04-2014,41,635,114,254,132,152,76,1,6,6,7,500,20,0
774,1950,Graduation,Single,0,7,1950,0,1,16813.0,0,0,19-07-2013,49,4,8,11,12,2,13,1,2,0,3,31,6,0
1070,1965,PhD,Married,0,3,1960,1,0,57236.0,1,1,12-03-2014,22,105,0,9,2,1,4,3,2,1,4,11,10,2
761,1971,Graduation,Single,0,2,1970,1,0,72258.0,0,1,12-09-2013,28,522,0,522,227,120,134,2,6,9,5,749,22,1
107,1991,PhD,Single,0,9,1990,0,2,68126.0,0,0,10-11-2012,40,1332,17,311,23,51,86,1,7,4,5,351,17,0
1543,1986,Master,Married,0,7,1980,1,0,27161.0,1,0,28-10-2013,41,7,4,23,7,0,11,1,1,0,3,34,5,1
1535,1952,Graduation,Single,0,5,1950,1,0,47958.0,0,1,19-01-2013,8,268,11,88,15,3,22,2,6,3,5,114,16,1
389,1956,2n Cycle,Divorced,0,6,1950,1,0,31395.0,1,1,23-03-2013,80,23,1,25,0,8,7,4,2,1,3,26,10,2
75,1965,Graduation,Married,0,8,1960,0,2,56046.0,0,0,02-01-2013,9,577,0,64,0,0,51,2,10,1,8,64,21,0
547,1970,2n Cycle,Married,0,5,1970,0,0,15315.0,0,0,03-08-2013,27,7,4,13,15,8,17,2,2,0,4,32,8,0
1347,1960,Graduation,Single,0,8,1960,1,0,48904.0,0,1,02-12-2012,1,283,10,38,0,13,27,4,7,2,4,48,17,1
913,1989,Basic,Married,0,8,1980,1,0,25443.0,1,0,22-12-2012,82,1,4,3,8,9,7,1,1,0,3,15,5,1
1338,1976,Graduation,Single,0,6,1970,1,0,47025.0,0,1,07-11-2013,52,254,7,108,20,0,26,3,6,3,5,135,17,1
772,1945,Master,Married,0,2,1940,0,0,62847.0,0,0,15-01-2013,45,521,168,706,80,76,61,1,3,6,4,954,14,0
1914,1976,Graduation,Married,0,3,1970,1,0,56939.0,0,1,18-09-2013,19,256,34,103,90,29,49,2,3,3,10,227,18,1
1004,1987,Basic,Single,0,9,1980,1,0,15038.0,1,0,29-01-2013,93,4,8,11,19,12,26,2,2,1,2,38,7,1
1036,1949,Master,Married,0,8,1940,1,1,62845.0,1,1,01-10-2012,3,1099,0,45,0,0,34,11,3,4,10,45,28,2
1252,1978,Graduation,Divorced,0,3,1970,0,1,71847.0,0,0,21-09-2012,95,737,21,106,55,63,210,0,6,7,9,182,22,0
447,1952,Graduation,Married,0,2,1950,1,0,50300.0,0,1,25-05-2014,52,143,15,60,24,23,5,2,2,1,8,99,13,1
1815,1988,Graduation,Single,0,8,1980,1,0,25008.0,1,0,02-02-2014,72,2,8,8,6,1,9,2,1,0,3,22,6,1
1463,1988,Graduation,Married,0,4,1980,0,4,87679.0,0,0,27-07-2013,62,1259,172,815,97,148,33,1,7,11,10,1084,29,0
1208,1983,Graduation,Married,0,8,1980,1,0,28427.0,1,0,21-03-2013,67,18,3,19,3,3,6,2,2,0,3,25,7,1
2046,1974,Master,Divorced,0,7,1970,1,1,53367.0,1,1,31-08-2013,2,229,7,140,10,3,11,7,5,1,8,157,21,2
87,1957,Graduation,Single,0,7,1950,1,0,51222.5,1,1,27-05-2014,45,7,0,8,2,0,1,1,1,0,2,10,4,2
76,1985,Graduation,Single,0,8,1980,1,0,29760.0,1,0,29-08-2012,87,64,4,68,7,5,17,4,3,1,4,79,12,1
40,1959,PhD,Single,0,2,1950,0,0,51222.5,0,0,05-11-2013,80,81,11,50,3,2,39,1,1,3,4,64,9,0
1429,1972,Graduation,Married,0,6,1970,1,0,26290.0,1,1,12-01-2013,49,15,8,16,11,5,22,4,2,0,4,35,10,2
335,1965,Graduation,Married,0,6,1960,1,0,44300.0,1,1,23-06-2013,65,30,0,9,0,0,3,2,1,0,3,9,6,2
1709,1964,Graduation,Married,0,6,1960,1,1,55761.0,0,1,24-04-2014,97,136,1,12,0,3,32,2,4,1,3,13,10,1
525,1967,Graduation,Married,0,5,1960,1,0,44931.0,0,1,18-01-2014,0,78,0,11,0,0,7,1,2,1,3,11,7,1
1039,1973,PhD,Divorced,0,5,1970,1,1,35860.0,1,1,19-05-2014,37,15,0,8,4,2,20,2,1,1,2,12,6,2
771,1976,Graduation,Divorced,0,9,1970,1,0,40780.0,0,1,08-09-2012,30,229,27,71,13,3,34,4,7,1,5,111,17,1
1722,1949,PhD,Divorced,0,8,1940,1,2,51569.0,0,1,12-02-2013,39,380,0,47,6,0,34,4,7,1,7,53,19,1
683,1973,Graduation,Divorced,0,4,1970,1,0,78901.0,0,1,17-09-2013,99,321,11,309,33,26,34,3,9,3,5,353,20,1
1708,1971,PhD,Married,0,8,1970,1,0,42403.0,1,0,11-12-2013,18,22,1,11,0,5,3,1,1,0,3,12,5,1
194,1968,Graduation,Single,0,1,1960,0,0,75922.0,0,0,09-12-2013,60,265,138,553,224,23,92,1,4,4,9,915,18,0
1057,1971,Graduation,Married,0,9,1970,1,1,36715.0,1,0,17-11-2012,16,172,10,125,21,13,16,6,7,2,4,156,19,1
702,1958,Graduation,Single,0,7,1950,1,0,45160.0,1,1,29-03-2014,9,8,2,5,3,0,3,1,1,0,2,10,4,2
2094,1971,Graduation,Married,0,6,1970,1,0,35788.0,1,1,23-01-2014,34,23,2,11,3,1,4,2,2,0,3,16,7,2
1585,1984,Graduation,Married,0,4,1980,1,0,55434.0,1,0,05-10-2013,21,238,115,215,169,69,76,3,5,3,13,499,24,1
464,1956,Graduation,Married,0,5,1950,1,0,62503.0,0,1,18-02-2013,40,478,0,193,110,75,117,4,8,3,11,303,26,1
1335,1950,2n Cycle,Married,0,6,1950,0,0,52203.0,0,0,31-07-2012,36,488,21,238,56,108,28,1,8,7,11,315,27,0
1915,1951,Graduation,Single,0,1,1950,0,0,80872.0,0,0,12-05-2014,60,483,72,567,94,12,108,1,4,4,10,733,19,0
705,1984,PhD,Married,0,7,1980,1,0,18988.0,1,0,23-05-2014,43,6,0,6,2,1,1,2,1,0,3,8,6,1
47,1964,Master,Married,0,3,1960,0,0,79143.0,0,0,11-08-2012,2,650,37,780,27,167,32,1,6,9,13,844,29,0
607,1961,PhD,Married,0,6,1960,1,0,54456.0,0,1,11-07-2013,23,352,0,27,10,0,15,3,6,1,7,37,17,1
1559,1987,Graduation,Married,0,3,1980,0,1,75794.0,0,0,24-12-2013,33,754,160,625,63,32,48,1,7,5,12,848,25,0
1847,1968,PhD,Divorced,0,7,1960,1,0,50616.0,0,1,18-04-2014,56,128,0,16,0,1,4,2,4,0,4,16,10,1
421,1967,2n Cycle,Married,0,7,1960,1,0,67309.0,1,1,23-01-2013,76,515,47,181,149,95,95,15,9,6,9,377,39,2
970,1981,Master,Married,0,9,1980,1,1,42021.0,1,0,31-08-2012,34,393,5,136,7,5,27,5,10,1,6,148,22,1
6,1971,Graduation,Divorced,0,6,1970,1,0,55635.0,0,1,13-11-2012,34,235,65,164,50,49,27,4,7,3,7,279,21,1
108,1963,Master,Married,0,6,1960,1,1,57288.0,0,1,25-06-2014,27,527,0,21,0,0,60,3,8,1,8,21,20,1
341,1966,PhD,Single,0,3,1960,0,1,69759.0,0,0,28-10-2013,38,452,20,514,13,30,0,3,4,6,5,547,18,0
1195,1986,Basic,Single,0,8,1980,1,0,8940.0,1,0,22-08-2012,25,1,45,3,4,6,42,3,3,1,3,52,10,1
813,1992,Graduation,Single,0,6,1990,0,0,48789.0,0,0,10-09-2012,94,351,16,156,7,5,145,1,6,4,7,179,18,0
508,1944,Master,Married,0,3,1940,0,2,80184.0,0,0,01-03-2014,19,1035,134,670,25,38,0,1,6,3,10,829,20,0
576,1961,Master,Married,0,2,1960,1,0,61794.0,0,1,14-09-2013,74,264,47,188,54,47,11,2,4,4,10,289,20,1
236,1964,PhD,Married,0,6,1960,1,0,31686.0,1,1,05-06-2014,31,11,0,5,0,0,1,2,1,0,3,5,6,2
480,1976,Graduation,Divorced,0,8,1970,1,0,46310.0,1,0,03-12-2012,99,185,2,88,15,5,14,2,6,1,5,105,14,1
2125,1975,Graduation,Married,0,4,1970,1,0,60934.0,0,1,17-01-2014,41,224,155,155,192,93,54,2,6,4,11,502,23,1
1554,1987,Graduation,Divorced,0,1,1980,0,1,81361.0,0,0,25-02-2014,18,163,23,424,27,65,76,1,3,10,13,474,27,0
808,1954,Graduation,Married,0,5,1950,1,2,93404.0,1,2,07-05-2013,97,1279,15,287,20,0,15,3,3,4,7,322,17,3
1043,1965,2n Cycle,Divorced,0,6,1960,1,0,64176.0,0,1,03-08-2012,52,1215,33,249,64,116,149,8,8,9,8,346,33,1
370,1985,Graduation,Married,0,7,1980,1,0,19986.0,1,0,14-11-2013,74,3,6,5,0,2,6,1,0,0,3,11,4,1
2170,1979,Graduation,Married,0,4,1970,1,0,58025.0,0,1,26-11-2013,81,270,31,88,11,48,22,3,3,2,10,130,18,1
1785,1956,Graduation,Married,0,5,1950,1,0,50387.0,0,2,31-08-2013,91,369,9,87,12,14,34,3,6,2,8,108,19,2
442,1980,2n Cycle,Married,0,3,1980,1,0,70829.0,1,1,01-12-2013,87,141,70,106,72,19,23,2,4,2,8,248,16,2
1231,1975,Graduation,Married,0,2,1970,1,0,74190.0,0,1,12-05-2014,49,151,81,86,168,91,64,2,4,2,11,335,19,1
102,1964,Graduation,Married,0,7,1960,1,0,49096.0,1,1,24-09-2013,15,144,1,32,2,1,7,4,4,1,4,35,13,2
1595,1952,PhD,Married,0,7,1950,1,0,54549.0,0,1,03-03-2014,8,216,2,6,0,0,9,2,5,1,4,8,12,1
1549,1976,Master,Single,0,7,1970,1,0,60482.0,0,1,23-01-2013,81,255,43,134,37,14,24,1,7,2,7,214,17,1
900,1955,PhD,Married,0,7,1950,1,2,46015.0,1,1,13-04-2014,25,38,0,2,0,0,6,1,1,0,3,2,5,2
2100,1960,Master,Married,0,5,1960,1,0,41275.0,1,2,24-03-2014,33,24,4,22,0,2,9,4,3,1,3,26,11,3
306,1972,Graduation,Married,0,7,1970,1,0,40321.0,1,1,29-07-2013,59,44,4,21,6,0,27,2,3,0,3,31,8,2
453,1975,Graduation,Married,0,7,1970,1,0,33183.0,1,0,24-02-2014,46,7,5,39,17,15,37,2,4,0,3,61,9,1
1196,1973,Graduation,Married,0,8,1970,1,0,26228.0,1,0,22-09-2013,50,2,6,4,3,1,9,1,1,0,2,13,4,1
1274,1953,Graduation,Married,0,2,1950,0,4,94384.0,0,0,04-03-2013,62,1111,24,790,160,45,172,0,5,8,5,974,18,0
2136,1957,2n Cycle,Married,0,4,1950,1,0,53233.0,0,1,18-03-2014,18,28,0,9,3,0,0,1,1,0,3,12,5,1
1828,1979,Graduation,Single,0,4,1970,1,0,61825.0,0,1,07-08-2013,56,162,50,100,55,30,27,1,4,2,8,205,15,1
888,1971,Graduation,Divorced,0,7,1970,1,0,45684.0,1,0,02-12-2013,37,5,1,5,10,0,7,1,1,0,2,16,4,1
2103,1958,Master,Married,0,7,1950,1,0,49572.0,1,1,15-12-2013,25,35,1,16,0,1,1,2,2,0,3,17,7,2
1558,1980,Graduation,Married,0,7,1980,1,0,34968.0,1,0,10-04-2013,11,158,6,45,8,2,2,7,3,2,5,59,17,1
1899,1956,PhD,Single,0,4,1950,1,1,54998.0,0,1,10-03-2013,3,154,22,202,39,30,8,5,4,2,9,263,20,1
1419,1957,Graduation,Married,0,8,1950,1,1,52852.0,0,1,01-12-2012,93,714,8,99,11,0,47,4,10,7,5,118,26,1
1842,1958,Graduation,Married,0,1,1950,0,1,72905.0,0,0,21-01-2014,52,407,114,445,181,165,203,1,3,7,9,740,20,0
1005,1958,PhD,Divorced,0,4,1950,1,0,32173.0,0,1,01-08-2013,0,18,0,2,0,0,2,1,1,0,3,2,5,1
1276,1970,Graduation,Divorced,0,9,1970,1,0,44267.0,1,1,25-02-2013,48,183,5,65,3,5,49,5,5,2,4,73,16,2
1414,1979,Graduation,Married,0,9,1970,1,1,21645.0,1,0,03-09-2012,75,14,0,23,4,5,19,3,3,0,3,27,9,1
1833,1984,Graduation,Single,0,6,1980,1,0,34738.0,1,0,11-05-2014,51,3,2,10,3,0,2,1,1,0,3,15,5,1
2067,1953,Graduation,Married,0,4,1950,1,0,34587.0,1,1,16-05-2014,68,7,2,9,2,0,2,2,1,0,3,13,6,2
428,1986,2n Cycle,Married,0,8,1980,1,0,7500.0,1,0,07-02-2013,96,1,11,5,4,6,9,2,2,0,3,20,7,1
1642,1955,2n Cycle,Married,0,3,1950,0,1,72635.0,0,0,03-06-2013,54,390,22,323,104,35,107,1,6,8,6,449,21,0
2052,1956,Graduation,Single,0,6,1950,1,0,54252.0,1,1,28-05-2013,25,178,4,26,8,4,44,5,4,1,5,38,15,2
1226,1967,PhD,Married,0,6,1960,1,2,77766.0,0,1,22-02-2013,97,1004,59,265,115,59,27,2,11,10,11,439,34,1
1343,1960,2n Cycle,Married,0,6,1960,1,0,50523.0,1,1,25-12-2013,89,51,4,24,4,7,1,2,2,0,4,32,8,2
898,1954,2n Cycle,Single,0,3,1950,1,0,42607.0,0,1,17-11-2013,30,156,29,56,30,32,47,2,3,2,7,115,14,1
972,1954,Graduation,Divorced,0,3,1950,1,0,64587.0,1,1,22-06-2014,49,66,0,16,0,6,20,2,1,1,4,16,8,2
2056,1949,PhD,Married,0,3,1940,1,0,67911.0,0,1,22-05-2014,63,529,0,356,63,28,0,3,6,7,11,419,27,1
725,1950,PhD,Single,0,5,1950,1,0,48767.0,1,2,01-01-2014,79,28,1,21,3,0,10,3,2,1,3,25,9,3
1604,1948,PhD,Married,0,5,1940,1,0,46681.0,0,2,08-10-2013,52,269,15,69,15,19,38,2,4,6,4,99,16,2
1438,1953,Graduation,Married,0,8,1950,1,0,50725.0,0,1,13-02-2013,45,443,10,75,0,10,48,4,8,1,8,85,21,1
1786,1961,PhD,Married,0,7,1960,1,0,32583.0,1,1,15-06-2014,10,5,0,3,0,0,1,1,1,0,2,3,4,2
596,1975,Basic,Married,0,7,1970,1,0,30801.0,0,1,26-10-2012,23,8,4,5,15,2,11,2,1,0,3,24,6,1
140,1976,Graduation,Married,0,8,1970,1,0,59809.0,0,2,18-10-2012,36,598,16,141,32,41,49,3,3,3,6,189,15,2
242,1985,Graduation,Single,0,6,1980,1,0,29938.0,1,0,27-10-2013,52,3,3,7,0,2,11,2,1,0,3,10,6,1
767,1986,Basic,Married,0,7,1980,1,0,20425.0,1,0,29-10-2012,5,4,12,5,3,16,17,2,2,0,3,20,7,1
181,1966,Graduation,Married,0,5,1960,1,0,61286.0,0,1,02-08-2013,34,356,0,107,19,9,117,2,7,1,8,126,18,1
1822,1951,Master,Single,0,6,1950,1,0,58217.0,2,1,17-11-2012,84,68,1,13,3,5,13,1,2,0,4,17,7,3
161,1959,Graduation,Divorced,0,4,1950,0,1,52332.0,0,0,28-08-2013,63,212,5,33,7,0,2,1,3,2,6,45,12,0
820,1980,2n Cycle,Single,0,6,1980,1,0,45889.0,0,1,02-07-2013,42,31,0,6,0,1,8,1,1,0,3,6,5,1
1475,1955,PhD,Single,0,8,1950,0,2,49667.0,0,0,20-08-2012,35,1181,26,120,17,13,39,2,5,10,5,163,22,0
2161,1955,2n Cycle,Divorced,0,8,1950,1,0,41769.0,0,1,13-02-2013,31,302,29,131,32,0,27,6,8,1,7,192,22,1
1336,1977,2n Cycle,Divorced,0,8,1970,1,1,59601.0,0,1,25-07-2013,14,691,7,69,0,7,23,4,2,2,7,76,15,1
1044,1956,Graduation,Divorced,0,8,1950,0,0,22304.0,0,0,04-08-2012,91,3,2,7,0,4,2,1,1,0,2,9,4,0
1065,1958,PhD,Single,0,2,1950,0,1,71691.0,0,0,17-03-2014,0,336,130,411,240,32,43,1,4,7,5,781,17,0
2003,1973,Graduation,Married,0,4,1970,0,2,65308.0,0,0,11-09-2013,60,713,0,264,120,80,34,1,7,8,12,384,28,0
1516,1987,2n Cycle,Married,0,6,1980,0,0,30390.0,0,0,02-09-2013,5,10,12,12,25,1,20,1,2,0,3,49,6,0
303,1976,Master,Single,0,3,1970,0,0,70893.0,0,0,06-02-2013,42,768,44,561,77,44,14,1,6,6,10,682,23,0
1097,1973,Master,Divorced,0,7,1970,1,0,52034.0,1,1,17-05-2013,67,146,0,93,7,13,73,5,4,2,5,100,16,2
1733,1986,2n Cycle,Married,0,6,1980,1,0,21955.0,1,0,07-09-2013,81,5,1,7,17,14,11,2,2,1,3,25,8,1
1608,1969,Graduation,Married,0,5,1960,1,0,44078.0,1,1,19-06-2014,17,24,1,10,2,0,4,2,2,0,3,13,7,2
619,1970,2n Cycle,Married,0,4,1970,1,0,62466.0,0,1,15-01-2014,13,129,129,259,168,121,83,5,6,3,12,556,26,1
661,1979,Graduation,Single,0,1,1970,0,0,70337.0,0,0,02-01-2014,75,187,81,149,25,43,91,1,2,2,12,255,17,0
268,1986,PhD,Single,0,1,1980,0,2,69867.0,0,0,02-04-2013,30,196,0,512,33,130,54,1,3,5,8,545,17,0
348,1948,PhD,Married,0,5,1940,1,0,46681.0,0,2,08-10-2013,52,269,15,69,15,19,38,2,4,6,4,99,16,2
729,1975,2n Cycle,Married,0,5,1970,1,0,17003.0,1,0,09-12-2013,37,2,5,12,4,8,7,3,2,0,4,21,9,1
1734,1956,Graduation,Married,0,6,1950,1,0,67131.0,0,1,26-03-2013,72,465,71,250,93,35,62,3,9,2,12,414,26,1
1250,1975,Master,Married,0,6,1970,1,1,37368.0,1,0,16-12-2013,4,3,2,11,2,2,10,1,1,0,2,15,4,1
2024,1984,Graduation,Married,0,5,1980,1,0,31761.0,1,0,05-04-2014,96,19,1,20,16,14,28,2,3,0,4,37,9,1
1135,1965,Graduation,Married,0,5,1960,1,0,44375.0,0,1,23-03-2014,73,213,5,28,7,7,41,1,4,1,6,40,12,1
654,1964,PhD,Married,0,5,1960,1,0,59304.0,0,1,29-07-2013,81,418,61,428,80,51,10,3,7,8,10,569,28,1
894,1972,Master,Married,0,7,1970,1,1,35641.0,1,0,14-07-2013,11,63,3,67,8,9,28,2,3,1,4,78,10,1
1479,1971,PhD,Married,0,1,1970,0,0,78931.0,0,0,25-10-2013,19,331,197,170,58,152,35,1,2,8,13,425,24,0
598,1969,Master,Single,0,6,1960,0,0,26877.0,0,0,19-08-2013,74,101,13,76,20,18,40,2,3,1,6,109,12,0
485,1978,Graduation,Divorced,0,3,1970,1,0,55563.0,0,1,05-04-2014,22,29,1,9,2,0,2,1,2,0,3,12,6,1
589,1961,Graduation,Single,0,7,1960,1,0,30081.0,0,1,21-02-2013,27,36,0,2,0,0,4,1,1,0,3,2,5,1
292,1978,PhD,Married,0,4,1970,1,0,46377.0,1,0,01-03-2014,89,37,0,46,4,3,0,1,2,1,3,50,7,1
285,1952,Master,Married,0,8,1950,1,2,55951.0,0,1,23-08-2012,62,1241,0,80,0,13,40,3,3,6,11,80,23,1
1933,1971,Graduation,Married,0,8,1970,1,1,34600.0,1,1,01-01-2013,8,199,33,60,8,3,15,5,5,2,5,101,17,2
177,1984,Master,Married,0,6,1980,1,0,30477.0,1,0,22-01-2014,16,47,1,6,0,0,12,1,1,1,3,7,6,1
535,1964,Graduation,Divorced,0,1,1960,0,1,85620.0,0,0,07-01-2014,68,416,46,925,60,107,46,1,3,6,4,1031,14,0
2089,1969,Graduation,Divorced,0,6,1960,1,1,40590.0,1,1,02-10-2013,30,154,0,50,6,11,37,5,3,4,3,56,15,2
3,1984,Graduation,Married,0,6,1980,1,0,26646.0,1,0,10-02-2014,26,11,4,20,10,3,5,2,2,0,4,34,8,1
1851,1957,PhD,Married,0,4,1950,1,0,44155.0,1,1,19-01-2014,24,22,1,9,0,0,14,1,1,1,2,10,5,2
623,1952,Graduation,Single,0,5,1950,0,0,84574.0,0,0,04-06-2013,72,387,20,713,38,54,163,1,9,11,11,771,32,0
1287,1989,2n Cycle,Married,0,4,1980,1,0,59060.0,1,0,11-01-2014,77,35,40,111,36,40,12,3,3,1,7,187,14,1
1406,1967,Graduation,Divorced,0,7,1960,1,0,70844.0,1,1,30-10-2013,16,129,26,67,3,67,2,5,6,1,5,96,17,2
563,1981,Master,Married,0,8,1980,1,0,36959.0,1,0,02-10-2013,56,25,6,25,6,0,0,2,2,0,3,37,7,1
866,1972,PhD,Single,0,2,1970,0,1,86857.0,0,0,12-09-2012,96,899,102,838,133,102,40,1,5,6,10,1073,22,0
2123,1965,Graduation,Single,0,6,1960,1,1,69263.0,0,1,05-03-2014,14,492,5,32,13,5,21,1,9,1,7,50,18,1
486,1971,PhD,Married,0,6,1970,1,0,78642.0,0,1,21-04-2013,83,1396,0,322,46,35,17,1,4,9,4,368,18,1
275,1974,Graduation,Married,0,7,1970,1,0,30631.0,1,0,12-07-2013,75,15,6,20,4,5,20,1,3,1,2,30,7,1
1215,1984,Basic,Single,0,7,1980,1,0,25707.0,1,0,18-01-2014,18,1,6,2,3,6,3,1,1,0,3,11,5,1
2069,1954,Master,Married,0,7,1950,1,0,45736.0,0,1,24-07-2013,92,188,3,180,20,3,43,5,7,1,6,203,19,1
1163,1962,PhD,Married,0,8,1960,1,0,31497.0,0,1,06-12-2012,22,108,1,28,13,1,4,2,3,1,4,42,10,1
2130,1971,Graduation,Married,0,7,1970,1,1,52914.0,0,1,07-01-2013,32,254,10,44,30,10,227,2,7,3,3,84,15,1
8,1974,PhD,Married,0,9,1970,1,1,30351.0,1,0,06-06-2013,19,14,0,24,3,3,2,1,3,0,2,27,6,1
1285,1965,Master,Married,0,7,1960,1,0,45143.0,0,1,26-08-2013,74,202,5,74,11,5,14,3,6,1,5,90,15,1
1011,1973,Graduation,Married,0,2,1970,0,1,79593.0,0,0,12-05-2014,70,350,60,568,110,133,145,1,5,6,7,738,19,0
48,1977,Graduation,Single,0,7,1970,1,0,35790.0,1,0,02-01-2013,54,12,6,20,30,1,3,2,2,0,3,56,7,1
585,1969,Graduation,Divorced,0,7,1960,1,0,23910.0,1,0,26-10-2012,80,16,12,18,7,1,13,1,2,0,3,37,6,1
1271,1966,Graduation,Married,0,5,1960,1,1,57811.0,0,1,24-06-2013,49,545,7,114,37,21,78,5,7,2,11,158,25,1
1517,1963,Graduation,Single,0,8,1960,0,1,30983.0,0,0,09-11-2012,50,51,4,50,12,1,49,1,4,0,3,66,8,0
186,1988,Graduation,Married,0,8,1980,1,0,38872.0,1,0,30-05-2013,93,23,3,21,3,19,22,2,3,0,3,27,8,1
1661,1985,PhD,Married,0,8,1980,1,0,18169.0,1,0,19-02-2013,40,9,0,5,0,0,7,1,1,0,2,5,4,1
920,1952,2n Cycle,Single,0,6,1950,1,0,64831.0,1,1,10-06-2013,51,480,86,249,75,86,144,8,6,3,5,410,22,2
1578,1973,Master,Married,0,6,1970,1,0,60432.0,0,1,09-03-2014,61,365,3,15,4,3,11,5,7,2,5,22,19,1
301,1967,Graduation,Married,0,7,1960,1,0,22574.0,2,1,28-10-2013,28,25,0,8,2,0,2,2,2,0,3,10,7,3
1130,1963,PhD,Single,0,7,1960,1,0,23091.0,1,1,28-05-2014,98,35,0,11,0,0,2,4,2,1,3,11,10,2
730,1995,Graduation,Single,0,1,1990,0,0,71163.0,0,0,09-03-2014,30,283,17,372,138,106,44,1,3,8,12,527,24,0
916,1971,Graduation,Married,0,4,1970,0,0,71796.0,0,0,24-10-2013,54,354,21,311,167,75,32,1,9,3,4,499,17,0
119,1976,Graduation,Divorced,0,7,1970,1,0,30992.0,1,0,22-04-2013,83,17,0,14,7,3,2,1,1,0,3,21,5,1
1831,1973,Graduation,Divorced,0,7,1970,1,2,60208.0,1,1,07-10-2012,13,488,23,71,15,0,59,11,8,3,7,109,29,2
760,1955,Master,Single,0,3,1950,1,0,51124.0,1,1,18-12-2013,79,26,1,11,0,1,4,2,1,0,3,12,6,2
1159,1971,Graduation,Single,0,7,1970,1,0,26954.0,1,0,08-05-2014,17,4,1,11,0,0,1,1,1,0,2,12,4,1
396,1971,PhD,Divorced,0,6,1970,1,0,65808.0,1,1,30-05-2014,1,155,7,80,13,7,10,3,5,1,5,100,14,2
1245,1963,Master,Single,0,3,1960,1,0,64191.0,0,1,22-01-2013,30,420,15,186,151,38,15,3,5,3,13,352,24,1
1165,1970,Master,Divorced,0,3,1970,0,1,78579.0,0,0,22-12-2012,35,816,66,549,216,66,99,1,5,6,4,831,16,0
849,1986,Master,Single,0,7,1980,1,0,19485.0,2,0,24-09-2013,80,6,0,4,0,0,0,1,1,0,2,4,4,2
2021,1951,Graduation,Divorced,0,2,1950,1,0,67046.0,0,1,06-01-2013,92,544,35,133,23,151,107,2,4,5,4,191,15,1
1664,1952,Graduation,Divorced,0,2,1950,1,0,62335.0,0,1,23-05-2013,87,243,131,217,85,6,26,2,3,3,13,433,21,1
976,1973,Graduation,Married,0,6,1970,1,1,52845.0,1,0,13-08-2013,7,384,25,292,130,41,64,3,8,8,6,447,25,1
614,1960,Graduation,Married,0,7,1960,1,1,70971.0,0,1,21-09-2012,28,1001,17,572,93,125,17,7,11,11,5,682,34,1
439,1955,Graduation,Single,0,3,1950,1,0,57959.0,0,1,02-05-2013,71,430,16,322,43,24,33,5,4,7,11,381,27,1
223,1962,2n Cycle,Divorced,0,7,1960,1,1,81975.0,0,1,05-01-2013,2,983,76,184,180,138,27,1,6,3,4,440,14,1
1513,1953,PhD,Single,0,5,1950,1,0,51411.0,1,2,26-05-2013,81,14,0,3,0,0,1,1,0,0,3,3,4,3
662,1985,2n Cycle,Married,0,9,1980,1,2,36145.0,1,0,16-06-2013,13,56,4,76,17,1,18,4,4,1,3,97,12,1
1994,1984,Graduation,Married,0,7,1980,1,0,38680.0,1,0,28-03-2013,97,11,0,36,15,5,12,1,2,0,3,51,6,1
1758,1950,Graduation,Married,0,5,1950,1,0,34026.0,1,1,05-08-2013,11,18,6,15,12,8,17,3,2,1,3,33,9,2
2057,1984,2n Cycle,Married,0,9,1980,1,1,14796.0,1,0,17-09-2012,1,13,3,8,7,4,16,2,1,0,3,18,6,1
1323,1993,Graduation,Single,0,2,1990,0,1,70515.0,0,0,21-10-2013,12,420,0,452,182,64,140,1,6,6,4,634,17,0
1363,1973,Graduation,Married,0,4,1970,1,0,22682.0,1,0,03-10-2013,51,10,14,29,4,2,36,3,2,1,4,47,10,1
1051,1961,Graduation,Married,0,1,1960,0,1,88347.0,0,0,03-07-2013,32,1050,178,555,77,138,118,1,4,7,9,810,21,0
612,1976,Graduation,Married,0,6,1970,1,0,13624.0,1,0,20-01-2013,93,10,2,15,2,1,6,2,2,0,3,19,7,1
555,1962,Graduation,Single,0,8,1960,1,0,66565.0,0,1,05-12-2012,80,747,10,161,65,40,42,4,4,2,9,236,19,1
2076,1976,2n Cycle,Married,0,7,1970,1,0,25176.0,1,1,10-08-2013,79,4,0,4,0,0,5,1,1,0,2,4,4,2
2030,1983,Graduation,Married,0,5,1980,0,0,69520.0,0,0,07-07-2013,95,627,120,414,121,80,93,1,9,6,5,655,21,0
1283,1960,PhD,Married,0,4,1960,1,0,65695.0,0,1,31-01-2014,50,371,32,189,0,58,6,2,5,4,10,221,21,1
1103,1985,Basic,Single,0,4,1980,0,0,16581.0,0,0,12-01-2013,51,1,3,4,2,3,11,1,0,0,3,9,4,0
1545,1960,PhD,Married,0,8,1960,1,0,38201.0,0,1,29-03-2013,19,233,0,23,0,0,12,4,5,1,5,23,15,1
1124,1986,Graduation,Single,0,9,1980,1,2,26576.0,1,0,13-10-2012,40,10,0,8,0,0,9,1,1,0,2,8,4,1
403,1962,Graduation,Married,0,3,1960,1,0,75072.0,0,1,23-01-2013,83,583,34,309,0,22,125,2,5,4,8,343,19,1
510,1987,Master,Single,0,5,1980,0,1,73454.0,0,0,01-03-2014,95,982,73,351,56,14,175,1,2,4,6,480,13,0
537,1968,Graduation,Married,0,8,1960,1,2,19514.0,1,1,26-01-2014,47,14,3,21,2,1,28,4,3,1,2,26,10,2
736,1969,Graduation,Married,0,8,1960,0,4,80952.0,0,0,28-02-2013,20,778,178,689,41,27,44,1,8,5,11,908,25,0
825,1981,Graduation,Married,0,9,1980,1,0,19419.0,1,0,10-11-2012,76,2,14,28,16,3,7,4,4,0,3,58,11,1
1839,1952,Graduation,Divorced,0,2,1950,1,0,49638.0,0,1,19-04-2014,71,18,10,3,3,5,0,1,1,0,3,16,5,1
1537,1954,Graduation,Married,0,2,1950,1,0,75315.0,0,1,15-04-2014,14,459,15,171,142,23,31,2,5,4,12,328,23,1
1972,1983,Graduation,Married,0,9,1980,0,1,36790.0,0,0,01-03-2013,14,3,3,14,15,21,10,1,2,1,2,32,6,0
1144,1969,Graduation,Single,0,1,1960,0,0,81657.0,0,0,22-01-2014,69,364,40,425,158,60,50,1,3,4,8,623,16,0
983,1953,Master,Married,0,3,1950,1,0,65569.0,0,1,05-11-2012,96,397,46,288,20,38,70,2,6,5,10,354,23,1
1871,1986,Graduation,Married,0,7,1980,1,0,33235.0,1,0,05-02-2014,71,45,0,16,2,1,6,1,3,0,3,18,7,1
1533,1954,Graduation,Divorced,0,1,1950,1,0,79865.0,0,1,18-06-2014,12,71,99,278,185,121,38,1,5,10,5,562,21,1
996,1976,Graduation,Single,0,7,1970,0,0,20180.0,0,0,20-02-2013,27,18,42,24,15,20,18,1,2,1,4,81,8,0
2011,1965,Graduation,Single,0,8,1960,0,0,23478.0,0,0,19-03-2013,51,28,6,27,12,17,39,1,3,0,3,45,7,0
977,1956,Graduation,Divorced,0,4,1950,1,0,46086.0,0,1,03-11-2013,34,244,8,32,7,2,50,4,3,1,8,47,16,1
1660,1987,Master,Divorced,0,5,1980,0,0,61787.0,0,0,06-07-2013,71,621,73,414,78,48,85,1,8,4,6,565,19,0
911,1989,Graduation,Single,0,3,1980,1,0,46107.0,1,0,10-02-2014,78,31,9,27,16,9,33,1,1,1,4,52,7,1
700,1978,Graduation,Married,0,7,1970,1,0,25851.0,1,0,11-02-2013,45,9,4,18,7,5,5,2,2,0,3,29,7,1
560,1968,PhD,Married,0,7,1960,1,0,38443.0,1,1,27-01-2014,58,32,0,5,0,0,1,2,1,0,3,5,6,2
1146,1974,2n Cycle,Married,0,8,1970,0,0,20130.0,0,0,17-03-2014,99,0,6,3,7,6,12,1,1,0,3,16,5,0
495,1976,Graduation,Married,0,3,1970,1,0,65665.0,0,1,02-12-2013,77,225,162,387,106,36,29,1,5,10,8,655,24,1
679,1995,Graduation,Single,0,6,1990,0,0,34824.0,0,0,26-03-2014,65,4,2,11,2,0,4,1,1,0,2,15,4,0
1621,1961,Graduation,Single,0,6,1960,0,1,82014.0,0,0,20-08-2012,48,980,37,265,35,163,31,1,3,6,12,337,22,0
790,1972,Graduation,Married,0,8,1970,1,1,59666.0,1,1,22-03-2013,87,623,53,178,23,17,133,7,3,2,8,254,20,2
231,1968,Graduation,Divorced,0,3,1960,0,1,73455.0,0,0,28-10-2013,98,901,61,757,186,163,20,1,6,5,10,1004,22,0
678,1961,Master,Married,0,3,1960,1,0,61923.0,0,2,26-07-2013,94,92,4,18,3,3,6,1,2,1,4,25,8,2
137,1962,Graduation,Married,0,2,1960,0,0,86111.0,0,0,19-04-2013,73,399,28,756,36,40,126,1,5,7,10,820,23,0
1837,1972,Graduation,Single,0,6,1970,1,0,44503.0,1,1,16-04-2014,83,31,1,8,0,0,8,2,2,0,3,9,7,2
325,1960,Graduation,Divorced,0,3,1960,1,0,62204.0,0,2,12-09-2012,38,317,46,247,151,46,139,1,4,5,12,444,22,2
1710,1983,Graduation,Married,0,8,1980,1,0,37292.0,1,0,18-04-2013,32,275,0,86,10,23,66,5,6,3,5,96,19,1
351,1978,Graduation,Married,0,4,1970,1,0,28442.0,2,0,24-02-2014,53,19,3,10,11,8,6,3,2,1,4,24,10,2
1089,1984,PhD,Single,0,8,1980,1,0,16269.0,1,0,30-08-2013,75,19,3,18,3,1,0,3,3,0,3,24,9,1
1563,1965,Master,Married,0,7,1960,1,0,45143.0,0,1,26-08-2013,74,202,5,74,11,5,14,3,6,1,5,90,15,1
1611,1964,PhD,Divorced,0,5,1960,1,4,64140.0,0,2,23-09-2013,71,1459,0,61,0,15,215,5,2,5,6,61,18,2
749,1977,Graduation,Married,0,2,1970,0,0,74985.0,0,0,11-09-2012,8,587,51,898,247,0,86,1,3,6,7,1196,17,0
1818,1978,PhD,Married,0,2,1970,0,0,72159.0,0,0,29-10-2012,62,322,53,899,34,40,53,1,4,6,10,986,21,0
1975,1972,Graduation,Married,0,8,1970,1,0,30261.0,1,2,25-09-2012,75,8,0,5,0,3,6,1,0,0,3,5,4,3
192,1973,PhD,Single,0,8,1970,1,2,46854.0,1,1,31-03-2014,81,96,1,79,7,1,79,6,5,1,3,87,15,2
1256,1957,PhD,Married,0,9,1950,1,0,37633.0,1,1,20-09-2012,49,13,4,20,0,0,1,2,1,0,3,24,6,2
1357,1948,Graduation,Married,0,1,1940,0,2,92344.0,0,0,15-01-2014,9,992,24,694,51,19,119,0,5,10,5,769,20,0
2005,1947,2n Cycle,Married,0,1,1940,0,0,81044.0,0,0,27-12-2013,0,450,26,535,73,98,26,1,5,6,10,634,22,0
1808,1953,Master,Divorced,0,2,1950,0,4,84953.0,0,0,03-06-2013,73,167,48,602,63,72,72,1,3,10,4,713,18,0
840,1966,Graduation,Married,0,8,1960,1,0,37758.0,1,1,04-10-2012,49,27,2,10,0,0,1,2,1,0,3,12,6,2
1957,1970,Graduation,Single,0,6,1970,1,0,24206.0,1,0,08-03-2013,66,7,2,8,3,2,3,1,1,0,3,13,5,1
1477,1972,Master,Married,0,6,1970,1,0,57136.0,1,1,09-07-2013,48,306,5,109,21,109,92,9,5,2,10,135,26,2
2150,1954,Graduation,Married,0,6,1950,1,2,50501.0,1,1,18-06-2013,10,297,0,38,13,0,152,7,5,4,4,51,20,2
885,1973,Graduation,Married,0,3,1970,0,0,57100.0,0,0,04-12-2013,19,181,21,69,39,3,96,1,3,3,6,129,13,0
587,1978,2n Cycle,Married,0,6,1970,1,0,26224.0,1,0,04-06-2013,39,4,7,15,13,9,15,3,2,1,3,35,9,1
1928,1963,Graduation,Married,0,3,1960,1,0,77226.0,0,1,28-02-2014,29,631,43,239,128,76,21,2,6,8,12,410,28,1
2093,1974,Graduation,Divorced,0,8,1970,1,0,19346.0,1,0,30-01-2014,26,2,0,9,3,6,2,1,1,0,3,12,5,1
1219,1978,PhD,Married,0,8,1970,1,0,27683.0,1,0,04-08-2012,90,152,9,121,12,12,45,4,6,2,4,142,16,1
839,1985,Graduation,Married,0,5,1980,1,0,55357.0,2,0,19-02-2013,66,374,64,116,84,25,64,3,6,2,11,264,22,2
1858,1968,Graduation,Divorced,0,8,1960,1,2,61671.0,0,1,03-06-2014,23,641,7,56,0,0,28,8,10,4,6,63,28,1
67,1973,2n Cycle,Married,0,8,1970,1,0,51222.5,1,0,14-09-2012,25,25,3,43,17,4,17,3,3,0,3,63,9,1
708,1966,Graduation,Married,0,6,1960,1,0,44794.0,0,1,08-06-2014,99,54,0,7,0,0,4,1,2,0,3,7,6,1
414,1953,Graduation,Married,0,8,1950,1,0,48686.0,1,2,04-12-2013,8,10,0,7,2,0,1,1,1,0,2,9,4,3
924,1986,Basic,Single,0,7,1980,0,0,14906.0,0,0,22-12-2012,86,7,7,14,7,16,15,3,2,1,3,28,9,0
986,1963,PhD,Single,0,6,1960,1,0,36736.0,1,1,10-05-2013,52,10,0,3,0,0,4,1,1,0,2,3,4,2
1157,1961,PhD,Divorced,0,7,1960,1,2,54959.0,0,1,19-01-2013,55,1148,0,60,0,0,24,3,9,5,4,60,21,1
331,1969,PhD,Married,0,8,1960,1,2,55212.0,0,1,23-11-2012,65,1103,0,45,0,0,34,3,4,2,11,45,20,1
190,1954,Graduation,Married,0,2,1950,0,1,80067.0,0,0,19-09-2013,82,519,17,813,27,173,51,1,4,6,6,857,17,0
309,1970,Graduation,Single,0,7,1970,1,2,51222.5,1,2,23-08-2013,67,738,20,172,52,50,20,6,2,3,10,244,21,3
697,1982,Graduation,Married,0,7,1980,1,0,50272.0,1,0,07-08-2013,75,99,13,66,43,8,4,3,4,1,5,122,13,1
586,1969,Master,Married,0,8,1960,1,0,42169.0,1,1,19-10-2013,20,19,0,9,0,0,2,2,1,0,3,9,6,2
1586,1983,Graduation,Married,0,7,1980,1,0,28359.0,1,0,27-10-2013,35,6,0,5,2,1,2,1,1,0,2,7,4,1
1494,1973,PhD,Married,0,7,1970,1,0,37401.0,1,0,06-05-2014,14,19,3,19,3,1,3,2,2,0,3,25,7,1
1744,1985,Graduation,Single,0,8,1980,1,0,29760.0,1,0,29-08-2012,87,64,4,68,7,5,17,4,3,1,4,79,12,1
1807,1982,PhD,Married,0,9,1980,1,0,32313.0,1,0,11-02-2013,60,86,4,56,2,4,7,3,4,0,4,62,11,1
644,1963,Graduation,Married,0,6,1960,1,0,56253.0,0,1,07-12-2012,83,509,0,65,7,11,5,4,7,2,9,72,22,1
1903,1984,PhD,Married,0,2,1980,0,4,73356.0,0,0,06-02-2014,56,1050,14,322,0,14,112,1,5,11,5,336,22,0
1152,1981,Graduation,Married,0,3,1980,1,0,54386.0,0,1,17-05-2013,8,277,21,64,62,21,25,2,3,2,10,147,17,1
1318,1959,2n Cycle,Married,0,6,1950,1,0,26887.0,0,1,10-02-2013,27,6,7,4,3,4,6,1,1,0,3,14,5,1
125,1952,Graduation,Married,0,5,1950,1,0,62998.0,0,1,30-09-2013,10,120,58,73,65,89,58,5,5,4,5,196,19,1
400,1976,Graduation,Married,0,4,1970,1,0,53858.0,0,1,09-11-2012,50,407,53,221,58,150,26,4,4,3,6,332,17,1
2158,1954,Graduation,Married,0,7,1950,1,1,32144.0,1,1,23-03-2014,76,41,0,10,0,0,3,4,2,1,3,10,10,2
1378,1951,Master,Married,0,7,1950,1,0,47352.0,0,1,11-04-2013,70,172,12,112,8,0,15,4,6,1,5,132,16,1
1720,1974,Graduation,Married,0,6,1970,1,0,44989.0,0,1,12-09-2012,26,98,0,106,49,10,106,5,5,1,5,155,16,1
220,1972,PhD,Married,0,2,1970,0,0,79930.0,0,0,08-08-2012,72,792,86,740,67,51,17,1,3,5,8,893,17,0
321,1989,PhD,Single,0,4,1980,0,0,33996.0,0,0,11-09-2013,46,40,2,15,8,0,6,1,1,1,3,25,6,0
791,1972,Graduation,Single,0,2,1970,1,0,72504.0,0,1,06-04-2013,43,604,26,470,123,161,94,2,5,9,6,619,22,1
1631,1976,Graduation,Divorced,0,4,1970,1,0,64892.0,0,1,29-05-2014,77,527,24,230,32,24,65,2,6,4,12,286,24,1
1045,1978,Graduation,Married,1,2,1970,0,0,67023.0,0,0,04-03-2014,93,444,44,382,11,8,17,1,3,7,13,437,24,0
1409,1986,2n Cycle,Married,0,7,1980,0,0,20491.0,0,0,25-01-2013,16,5,4,5,4,2,10,1,0,1,2,13,4,0
1017,1959,Graduation,Married,0,3,1950,1,1,61180.0,0,1,23-04-2014,70,403,24,29,6,24,218,2,5,5,6,59,18,1
1147,1990,PhD,Married,0,5,1990,0,0,74214.0,0,0,26-08-2012,3,863,83,547,86,99,33,1,8,2,5,716,16,0
757,1953,Graduation,Married,0,7,1950,1,0,41452.0,1,1,06-03-2013,86,13,0,3,0,0,0,1,1,0,2,3,4,2
477,1969,Graduation,Married,0,7,1960,1,0,14045.0,1,0,26-01-2014,24,11,0,5,2,1,1,1,1,0,3,7,5,1
375,1968,Master,Married,0,7,1960,1,2,43795.0,0,1,16-10-2013,11,314,11,53,4,3,107,3,7,3,4,68,17,1
1228,1963,Graduation,Divorced,0,6,1960,1,0,68118.0,0,1,18-10-2013,51,595,23,123,10,23,154,2,8,9,4,156,23,1
37,1980,Graduation,Married,0,4,1980,1,0,80011.0,0,1,29-04-2013,3,421,76,536,82,178,102,2,8,6,5,694,21,1
282,1980,Graduation,Married,0,4,1980,0,1,82497.0,0,0,31-10-2012,32,777,129,573,216,21,203,1,2,7,9,918,19,0
366,1989,Graduation,Single,0,8,1980,1,0,30279.0,1,0,30-12-2012,13,10,4,14,4,4,1,1,1,0,3,22,5,1
579,1984,PhD,Single,1,7,1980,1,1,39684.0,1,0,12-10-2012,41,19,0,35,6,4,17,2,2,1,2,41,7,1
1243,1958,2n Cycle,Single,0,2,1950,0,0,85485.0,0,0,21-06-2014,73,630,26,611,44,18,54,1,6,6,6,681,19,0
620,1960,2n Cycle,Single,0,7,1960,0,2,32218.0,0,0,15-02-2014,27,10,24,15,13,1,30,1,2,1,3,52,7,0
50,1978,Graduation,Married,0,3,1970,1,0,66373.0,1,1,12-06-2013,57,328,9,124,12,24,109,7,4,2,10,145,23,2
582,1977,Graduation,Married,0,4,1970,1,0,33178.0,1,0,30-01-2014,9,12,6,2,11,2,16,1,1,0,3,19,5,1
974,1978,Graduation,Married,0,6,1970,0,1,75437.0,0,0,09-11-2013,25,795,0,545,95,58,0,1,8,4,10,640,23,0
1843,1951,PhD,Married,0,4,1950,1,0,69702.0,0,1,19-02-2013,8,664,9,240,50,19,57,2,7,7,10,299,26,1
1913,1940,PhD,Single,0,5,1940,0,0,51141.0,0,0,08-07-2013,96,144,0,7,0,0,6,1,3,1,4,7,9,0
372,1973,2n Cycle,Married,0,8,1970,1,0,35688.0,2,1,22-08-2012,94,73,3,90,12,1,32,7,4,1,4,105,16,3
