,Education,HaveChild,Income,Marital_Status,NumWebVisitsMonth,TotalChild,YearRange,MntGoldProds,MntGroceryProducts,MntWines,TotalPurchase
0,Graduation,0,58138.0,Single,7,0,1950,88,806,635,25
1,Graduation,1,46344.0,Single,5,2,1950,6,9,11,6
2,Graduation,0,71613.0,Married,4,0,1960,42,287,426,21
3,Graduation,1,26646.0,Married,6,1,1980,5,34,11,8
4,PhD,1,58293.0,Married,5,1,1980,15,207,173,19
5,Master,1,62513.0,Married,6,1,1960,14,140,520,22
6,Graduation,1,55635.0,Divorced,6,1,1970,27,279,235,21
7,PhD,1,33454.0,Married,8,1,1980,23,69,76,10
8,PhD,1,30351.0,Married,9,1,1970,2,27,14,6
9,Basic,0,7500.0,Married,8,0,1970,16,38,6,6
10,Graduation,0,63033.0,Divorced,2,0,1950,30,766,194,16
11,Master,1,59354.0,Divorced,6,2,1950,14,58,233,15
12,Graduation,0,17323.0,Married,8,0,1980,5,37,3,5
13,PhD,0,82800.0,Single,3,0,1940,45,196,1006,26
14,Graduation,1,41850.0,Married,8,2,1980,4,26,53,9
15,Graduation,0,37760.0,Married,7,0,1940,28,193,84,13
16,Master,1,76995.0,Married,5,1,1940,176,578,1012,26
17,2n Cycle,1,33812.0,Single,6,1,1980,39,66,4,8
18,Graduation,0,37040.0,Married,8,0,1980,48,144,86,12
19,PhD,1,58607.0,Married,8,1,1940,19,86,867,17
20,PhD,1,65324.0,Married,4,1,1950,5,123,384,20
21,Graduation,1,40689.0,Married,8,1,1950,99,69,270,20
22,Graduation,0,18589.0,Single,7,0,1960,13,44,6,8
23,Graduation,1,53359.0,Married,7,2,1970,41,37,173,14
24,Graduation,1,38360.0,Married,3,1,1980,10,64,36,9
25,PhD,0,84618.0,Married,2,0,1960,0,922,684,26
26,Master,0,10979.0,Divorced,5,0,1980,4,16,8,8
27,Master,0,38620.0,Married,3,0,1960,89,95,112,11
28,Graduation,1,40548.0,Married,5,1,1970,3,7,110,9
29,PhD,1,46610.0,Divorced,6,2,1950,43,141,96,17
30,Master,0,68657.0,Married,7,0,1940,22,624,482,18
31,Master,1,49389.0,Single,7,2,1950,3,21,40,6
32,PhD,1,67353.0,Married,2,1,1970,35,168,702,28
33,2n Cycle,1,23718.0,Married,7,1,1970,36,32,6,9
34,Graduation,1,42429.0,Divorced,5,1,1970,4,8,55,7
35,PhD,0,48948.0,Divorced,6,0,1940,42,374,437,24
36,Graduation,1,80011.0,Married,4,1,1980,102,694,421,21
37,Master,1,20559.0,Married,8,1,1980,7,33,13,7
38,Graduation,1,21994.0,Married,5,1,1950,3,9,9,4
39,Master,1,7500.0,Married,5,1,1970,12,14,3,8
40,Graduation,0,79941.0,Single,1,0,1970,174,657,123,16
41,2n Cycle,0,7500.0,Married,9,0,1990,50,47,3,10
42,PhD,1,72550.0,Married,8,2,1950,38,417,826,28
43,Graduation,1,65486.0,Divorced,2,1,1950,14,181,245,17
44,Master,0,79143.0,Married,3,0,1960,32,844,650,29
45,Graduation,1,35790.0,Single,7,1,1970,3,56,12,7
46,Graduation,0,82582.0,Divorced,1,0,1970,241,826,510,21
47,Graduation,1,66373.0,Married,3,2,1970,109,145,328,23
48,Master,0,82384.0,Married,1,0,1950,190,663,984,27
49,Graduation,0,70287.0,Divorced,3,0,1960,40,638,295,21
50,Graduation,1,27938.0,Single,3,1,1980,5,10,13,6
51,PhD,1,55954.0,Married,7,1,1960,43,28,447,19
52,Master,0,75777.0,Single,1,0,1980,80,633,712,21
53,Graduation,1,66653.0,Married,3,2,1970,6,136,452,22
54,Graduation,1,61823.0,Single,7,1,1950,169,178,523,24
55,PhD,1,67680.0,Divorced,5,1,1950,6,48,546,19
56,Graduation,0,70666.0,Married,4,0,1940,30,526,398,16
57,Graduation,1,25721.0,Married,7,1,1970,15,12,1,5
58,Graduation,1,32474.0,Married,7,2,1960,0,1,10,4
59,2n Cycle,1,88194.0,Single,5,1,1970,38,524,688,32
60,Graduation,1,69096.0,Married,4,1,1950,109,215,247,18
61,Graduation,1,74854.0,Married,5,3,1970,73,604,856,19
62,Master,0,66991.0,Married,3,0,1950,12,685,496,21
63,Graduation,1,65031.0,Married,7,1,1950,86,482,258,30
64,PhD,1,60631.0,Married,7,2,1970,19,71,565,24
65,Graduation,0,28332.0,Married,2,0,1950,9,27,14,8
66,Graduation,1,40246.0,Divorced,6,1,1970,1,9,2,4
67,Master,0,75251.0,Married,5,0,1970,18,1133,721,19
68,Graduation,0,75825.0,Single,4,0,1970,51,1021,1032,22
69,2n Cycle,0,26326.0,Married,3,0,1970,9,5,1,4
70,Graduation,0,56046.0,Married,8,0,1960,51,64,577,21
71,Graduation,1,29760.0,Single,8,1,1980,17,79,64,12
72,Graduation,1,26304.0,Married,7,1,1960,4,8,4,4
73,2n Cycle,1,23559.0,Married,7,1,1970,23,31,25,9
74,Master,0,38620.0,Married,3,0,1960,89,95,112,11
75,Graduation,0,81361.0,Divorced,1,0,1980,76,474,163,27
76,Graduation,1,29440.0,Married,7,2,1960,3,32,17,7
77,Master,1,36138.0,Married,7,2,1970,5,16,130,13
78,Graduation,1,50388.0,Single,7,1,1950,34,43,292,17
79,Graduation,0,79593.0,Married,2,0,1970,145,738,350,19
80,Graduation,1,54178.0,Married,2,1,1960,7,52,135,10
81,Master,1,42394.0,Single,7,1,1970,4,12,15,5
82,PhD,1,23626.0,Married,5,1,1970,0,16,27,10
83,Graduation,1,30096.0,Married,6,1,1980,9,26,5,6
84,Graduation,1,47916.0,Divorced,6,1,1960,75,26,505,22
85,Graduation,1,51813.0,Divorced,7,2,1970,2,9,51,7
86,2n Cycle,0,78497.0,Married,2,0,1950,223,548,207,25
87,PhD,0,50150.0,Married,5,0,1980,11,203,135,16
88,2n Cycle,1,47823.0,Single,8,1,1960,10,8,53,7
89,PhD,1,34554.0,Single,6,1,1950,5,9,41,7
90,Graduation,1,85693.0,Married,5,1,1970,111,540,386,27
91,PhD,0,65846.0,Married,4,0,1940,81,437,562,16
92,Graduation,0,87195.0,Married,1,0,1950,38,816,217,20
93,Basic,1,24594.0,Married,5,1,1970,9,19,1,5
94,Graduation,1,49096.0,Married,7,2,1960,7,35,144,13
95,Graduation,1,52413.0,Married,6,2,1960,65,452,295,26
96,Graduation,1,38557.0,Single,7,1,1970,27,38,76,9
97,Master,0,89058.0,Married,2,0,1960,43,331,454,14
98,Graduation,1,77298.0,Married,3,1,1970,79,430,425,24
99,PhD,0,68126.0,Single,9,0,1990,86,351,1332,17
100,Master,1,57288.0,Married,6,1,1960,60,21,527,20
101,Graduation,0,86037.0,Single,3,0,1990,22,198,490,25
102,PhD,1,43974.0,Married,7,1,1980,72,101,378,21
103,Graduation,1,50785.0,Single,6,2,1960,27,22,64,8
104,Graduation,0,90765.0,Married,1,0,1970,33,1062,547,15
105,2n Cycle,1,36550.0,Married,9,1,1970,120,307,47,20
106,2n Cycle,1,30753.0,Married,5,2,1960,30,30,12,7
107,Graduation,1,21918.0,Married,6,1,1960,3,24,1,7
108,Master,1,56129.0,Married,4,1,1950,48,220,320,22
109,Master,1,32557.0,Single,5,1,1960,10,32,34,9
110,Master,1,19510.0,Married,7,2,1980,7,10,9,6
111,Graduation,1,30992.0,Divorced,7,1,1970,2,21,17,5
112,2n Cycle,0,71488.0,Married,1,0,1960,172,197,162,16
113,Graduation,0,79607.0,Single,1,0,1980,216,1257,450,16
114,Master,1,54348.0,Married,6,2,1950,4,16,70,8
115,PhD,1,77376.0,Married,4,2,1950,12,145,492,23
116,Graduation,1,62998.0,Married,5,1,1950,58,196,120,19
117,Master,1,61331.0,Single,8,2,1950,41,52,534,23
118,Graduation,0,73448.0,Married,4,0,1960,130,318,236,19
119,PhD,1,41551.0,Married,8,2,1960,23,36,220,16
120,PhD,0,62981.0,Married,3,0,1960,0,642,796,23
121,Basic,1,9548.0,Divorced,8,1,1970,9,14,0,6
122,PhD,1,33762.0,Married,8,3,1950,16,37,53,9
123,PhD,1,35860.0,Single,5,2,1970,20,12,15,6
124,PhD,1,36921.0,Divorced,7,2,1960,4,16,17,7
125,Master,0,92859.0,Single,2,0,1990,20,1034,962,22
126,Master,1,65104.0,Married,7,1,1970,50,245,738,17
127,Graduation,0,86111.0,Married,2,0,1960,126,820,399,23
128,PhD,1,68352.0,Single,6,1,1970,33,191,614,25
129,Graduation,1,41883.0,Married,7,1,1980,116,148,32,12
130,Graduation,1,59809.0,Married,8,2,1970,49,189,598,15
131,Graduation,1,23957.0,Married,6,1,1970,16,39,2,6
132,Graduation,1,38547.0,Married,8,1,1980,4,11,6,4
133,2n Cycle,1,35688.0,Married,8,3,1970,32,105,73,16
134,Master,0,49605.0,Married,3,0,1960,8,57,42,8
135,Master,1,59354.0,Married,3,2,1950,13,138,295,16
136,Graduation,1,65747.0,Married,6,1,1960,13,88,346,19
137,2n Cycle,1,46344.0,Married,7,1,1970,91,85,233,17
138,Graduation,1,34176.0,Single,6,1,1980,20,50,5,11
139,PhD,1,61010.0,Married,5,1,1950,76,57,888,26
140,Graduation,0,69372.0,Married,4,0,1940,42,329,997,21
141,Graduation,1,49967.0,Single,7,1,1950,3,79,212,15
142,Graduation,1,60199.0,Single,4,3,1970,0,10,8,4
143,Graduation,1,55375.0,Married,2,1,1970,14,78,42,9
144,Graduation,0,80317.0,Single,1,0,1950,57,547,536,18
145,Master,1,30523.0,Single,7,3,1950,5,3,5,4
146,PhD,0,70356.0,Married,6,0,1940,33,308,1349,27
147,Graduation,1,23228.0,Married,8,1,1980,5,59,53,11
148,PhD,0,74165.0,Divorced,2,0,1970,12,268,1001,20
149,Graduation,1,43482.0,Married,6,3,1960,28,39,18,9
150,Graduation,0,62551.0,Divorced,3,0,1950,27,248,125,18
151,Graduation,0,52332.0,Divorced,4,0,1950,2,45,212,12
152,Graduation,0,66951.0,Single,1,0,1980,124,640,277,15
153,Graduation,1,26091.0,Married,5,2,1950,20,37,15,9
154,Graduation,1,33456.0,Married,7,2,1960,7,21,7,6
155,Graduation,1,28718.0,Married,8,1,1980,16,21,12,7
156,Graduation,1,50447.0,Married,6,2,1970,27,33,85,8
157,PhD,1,53537.0,Married,5,2,1950,6,6,81,8
158,Graduation,1,52074.0,Single,4,1,1960,48,12,59,7
159,PhD,1,80427.0,Married,5,1,1970,26,589,1149,28
160,PhD,0,83837.0,Married,4,0,1940,111,271,847,25
161,PhD,1,38853.0,Married,7,2,1970,2,14,29,7
162,Graduation,1,38285.0,Married,2,3,1950,1,7,2,4
163,2n Cycle,0,78497.0,Married,2,0,1950,223,548,207,25
164,PhD,1,51650.0,Married,5,1,1970,7,27,152,10
165,2n Cycle,1,16248.0,Married,6,1,1980,9,24,12,9
166,Master,0,66835.0,Married,2,0,1940,141,255,620,24
167,Master,1,30477.0,Married,6,1,1980,12,7,47,6
168,Basic,0,28249.0,Married,6,0,1960,10,18,1,6
169,Graduation,1,25271.0,Married,9,1,1980,7,29,10,5
170,PhD,1,32303.0,Single,5,1,1970,2,2,35,7
171,Graduation,1,61286.0,Married,5,1,1960,117,126,356,18
172,Graduation,0,74068.0,Married,2,0,1970,15,707,783,24
173,PhD,1,45759.0,Married,7,2,1960,4,22,42,7
174,Basic,1,24882.0,Married,6,1,1970,36,43,1,5
175,PhD,0,66973.0,Married,3,0,1980,102,601,466,28
176,Graduation,1,38872.0,Married,8,1,1980,22,27,23,8
177,Graduation,1,51148.0,Married,6,2,1970,12,59,235,16
178,Graduation,1,31353.0,Married,8,2,1970,7,13,10,6
179,Master,0,69661.0,Married,3,0,1980,8,154,656,23
180,Graduation,0,80067.0,Married,2,0,1950,51,857,519,17
181,Graduation,0,86718.0,Married,2,0,1950,172,721,344,17
182,PhD,1,46854.0,Single,8,2,1970,79,87,96,15
183,Graduation,1,69142.0,Divorced,5,1,1950,39,44,448,19
184,Graduation,0,75922.0,Single,1,0,1960,92,915,265,18
185,Graduation,1,63693.0,Divorced,6,1,1970,54,422,587,29
186,PhD,1,40637.0,Single,7,2,1960,3,13,22,6
187,Master,0,18890.0,Single,6,0,1980,15,12,6,4
188,Graduation,1,29604.0,Married,9,1,1980,14,26,7,5
189,Master,1,48721.0,Divorced,6,2,1960,21,178,81,17
190,Graduation,1,44794.0,Married,6,1,1960,4,7,54,6
191,Graduation,1,64497.0,Divorced,8,1,1950,192,410,1170,29
192,Graduation,1,46097.0,Married,4,1,1950,8,157,72,15
193,Graduation,0,77972.0,Married,1,0,1950,12,374,613,20
194,PhD,1,44377.0,Married,8,2,1960,10,30,224,19
195,Master,1,46014.0,Married,7,2,1970,44,78,410,26
196,Graduation,0,70951.0,Married,1,0,1980,54,818,239,17
197,Graduation,1,41443.0,Married,8,1,1970,89,203,171,20
198,2n Cycle,1,52195.0,Single,8,3,1970,1,4,12,4
199,Master,0,83790.0,Married,3,0,1940,16,475,1076,25
200,Master,1,44551.0,Divorced,7,1,1950,66,37,182,12
201,Graduation,1,69508.0,Married,6,1,1980,43,236,824,28
202,2n Cycle,1,45204.0,Married,3,1,1980,18,65,30,7
203,Graduation,0,72460.0,Married,1,0,1960,10,630,377,16
204,PhD,1,77622.0,Married,3,2,1970,14,180,520,22
205,PhD,1,30732.0,Married,8,1,1980,3,26,155,13
206,Graduation,1,63887.0,Divorced,6,1,1960,92,245,897,32
207,Graduation,1,42011.0,Married,8,1,1970,39,18,131,12
208,Graduation,1,51369.0,Married,8,1,1970,182,86,297,16
209,Graduation,1,51537.0,Divorced,8,1,1950,92,224,787,18
210,PhD,0,79930.0,Married,2,0,1970,17,893,792,17
211,PhD,1,34320.0,Married,8,1,1980,0,13,4,4
212,Graduation,1,37070.0,Single,7,2,1960,39,148,231,23
213,2n Cycle,1,81975.0,Divorced,7,1,1960,27,440,983,14
214,Graduation,1,38590.0,Married,8,1,1970,3,13,3,4
215,Graduation,0,15033.0,Single,3,0,1950,4,15,0,5
216,PhD,1,62745.0,Married,5,1,1960,32,513,562,29
217,2n Cycle,1,22212.0,Married,6,1,1970,21,35,5,8
218,Master,1,23661.0,Married,7,1,1980,1,4,18,5
219,PhD,1,79761.0,Single,3,1,1950,11,144,415,19
220,Graduation,1,7500.0,Single,7,1,1970,20,25,5,11
221,Graduation,0,73455.0,Divorced,3,0,1960,20,1004,901,22
222,Graduation,1,64961.0,Married,3,1,1950,38,465,382,16
223,Graduation,1,22804.0,Single,9,1,1970,1,10,14,5
224,Graduation,0,73687.0,Married,2,0,1990,181,874,559,22
225,Graduation,1,61074.0,Married,7,1,1950,152,133,789,31
226,PhD,1,31686.0,Married,6,2,1960,1,5,11,6
227,Graduation,1,80134.0,Married,6,1,1970,80,392,1218,16
228,Graduation,1,75027.0,Married,5,1,1950,77,376,925,21
229,PhD,0,67546.0,Married,3,0,1980,172,1052,864,20
230,Master,1,65176.0,Married,6,1,1960,70,431,960,25
231,Master,1,31160.0,Single,8,1,1970,13,34,16,7
232,Graduation,1,29938.0,Single,6,1,1980,11,10,3,6
233,2n Cycle,0,26490.0,Married,6,0,1950,25,120,45,11
234,Graduation,1,75702.0,Married,8,2,1960,30,426,650,26
235,PhD,1,30899.0,Single,6,1,1970,1,8,24,6
236,PhD,1,63342.0,Married,6,1,1960,21,152,918,19
237,Graduation,1,45989.0,Single,3,1,1960,12,148,138,16
238,Graduation,1,18701.0,Single,5,2,1960,10,16,12,10
239,PhD,1,40737.0,Single,8,3,1950,2,4,11,4
240,Graduation,1,15287.0,Divorced,7,1,1970,13,14,1,6
241,PhD,1,69674.0,Divorced,5,2,1960,24,267,554,25
242,Master,1,44159.0,Married,5,1,1970,7,88,167,15
243,PhD,1,37717.0,Married,9,1,1970,5,10,9,4
244,Master,1,43776.0,Married,8,2,1950,20,76,177,17
245,Master,1,38179.0,Married,7,2,1960,20,30,38,11
246,Graduation,0,80124.0,Married,1,0,1960,241,687,483,19
247,PhD,1,38097.0,Married,7,2,1970,69,37,77,11
248,Graduation,0,72940.0,Married,1,0,1970,116,534,182,13
249,Graduation,1,22070.0,Married,6,1,1970,21,34,10,8
250,Graduation,0,69267.0,Single,7,0,1950,146,638,778,14
251,Master,1,31788.0,Single,5,1,1980,6,30,16,10
252,PhD,1,61905.0,Married,5,1,1970,13,49,167,12
253,Graduation,1,29315.0,Married,6,2,1960,4,24,13,10
254,Graduation,1,33378.0,Divorced,7,2,1960,10,49,33,9
255,PhD,1,66313.0,Married,4,1,1960,7,116,625,23
256,Graduation,0,60714.0,Single,5,0,1950,162,487,216,23
257,Master,0,77882.0,Married,1,0,1980,15,713,68,12
258,PhD,0,69867.0,Single,1,0,1980,54,545,196,17
259,Master,1,63841.0,Divorced,6,1,1960,131,135,635,22
260,Basic,1,24480.0,Married,7,1,1980,17,56,4,10
261,Graduation,1,51369.0,Married,8,1,1970,182,86,297,16
262,Graduation,0,37760.0,Married,7,0,1940,28,193,84,13
263,PhD,1,65640.0,Married,2,1,1970,66,176,204,15
264,Master,1,44319.0,Married,5,2,1970,3,8,26,7
265,Graduation,1,30631.0,Married,7,1,1970,20,30,15,7
266,Graduation,0,75278.0,Married,3,0,1950,74,478,304,23
267,Master,1,50898.0,Married,5,2,1950,135,325,285,33
268,Graduation,0,79946.0,Divorced,3,0,1960,28,914,395,22
269,Master,0,35416.0,Divorced,8,0,1940,51,88,248,16
270,2n Cycle,0,32414.0,Married,7,0,1980,12,11,20,5
271,Graduation,1,38361.0,Married,7,1,1960,14,76,39,10
272,Graduation,0,82497.0,Married,4,0,1980,203,918,777,19
273,Graduation,1,16626.0,Married,9,2,1970,13,46,8,9
274,Graduation,1,29672.0,Married,6,2,1960,8,4,9,4
275,Master,1,55951.0,Married,8,1,1950,40,80,1241,23
276,2n Cycle,1,35388.0,Divorced,7,1,1980,8,15,6,5
277,Master,1,42386.0,Married,8,1,1980,11,20,65,7
278,Graduation,0,68627.0,Single,1,0,1980,38,338,395,12
279,PhD,1,57912.0,Divorced,5,1,1960,35,80,801,28
280,Graduation,1,35246.0,Divorced,5,2,1950,10,14,36,11
281,2n Cycle,1,58821.0,Married,6,1,1950,28,187,513,21
282,PhD,1,46377.0,Married,4,1,1970,0,50,37,7
283,Graduation,1,39747.0,Single,8,1,1980,52,128,80,13
284,Graduation,1,23976.0,Married,7,1,1980,25,24,14,10
285,Master,0,80950.0,Married,2,0,1960,63,478,525,23
286,Graduation,0,27038.0,Divorced,9,0,1960,15,68,1,7
287,Graduation,0,77457.0,Single,1,0,1940,11,426,675,18
288,Master,1,64100.0,Married,7,1,1960,10,27,509,18
289,Master,0,42670.0,Married,4,0,1990,15,68,154,11
290,Graduation,1,12571.0,Divorced,6,1,1970,17,21,3,11
291,Graduation,1,22574.0,Married,7,3,1960,2,10,25,7
292,Master,0,70893.0,Single,3,0,1970,14,682,768,23
293,Graduation,1,54198.0,Married,4,2,1960,17,31,185,16
294,Master,1,28839.0,Married,5,2,1950,1,7,24,7
295,Graduation,1,40321.0,Married,7,2,1970,27,31,44,8
296,Graduation,1,66503.0,Single,3,1,1980,50,257,91,15
297,Graduation,1,30833.0,Married,5,2,1950,6,10,11,6
298,Graduation,1,64795.0,Married,2,1,1970,77,162,412,21
299,Graduation,1,34421.0,Married,7,1,1970,9,16,3,4
300,PhD,1,47025.0,Divorced,7,2,1960,1,3,16,4
301,PhD,1,64325.0,Divorced,7,1,1960,73,491,731,23
302,Graduation,1,40464.0,Single,8,1,1950,41,142,424,24
303,Graduation,0,62187.0,Married,3,0,1950,126,320,792,18
304,PhD,1,14849.0,Divorced,8,1,1970,9,33,21,9
305,Graduation,1,27255.0,Married,7,1,1980,2,12,22,5
306,PhD,1,54432.0,Married,4,3,1950,0,5,33,5
307,PhD,1,29999.0,Single,8,1,1980,11,76,68,12
308,Graduation,1,24072.0,Single,8,1,1980,4,10,9,4
309,PhD,0,33996.0,Single,4,0,1980,6,25,40,6
310,PhD,1,66334.0,Married,5,1,1950,23,229,909,19
311,Master,1,35178.0,Married,7,1,1970,18,16,23,5
312,Graduation,1,22010.0,Married,8,1,1980,8,14,11,7
313,Graduation,1,62204.0,Divorced,3,2,1960,139,444,317,22
314,Graduation,0,75693.0,Divorced,4,0,1960,30,518,797,22
315,Graduation,1,30675.0,Married,8,1,1970,21,29,10,5
316,Graduation,0,83003.0,Married,3,0,1960,122,671,856,22
317,Graduation,0,68655.0,Single,3,0,1980,38,926,456,21
318,Graduation,0,41411.0,Divorced,6,0,1980,18,81,37,8
319,PhD,1,55212.0,Married,8,1,1960,34,45,1103,20
320,PhD,1,59292.0,Married,3,1,1950,14,101,378,18
321,Basic,1,27190.0,Married,8,1,1970,3,13,1,4
322,Graduation,0,82623.0,Divorced,1,0,1950,173,410,204,16
323,Graduation,1,44300.0,Married,6,2,1960,3,9,30,6
324,Graduation,0,84835.0,Divorced,1,0,1970,218,594,189,15
325,Graduation,1,30372.0,Divorced,7,2,1970,7,19,15,8
326,Master,1,33181.0,Married,6,1,1970,4,3,9,4
327,Graduation,1,71113.0,Married,4,1,1950,8,299,495,26
328,Graduation,1,71952.0,Married,4,1,1980,93,587,656,22
329,PhD,0,69759.0,Single,3,0,1960,0,547,452,18
330,Graduation,0,72099.0,Married,1,0,1970,22,620,546,18
331,PhD,1,60000.0,Single,6,1,1970,12,217,1048,24
332,Graduation,1,38643.0,Single,7,2,1970,10,16,22,7
333,Graduation,1,50737.0,Married,6,1,1950,10,11,78,7
334,PhD,0,68462.0,Married,1,0,1960,48,933,561,15
335,Master,0,65073.0,Married,2,0,1940,8,263,629,14
336,PhD,1,46681.0,Married,5,2,1940,38,99,269,16
337,Graduation,0,78618.0,Married,2,0,1950,61,1193,736,22
338,PhD,1,62187.0,Divorced,4,1,1960,41,83,512,21
339,Graduation,1,28442.0,Married,4,2,1970,6,24,19,10
340,PhD,1,37717.0,Married,9,1,1970,5,10,9,4
341,Graduation,1,51479.0,Married,7,2,1960,65,174,247,22
342,Graduation,1,54803.0,Single,4,1,1960,142,120,404,19
343,Graduation,0,79530.0,Married,2,0,1960,29,944,333,26
344,Graduation,1,31615.0,Divorced,7,1,1970,9,29,2,7
345,Graduation,0,72025.0,Married,3,0,1960,233,733,833,16
346,PhD,1,52614.0,Single,8,1,1970,38,154,789,16
347,2n Cycle,1,35684.0,Married,6,1,1980,3,11,10,5
348,Graduation,1,48178.0,Married,8,2,1970,38,55,159,16
349,Master,1,29548.0,Single,4,1,1970,11,10,7,5
350,Graduation,1,63810.0,Single,8,1,1960,101,281,977,23
351,PhD,1,38578.0,Single,8,2,1970,3,29,38,9
352,Master,1,46098.0,Single,8,2,1970,36,27,57,11
353,Graduation,0,22585.0,Single,9,0,1970,39,37,3,5
354,Graduation,1,30279.0,Single,8,1,1980,1,22,10,5
355,PhD,1,66426.0,Married,6,1,1960,157,153,1043,20
356,Graduation,1,30822.0,Single,7,1,1960,12,24,3,5
357,PhD,1,33581.0,Married,8,2,1960,1,5,11,4
358,Graduation,1,19986.0,Married,7,1,1980,6,11,3,4
359,Graduation,0,27421.0,Divorced,7,0,1950,55,186,43,14
360,2n Cycle,1,35688.0,Married,8,3,1970,32,105,73,16
361,Master,1,36143.0,Single,3,1,1980,6,1,12,4
362,Graduation,1,10245.0,Single,5,1,1970,13,20,4,8
363,Master,1,43795.0,Married,7,1,1960,107,68,314,17
364,Graduation,1,63381.0,Married,2,1,1960,159,225,571,26
365,Graduation,1,38823.0,Married,6,1,1940,23,13,70,7
366,PhD,1,83664.0,Divorced,5,2,1960,86,200,866,19
367,Graduation,0,90300.0,Married,1,0,1970,57,953,594,19
368,Master,1,62499.0,Married,4,1,1970,4,65,140,12
369,Graduation,0,74293.0,Single,2,0,1990,81,580,375,16
370,PhD,0,51012.0,Married,6,0,1940,24,74,102,10
371,Master,1,70777.0,Married,3,1,1960,78,148,554,23
372,PhD,0,68682.0,Married,2,0,1990,45,604,919,24
373,Graduation,1,43824.0,Married,8,2,1970,32,55,96,12
374,Graduation,1,15345.0,Married,8,1,1980,19,21,5,6
375,Graduation,1,23442.0,Single,7,1,1980,5,14,2,5
376,2n Cycle,1,14515.0,Married,7,1,1980,35,19,6,11
377,2n Cycle,1,31395.0,Divorced,6,2,1950,7,26,23,10
378,Graduation,0,75276.0,Married,5,0,1960,21,367,610,23
379,Graduation,1,42373.0,Single,5,2,1970,19,69,67,13
380,Graduation,0,30507.0,Married,7,0,1960,110,148,65,11
381,PhD,1,55521.0,Single,7,3,1950,4,26,416,24
382,Graduation,1,48006.0,Married,6,2,1960,2,14,23,5
383,PhD,1,27213.0,Single,8,1,1970,3,39,19,9
384,PhD,1,65808.0,Divorced,6,2,1970,10,100,155,14
385,PhD,1,30351.0,Married,9,1,1970,2,27,14,6
386,Graduation,1,50437.0,Married,7,2,1960,4,107,370,19
387,2n Cycle,1,23616.0,Single,8,1,1980,32,36,4,8
388,Graduation,1,53858.0,Married,4,1,1970,26,332,407,17
389,PhD,1,66465.0,Married,6,1,1950,14,242,1200,35
390,Graduation,1,46923.0,Single,7,1,1980,6,200,85,16
391,Graduation,1,75072.0,Married,3,1,1960,125,343,583,19
392,PhD,0,75865.0,Married,1,0,1940,12,747,483,19
393,2n Cycle,1,19789.0,Married,5,1,1970,28,42,2,9
394,Graduation,0,80134.0,Married,5,0,1990,26,360,966,21
395,Graduation,0,91065.0,Single,3,0,1980,114,401,822,26
396,Master,1,49505.0,Married,8,2,1970,28,119,604,29
397,PhD,1,37401.0,Married,7,1,1970,3,25,19,7
398,Graduation,1,30096.0,Married,6,1,1980,9,26,5,6
399,Master,1,18492.0,Married,8,1,1980,1,6,2,4
400,Master,0,82584.0,Married,1,0,1970,68,200,1076,16
401,PhD,0,93027.0,Married,2,0,1940,21,813,1285,22
402,Graduation,1,48686.0,Married,8,3,1950,1,9,10,4
403,Graduation,0,92910.0,Married,1,0,1980,33,1108,551,27
404,Graduation,1,75433.0,Married,6,1,1980,57,297,800,19
405,2n Cycle,1,10404.0,Married,5,1,1980,12,23,2,7
406,Graduation,1,61314.0,Married,3,1,1960,172,286,378,24
407,PhD,0,84865.0,Single,4,0,1960,16,408,1248,16
408,Graduation,1,42387.0,Married,8,1,1980,191,254,235,21
409,2n Cycle,1,67309.0,Married,7,2,1960,95,377,515,39
410,Graduation,1,75236.0,Married,4,1,1960,114,478,438,25
411,Graduation,1,30015.0,Single,5,1,1970,5,24,25,7
412,Master,1,50943.0,Married,5,1,1950,6,9,31,5
413,Graduation,1,67272.0,Divorced,5,1,1960,14,334,357,23
414,Master,1,51529.0,Divorced,8,1,1940,22,45,400,17
415,PhD,1,32011.0,Married,7,1,1970,5,17,99,10
416,2n Cycle,1,7500.0,Married,8,1,1980,9,20,1,7
417,Graduation,1,28691.0,Married,8,1,1980,4,25,5,5
418,PhD,1,56223.0,Married,4,1,1940,4,75,77,10
419,Graduation,0,18100.0,Married,5,0,1940,1,7,3,4
420,Graduation,1,30279.0,Single,8,1,1980,1,22,10,5
421,2n Cycle,0,20130.0,Married,8,0,1970,12,16,0,5
422,Graduation,0,23295.0,Divorced,8,0,1950,5,3,0,4
423,Master,1,42618.0,Divorced,8,1,1970,10,101,76,11
424,Graduation,0,81246.0,Single,1,0,1960,37,788,398,17
425,Graduation,1,24027.0,Married,8,1,1970,5,29,14,7
426,PhD,1,55707.0,Married,3,1,1950,35,119,208,16
427,Graduation,1,57959.0,Single,3,1,1950,33,381,430,27
428,Graduation,1,56796.0,Married,7,1,1960,37,261,656,27
429,Master,1,36230.0,Single,5,1,1970,3,40,14,7
430,2n Cycle,1,70829.0,Married,3,2,1980,23,248,141,16
431,Graduation,1,65991.0,Married,7,1,1970,9,408,507,27
432,Graduation,1,38988.0,Married,8,3,1970,42,139,164,19
433,2n Cycle,0,89572.0,Single,4,0,1960,64,1195,606,24
434,Master,1,42207.0,Married,6,1,1980,46,86,116,14
435,Graduation,1,50300.0,Married,2,1,1950,5,99,143,13
436,2n Cycle,0,66664.0,Married,3,0,1980,32,763,398,19
437,Graduation,1,60597.0,Married,7,1,1960,66,289,522,16
438,Graduation,0,70165.0,Divorced,1,0,1940,122,452,161,22
439,PhD,1,50520.0,Divorced,6,1,1950,14,8,112,9
440,Graduation,0,80124.0,Married,1,0,1960,241,687,483,19
441,Graduation,1,33183.0,Married,7,1,1970,37,61,7,9
442,PhD,0,66582.0,Single,1,0,1960,0,461,789,20
443,PhD,0,75261.0,Married,2,0,1950,17,453,1239,17
444,Graduation,1,31880.0,Divorced,8,1,1970,3,8,4,4
445,Graduation,1,53790.0,Married,6,2,1950,5,197,335,20
446,PhD,1,49269.0,Married,7,1,1970,58,185,639,25
447,Graduation,1,61456.0,Married,4,1,1970,89,544,563,33
448,Graduation,1,37406.0,Married,8,1,1980,3,10,2,4
449,PhD,1,56937.0,Married,6,1,1980,8,144,746,30
450,Graduation,1,38415.0,Married,7,2,1970,4,18,22,6
451,Graduation,1,20518.0,Single,5,1,1980,9,11,4,5
452,Graduation,1,62503.0,Married,5,1,1950,117,303,478,26
453,PhD,1,41644.0,Single,3,2,1970,2,9,20,6
454,Master,1,55842.0,Married,5,1,1970,24,39,451,17
455,PhD,1,62010.0,Married,5,1,1970,92,67,371,19
456,Graduation,1,41124.0,Married,8,1,1970,119,106,281,21
457,Master,1,38961.0,Married,7,1,1970,24,26,19,6
458,Master,1,37760.0,Divorced,6,1,1970,0,18,26,6
459,Graduation,1,32233.0,Single,9,1,1970,72,75,138,12
460,Graduation,1,43057.0,Married,5,1,1970,5,46,213,15
461,Master,0,83151.0,Married,3,0,1960,18,248,407,19
462,PhD,0,78825.0,Divorced,3,0,1960,18,357,483,29
463,Master,1,65104.0,Married,7,1,1970,50,245,738,17
464,Graduation,1,60093.0,Married,6,1,1970,90,137,502,21
465,Graduation,1,14045.0,Married,7,1,1960,1,7,11,5
466,2n Cycle,0,28457.0,Divorced,8,0,1950,14,138,24,10
467,PhD,1,78952.0,Married,6,1,1950,134,712,1170,21
468,Graduation,1,46310.0,Divorced,8,1,1970,14,105,185,14
469,Graduation,0,76005.0,Married,6,0,1950,40,649,983,22
470,Master,1,58308.0,Single,8,1,1960,130,79,691,15
471,PhD,0,55614.0,Divorced,7,0,1940,26,152,504,20
472,Master,1,59432.0,Divorced,5,1,1960,12,315,317,22
473,Graduation,1,55563.0,Divorced,3,1,1970,2,12,29,6
474,PhD,1,78642.0,Married,6,1,1970,17,368,1396,18
475,PhD,1,67911.0,Married,3,1,1940,0,419,529,27
476,Graduation,0,65275.0,Married,2,0,1940,21,323,388,21
477,Graduation,1,27203.0,Married,8,2,1950,24,27,13,6
478,Master,1,48330.0,Married,5,1,1960,0,4,28,5
479,Basic,0,24279.0,Married,8,0,1990,108,77,16,9
480,PhD,1,64355.0,Married,8,1,1980,153,207,1047,21
481,Master,1,50943.0,Married,5,1,1950,6,9,31,5
482,Graduation,0,53653.0,Divorced,6,0,1950,108,277,815,28
483,Graduation,1,65665.0,Married,3,1,1970,29,655,225,24
484,Graduation,0,81217.0,Single,1,0,1980,84,540,493,22
485,Graduation,0,34935.0,Married,7,0,1990,20,73,34,8
486,Graduation,1,61250.0,Divorced,5,1,1950,59,263,382,25
487,PhD,1,39665.0,Married,7,1,1980,31,57,127,12
488,Graduation,1,60152.0,Single,3,1,1970,91,469,325,23
489,Graduation,1,48920.0,Married,7,2,1960,6,93,238,16
490,Master,0,89120.0,Married,1,0,1950,55,572,1168,19
491,PhD,1,44124.0,Married,8,1,1940,52,55,284,17
492,Master,0,81169.0,Single,2,0,1970,27,713,1288,22
493,Graduation,1,36443.0,Married,8,2,1960,20,50,65,11
494,Graduation,1,26095.0,Single,7,1,1990,11,19,11,5
495,Graduation,0,71367.0,Married,2,0,1950,75,454,227,17
496,Master,0,80184.0,Married,3,0,1940,0,829,1035,20
497,Graduation,1,30630.0,Divorced,7,2,1960,10,15,27,7
498,Master,0,73454.0,Single,5,0,1980,175,480,982,13
499,Graduation,0,42691.0,Married,5,0,1990,58,104,179,13
500,Graduation,0,70503.0,Married,6,0,1950,66,249,1379,16
501,Graduation,1,25545.0,Married,6,1,1980,85,81,32,10
502,Graduation,1,32880.0,Married,8,1,1980,2,26,8,5
503,PhD,0,77863.0,Married,2,0,1950,12,373,881,20
504,Master,0,50353.0,Married,3,0,1970,35,235,141,15
505,Graduation,0,61839.0,Single,8,0,1960,120,758,1000,17
506,PhD,1,49154.0,Married,6,2,1960,71,107,206,19
507,2n Cycle,1,47682.0,Divorced,5,1,1970,61,241,162,19
508,Graduation,1,72679.0,Single,1,1,1960,54,441,619,17
509,Master,1,57954.0,Married,7,2,1970,9,28,456,23
510,Graduation,1,65316.0,Married,4,2,1960,38,101,112,12
511,Graduation,1,28567.0,Single,6,1,1980,6,27,11,7
512,Master,1,47352.0,Married,7,1,1950,15,132,172,16
513,Graduation,1,44931.0,Married,5,1,1960,7,11,78,7
514,Graduation,0,76982.0,Divorced,4,0,1960,30,508,464,16
515,2n Cycle,1,57247.0,Married,2,1,1950,6,73,99,12
516,Master,1,22944.0,Single,7,1,1980,26,26,19,9
517,2n Cycle,1,25315.0,Married,8,1,1970,22,28,1,9
518,Graduation,1,43638.0,Divorced,7,1,1960,19,100,63,11
519,PhD,1,42710.0,Single,6,1,1980,102,49,252,14
520,PhD,0,84169.0,Married,3,0,1980,0,422,1478,20
521,Graduation,1,54058.0,Married,3,1,1970,54,302,198,20
522,2n Cycle,1,24683.0,Married,5,1,1990,6,20,8,8
523,Graduation,0,85620.0,Divorced,1,0,1960,46,1031,416,14
524,Graduation,1,47850.0,Married,6,1,1980,10,70,42,8
525,Graduation,1,19514.0,Married,8,2,1960,28,26,14,10
526,Master,1,27159.0,Married,6,2,1970,1,3,17,6
527,2n Cycle,1,39548.0,Single,3,2,1960,18,17,15,7
528,Graduation,1,21474.0,Single,7,1,1980,34,51,6,8
529,PhD,1,60504.0,Single,6,1,1970,34,30,458,18
530,Graduation,0,22419.0,Married,8,0,1960,42,69,30,8
531,Master,0,81698.0,Married,1,0,1940,47,659,179,25
532,Graduation,1,43462.0,Married,8,2,1950,15,129,90,16
533,PhD,1,54880.0,Single,5,1,1970,118,324,308,21
534,Graduation,0,79908.0,Married,2,0,1980,111,919,557,19
535,2n Cycle,0,15315.0,Married,5,0,1970,17,32,7,8
536,Graduation,1,87771.0,Married,6,1,1950,33,375,1492,20
537,Graduation,1,33039.0,Married,5,1,1970,12,28,30,7
538,Graduation,0,81741.0,Single,2,0,1980,38,1151,249,19
539,Master,1,71499.0,Married,4,1,1970,37,293,465,26
540,2n Cycle,1,62466.0,Married,4,1,1970,83,556,129,26
541,PhD,1,48799.0,Divorced,3,1,1960,24,127,174,15
542,PhD,1,52157.0,Married,4,1,1950,40,34,189,12
543,Graduation,1,66565.0,Single,8,1,1960,42,236,747,19
544,Master,1,29298.0,Married,5,2,1950,1,4,6,4
545,Graduation,1,47691.0,Single,6,1,1970,4,3,14,4
546,Graduation,1,38200.0,Married,7,2,1970,1,4,12,4
547,Graduation,1,44989.0,Married,6,1,1970,106,155,98,16
548,PhD,1,38443.0,Married,7,2,1960,1,5,32,6
549,2n Cycle,1,38593.0,Single,8,1,1970,24,78,51,11
550,PhD,1,64413.0,Married,5,1,1970,20,49,200,12
551,Master,1,36959.0,Married,8,1,1980,0,37,25,7
552,PhD,1,61996.0,Married,5,1,1970,24,156,1050,21
553,Graduation,1,51287.0,Married,7,2,1960,30,35,117,11
554,Graduation,1,13260.0,Married,8,2,1970,7,31,9,10
555,PhD,1,47472.0,Married,5,2,1960,8,11,56,8
556,Master,1,54603.0,Married,7,2,1950,4,76,145,16
557,PhD,1,45207.0,Married,6,2,1970,2,10,203,15
558,Graduation,1,40689.0,Married,8,1,1950,99,69,270,20
559,2n Cycle,1,47821.0,Married,8,2,1960,10,22,9,5
560,Master,0,27450.0,Married,7,0,1950,52,43,37,7
561,Graduation,1,39453.0,Married,6,1,1980,2,7,46,7
562,2n Cycle,1,26850.0,Married,4,2,1970,9,21,31,11
563,Graduation,0,79800.0,Divorced,3,0,1950,224,583,1060,22
564,Master,1,61794.0,Married,2,1,1960,11,289,264,20
565,Graduation,1,53863.0,Married,7,1,1950,30,40,399,18
566,Graduation,0,24221.0,Married,4,0,1950,22,20,8,6
567,PhD,1,39684.0,Single,7,1,1980,17,41,19,7
568,Master,0,92163.0,Married,2,0,1970,20,1086,817,21
569,Master,0,69882.0,Single,1,0,1960,165,894,292,20
570,Graduation,1,33178.0,Married,4,1,1970,16,19,12,5
571,PhD,0,59973.0,Married,1,0,1970,0,218,130,15
572,Master,1,17459.0,Married,7,1,1970,30,23,6,9
573,Graduation,1,23910.0,Divorced,7,1,1960,13,37,16,6
574,Master,1,42169.0,Married,8,2,1960,2,9,19,6
575,2n Cycle,1,26224.0,Married,6,1,1970,15,35,4,9
576,Graduation,1,31089.0,Married,8,1,1980,4,36,31,10
577,Graduation,1,30081.0,Single,7,1,1960,4,2,36,5
578,Graduation,1,62807.0,Married,5,1,1960,99,173,526,23
579,Graduation,0,72906.0,Single,1,0,1950,54,622,400,17
580,PhD,1,61467.0,Married,5,2,1940,49,130,410,20
581,Master,1,49618.0,Married,7,2,1960,14,33,80,11
582,Graduation,1,42429.0,Divorced,5,1,1970,4,8,55,7
583,Graduation,1,26150.0,Divorced,7,3,1950,1,17,5,5
584,Basic,1,30801.0,Married,7,1,1970,11,24,8,6
585,Graduation,0,81168.0,Married,3,0,1960,22,739,410,18
586,Master,0,26877.0,Single,6,0,1960,40,109,101,12
587,Master,0,45006.0,Divorced,3,0,1940,10,94,162,12
588,Basic,1,18978.0,Married,8,1,1970,15,13,2,5
589,Graduation,1,22574.0,Married,7,3,1960,2,10,25,7
590,PhD,0,48240.0,Single,5,0,1960,41,403,389,25
591,Graduation,1,45837.0,Married,7,2,1970,24,117,215,18
592,Master,1,35791.0,Single,8,3,1960,3,5,27,6
593,Graduation,1,54162.0,Divorced,4,2,1970,10,22,5,5
594,Master,1,30522.0,Married,2,1,1960,26,110,179,17
595,PhD,1,54456.0,Married,6,1,1960,15,37,352,17
596,Graduation,0,31632.0,Single,7,0,1970,32,31,17,6
597,Graduation,0,72298.0,Divorced,1,0,1940,35,262,625,14
598,2n Cycle,1,36975.0,Single,7,1,1970,2,17,10,5
599,2n Cycle,0,72635.0,Married,3,0,1950,107,449,390,21
600,Graduation,1,13624.0,Married,6,1,1970,6,19,10,7
601,Graduation,1,84196.0,Single,3,1,1970,190,801,215,20
602,Graduation,1,70971.0,Married,7,1,1960,17,682,1001,34
603,PhD,1,34487.0,Divorced,9,2,1970,8,75,19,9
604,Graduation,1,28769.0,Single,9,1,1970,3,144,41,12
605,PhD,1,69084.0,Married,8,1,1970,30,345,1181,25
606,PhD,0,65488.0,Married,1,0,1950,54,288,603,14
607,2n Cycle,1,62466.0,Married,4,1,1970,83,556,129,26
608,2n Cycle,0,32218.0,Single,7,0,1960,30,52,10,7
609,Graduation,0,83917.0,Single,3,0,1970,79,796,514,21
610,Graduation,1,46102.0,Divorced,7,3,1960,1,1,14,4
611,Graduation,0,84574.0,Single,5,0,1950,163,771,387,32
612,Graduation,1,56181.0,Married,4,1,1960,48,180,121,14
613,Master,1,63120.0,Divorced,7,1,1950,69,402,965,26
614,Graduation,1,73691.0,Married,2,1,1970,73,356,707,18
615,Graduation,1,63381.0,Married,2,1,1960,159,225,571,26
616,PhD,0,76140.0,Married,2,0,1940,26,736,586,21
617,PhD,1,62859.0,Divorced,6,1,1950,25,207,1063,23
618,Graduation,1,45906.0,Single,5,1,1960,144,34,305,15
619,Master,0,77632.0,Married,2,0,1940,147,863,1200,13
620,PhD,1,46463.0,Married,6,2,1970,11,50,163,17
621,Master,1,55282.0,Divorced,4,1,1970,19,87,125,11
622,Master,1,78710.0,Married,4,1,1970,50,271,721,28
623,Graduation,1,66886.0,Married,5,1,1950,146,107,315,17
624,Graduation,1,29103.0,Married,9,1,1980,6,23,16,6
625,Graduation,1,67445.0,Married,6,1,1970,11,326,757,32
626,PhD,1,50616.0,Married,2,1,1950,9,27,30,7
627,Graduation,1,49431.0,Divorced,8,1,1950,17,129,219,15
628,Graduation,1,61278.0,Married,6,1,1950,15,33,111,10
629,2n Cycle,0,26490.0,Married,6,0,1950,25,120,45,11
630,PhD,1,73059.0,Married,4,1,1940,71,532,410,26
631,PhD,1,46734.0,Single,6,3,1960,76,46,100,12
632,Graduation,1,56253.0,Married,6,1,1960,5,72,509,22
633,Graduation,1,19986.0,Married,7,1,1980,6,11,3,4
634,Graduation,1,58330.0,Divorced,4,1,1970,151,370,445,24
635,Basic,0,25965.0,Married,8,0,1980,11,54,2,6
636,Master,0,14661.0,Married,6,0,1950,2,18,4,5
637,Graduation,0,18690.0,Married,8,0,1950,19,31,6,5
638,PhD,1,45068.0,Married,7,1,1970,3,3,14,4
639,Basic,1,21063.0,Single,6,1,1980,15,40,1,7
640,PhD,1,29187.0,Married,8,1,1960,2,6,26,5
641,2n Cycle,1,54690.0,Married,3,2,1970,18,60,111,12
642,PhD,1,59304.0,Married,5,1,1960,10,569,418,28
643,Master,1,59247.0,Single,6,2,1960,83,150,327,21
644,Graduation,1,66731.0,Divorced,3,1,1970,141,411,371,17
645,Graduation,1,77353.0,Married,4,1,1980,59,235,275,20
646,PhD,1,52614.0,Single,8,1,1970,38,154,789,16
647,Graduation,1,26751.0,Married,8,2,1970,1,6,1,4
648,PhD,1,81300.0,Married,5,1,1960,36,189,1004,21
649,Graduation,0,70337.0,Single,1,0,1970,91,255,187,17
650,2n Cycle,1,36145.0,Married,9,1,1980,18,97,56,12
651,PhD,0,65295.0,Single,2,0,1980,6,183,365,20
652,Graduation,1,68118.0,Divorced,6,1,1960,154,156,595,23
653,Graduation,0,68743.0,Divorced,7,0,1960,115,693,1132,30
654,2n Cycle,0,41039.0,Married,8,0,1980,45,327,34,15
655,Graduation,1,38946.0,Married,5,1,1950,41,94,116,12
656,Graduation,0,65777.0,Married,1,0,1960,54,495,565,17
657,PhD,1,66476.0,Divorced,4,1,1970,78,191,372,20
658,PhD,0,86857.0,Single,2,0,1970,40,1073,899,22
659,PhD,0,77845.0,Married,1,0,1980,26,520,760,21
660,PhD,0,69476.0,Married,2,0,1960,67,708,260,15
661,PhD,1,50611.0,Divorced,6,1,1960,4,30,459,22
662,Graduation,0,61209.0,Single,2,0,1970,99,343,466,13
663,Master,1,42315.0,Married,3,1,1950,80,112,67,12
664,Basic,0,13084.0,Married,6,0,1950,10,10,2,5
665,Master,1,47570.0,Divorced,7,2,1940,31,21,67,9
666,Master,1,61923.0,Married,3,2,1960,6,25,92,8
667,Graduation,0,34824.0,Single,6,0,1990,4,15,4,4
668,PhD,1,26518.0,Single,8,2,1940,2,32,20,8
669,Graduation,0,45938.0,Single,6,0,1960,29,251,273,20
670,Graduation,0,78468.0,Married,4,0,1960,34,514,434,28
671,Graduation,1,78901.0,Divorced,4,1,1970,34,353,321,20
672,Graduation,1,71427.0,Married,4,2,1970,23,315,212,20
673,Graduation,1,71022.0,Divorced,8,1,1970,242,290,909,21
674,Master,0,90247.0,Single,1,0,1980,16,405,1184,15
675,Master,1,41335.0,Divorced,7,1,1960,5,56,112,12
676,Graduation,1,71952.0,Married,4,1,1980,93,587,656,22
677,PhD,1,35682.0,Divorced,2,1,1970,18,14,23,6
678,Graduation,1,43185.0,Divorced,8,1,1950,30,64,537,20
679,PhD,1,66375.0,Married,7,1,1940,191,45,712,14
680,Master,1,35178.0,Married,7,1,1970,18,16,23,5
681,Graduation,1,25252.0,Married,8,1,1980,6,9,1,4
682,Master,1,55250.0,Single,5,1,1960,66,173,664,26
683,Graduation,1,33249.0,Single,6,1,1970,42,50,6,8
684,Graduation,0,58398.0,Married,4,0,1950,49,227,299,20
685,Graduation,1,50272.0,Married,7,1,1980,4,122,99,13
686,PhD,0,76618.0,Married,1,0,1970,147,455,749,11
687,2n Cycle,0,87305.0,Divorced,2,0,1960,80,589,345,17
688,Graduation,1,25851.0,Married,7,1,1970,5,29,9,7
689,Graduation,1,58710.0,Divorced,6,1,1970,174,449,440,31
690,Graduation,1,45160.0,Single,7,2,1950,3,10,8,4
691,Master,1,74806.0,Married,4,1,1960,9,258,670,16
692,Graduation,0,59111.0,Married,7,0,1950,155,162,524,21
693,PhD,1,18988.0,Married,7,1,1980,1,8,6,6
694,Graduation,0,72190.0,Married,3,0,1960,249,935,597,16
695,Graduation,1,7500.0,Married,9,1,1970,32,25,7,12
696,Graduation,1,44794.0,Married,6,1,1960,4,7,54,6
697,Graduation,0,80395.0,Married,2,0,1950,48,811,445,24
698,Master,0,75012.0,Divorced,1,0,1970,151,524,294,23
699,Master,1,56962.0,Married,7,3,1960,26,90,292,21
700,Graduation,0,89891.0,Married,4,0,1990,183,213,412,26
701,PhD,1,35946.0,Divorced,5,2,1940,0,3,8,4
702,PhD,1,53593.0,Married,8,2,1950,43,88,349,23
703,Graduation,1,66373.0,Married,3,2,1970,109,145,328,23
704,PhD,1,45072.0,Divorced,8,3,1940,30,108,144,16
705,Graduation,1,89694.0,Divorced,5,2,1970,42,276,1126,14
706,Graduation,0,72025.0,Married,2,0,1940,0,660,967,26
707,Graduation,1,67432.0,Married,4,1,1970,170,597,432,19
708,Master,1,70545.0,Married,2,1,1950,21,157,138,13
709,Basic,1,17487.0,Married,7,1,1980,6,8,0,4
710,Graduation,1,62882.0,Married,4,1,1960,97,708,509,20
711,PhD,1,64108.0,Single,5,1,1950,21,109,948,30
712,Master,1,34941.0,Married,8,2,1950,24,31,39,8
713,PhD,1,48767.0,Single,5,3,1950,10,25,28,9
714,2n Cycle,1,38702.0,Married,6,1,1970,40,48,13,9
715,Graduation,0,82224.0,Married,3,0,1960,40,524,307,21
716,Graduation,0,83844.0,Married,1,0,1950,191,451,901,20
717,2n Cycle,1,17003.0,Married,5,1,1970,7,21,2,9
718,Graduation,0,71163.0,Single,1,0,1990,44,527,283,24
719,Graduation,1,33697.0,Single,7,1,1970,11,10,4,4
720,2n Cycle,0,63564.0,Married,6,0,1950,65,347,769,28
721,PhD,0,83443.0,Married,2,0,1970,84,839,518,22
722,PhD,1,51518.0,Married,3,1,1950,4,91,350,17
723,Graduation,1,58330.0,Divorced,4,1,1970,151,370,445,24
724,Graduation,0,80952.0,Married,8,0,1960,44,908,778,25
725,Graduation,0,75507.0,Married,3,0,1970,80,571,709,21
726,2n Cycle,0,63855.0,Married,4,0,1970,89,442,359,24
727,PhD,1,62220.0,Married,6,1,1970,12,403,799,23
728,Graduation,1,58512.0,Married,8,1,1960,152,124,895,20
729,Master,1,40662.0,Married,4,1,1970,23,25,40,8
730,PhD,1,38829.0,Married,5,1,1950,16,7,76,8
731,2n Cycle,1,35523.0,Married,7,1,1980,11,39,11,8
732,Graduation,1,79146.0,Single,6,2,1960,16,260,245,19
733,Master,0,78285.0,Married,3,0,1980,40,673,647,21
734,PhD,1,31626.0,Single,7,1,1970,34,12,39,6
735,Graduation,0,75127.0,Single,1,0,1950,227,386,203,19
736,Graduation,1,48726.0,Married,6,1,1950,59,45,138,12
737,Graduation,0,74985.0,Married,2,0,1970,86,1196,587,17
738,Graduation,0,67430.0,Married,6,0,1980,121,515,595,29
739,2n Cycle,1,46891.0,Married,4,1,1960,61,64,43,8
740,Master,1,62058.0,Married,6,1,1950,58,91,301,18
741,Graduation,1,72063.0,Married,2,1,1970,90,456,180,21
742,PhD,0,78939.0,Married,3,0,1950,205,508,794,20
743,Graduation,1,42720.0,Single,8,2,1960,112,124,392,25
744,Graduation,1,33622.0,Married,7,2,1970,12,26,39,9
745,Graduation,1,41452.0,Married,7,2,1950,0,3,13,4
746,PhD,1,40760.0,Single,6,1,1960,6,17,70,8
747,PhD,0,74250.0,Married,1,0,1950,0,478,680,18
748,Master,1,51124.0,Single,3,2,1950,4,12,26,6
749,Graduation,1,72258.0,Single,2,1,1970,134,749,522,22
750,PhD,0,71466.0,Single,1,0,1970,0,636,412,19
751,Graduation,1,36283.0,Married,4,2,1970,5,18,6,6
752,Graduation,1,20587.0,Single,7,1,1970,9,13,2,5
753,Graduation,1,30467.0,Married,7,1,1970,5,13,1,4
754,Graduation,1,31590.0,Married,8,1,1970,3,23,6,5
755,Basic,1,20425.0,Married,7,1,1980,17,20,4,7
756,Master,1,17144.0,Married,7,2,1960,6,21,18,12
757,PhD,1,42564.0,Divorced,7,1,1960,198,273,324,24
758,Master,1,43783.0,Married,7,1,1970,139,159,327,22
759,Graduation,1,40780.0,Divorced,9,1,1970,34,111,229,17
760,Master,0,62847.0,Married,2,0,1940,61,954,521,14
761,PhD,0,82017.0,Married,2,0,1950,23,499,184,17
762,Graduation,0,16813.0,Single,7,0,1950,13,31,4,6
763,Graduation,1,51267.0,Married,4,2,1970,12,73,183,15
764,Graduation,1,46524.0,Single,3,1,1960,52,80,31,9
765,Master,0,45183.0,Single,7,0,1960,12,75,219,13
766,PhD,1,70421.0,Married,6,1,1950,35,239,479,23
767,2n Cycle,1,60161.0,Divorced,8,1,1960,177,302,584,26
768,Graduation,0,73926.0,Married,3,0,1970,15,847,627,24
769,Graduation,1,19329.0,Married,8,1,1960,5,29,24,10
770,Master,1,61872.0,Married,4,1,1970,16,200,330,21
771,Graduation,1,46984.0,Divorced,5,2,1950,8,13,19,5
772,Graduation,1,34838.0,Married,6,2,1950,47,81,28,10
773,PhD,0,82716.0,Single,2,0,1940,22,391,606,28
774,Graduation,0,48192.0,Married,8,0,1950,29,400,1039,25
775,Master,1,49681.0,Married,7,2,1970,21,26,411,21
776,Master,1,56850.0,Married,2,1,1970,0,22,34,6
777,Graduation,1,55267.0,Married,3,1,1950,45,196,161,17
778,Graduation,1,59666.0,Married,8,2,1970,133,254,623,20
779,Graduation,1,72504.0,Single,2,1,1970,94,619,604,22
780,Graduation,0,26872.0,Married,6,0,1980,32,21,3,5
781,Graduation,1,21359.0,Single,8,1,1970,10,25,12,7
782,Graduation,0,73170.0,Single,2,0,1970,32,480,184,16
783,Master,1,52750.0,Married,4,1,1950,69,329,393,27
784,PhD,0,91820.0,Married,1,0,1980,30,896,410,22
785,PhD,1,65968.0,Married,3,1,1970,4,111,376,18
786,Graduation,1,30772.0,Married,6,2,1970,4,8,7,4
787,Graduation,0,22507.0,Single,9,0,1950,68,277,68,19
788,Graduation,1,65685.0,Married,5,1,1970,57,63,642,21
789,2n Cycle,1,25804.0,Married,8,1,1970,12,29,8,7
790,PhD,0,76412.0,Single,3,0,1980,17,880,840,18
791,Graduation,1,22063.0,Married,7,1,1970,11,26,7,7
792,Graduation,0,57091.0,Single,5,0,1960,37,76,464,18
793,Graduation,0,22419.0,Married,8,0,1960,42,69,30,8
794,Graduation,1,87771.0,Married,6,1,1950,33,375,1492,20
795,2n Cycle,1,78353.0,Divorced,8,1,1950,34,637,752,24
796,Graduation,1,93404.0,Married,5,3,1950,15,322,1279,17
797,Graduation,1,37859.0,Divorced,8,3,1960,2,11,22,6
798,PhD,1,80995.0,Divorced,4,1,1950,56,510,860,22
799,Graduation,1,16529.0,Married,6,1,1980,1,18,3,5
800,PhD,1,55412.0,Divorced,5,2,1970,8,44,10,6
801,Graduation,0,48789.0,Single,6,0,1990,145,179,351,18
802,PhD,1,56575.0,Married,5,2,1960,10,95,421,20
803,2n Cycle,1,25130.0,Married,7,1,1980,18,12,2,7
804,Graduation,1,35441.0,Married,8,2,1960,1,12,25,6
805,Graduation,1,71391.0,Married,3,1,1950,141,443,336,28
806,Master,1,49494.0,Single,7,1,1970,82,106,191,14
807,Graduation,0,81702.0,Divorced,3,0,1980,187,852,563,27
808,2n Cycle,1,45889.0,Single,6,1,1980,8,6,31,5
809,Graduation,1,56628.0,Single,5,1,1970,171,94,479,20
810,Graduation,1,34026.0,Married,5,2,1950,17,33,18,9
811,Graduation,1,40049.0,Married,5,1,1970,28,127,91,14
812,Graduation,1,34176.0,Single,6,1,1980,20,50,5,11
813,Graduation,1,19419.0,Married,9,1,1980,7,58,2,11
814,2n Cycle,0,82504.0,Married,1,0,1960,54,615,362,17
815,Graduation,0,81205.0,Married,2,0,1970,130,1100,724,19
816,2n Cycle,0,61618.0,Single,3,0,1990,205,490,605,19
817,Master,1,55284.0,Single,5,1,1950,63,147,547,23
818,Graduation,1,49980.0,Single,5,1,1960,14,68,104,11
819,Graduation,1,15072.0,Married,5,2,1980,18,17,8,11
820,Graduation,1,49166.0,Single,6,1,1970,110,34,224,13
821,PhD,1,65324.0,Married,4,1,1950,5,123,384,20
822,2n Cycle,0,82347.0,Married,3,0,1950,63,1101,556,25
823,PhD,1,30843.0,Married,5,2,1960,9,2,24,6
824,PhD,1,46374.0,Married,8,1,1970,17,21,408,18
825,Graduation,1,60474.0,Single,7,1,1970,170,736,265,31
826,Master,1,38576.0,Married,7,1,1970,0,7,34,5
827,Graduation,1,55357.0,Married,5,2,1980,64,264,374,22
828,Graduation,1,37758.0,Married,8,2,1960,1,12,27,6
829,2n Cycle,0,85710.0,Married,2,0,1980,33,399,600,26
830,Graduation,1,23228.0,Married,8,1,1960,0,26,13,7
831,Master,1,44602.0,Married,8,2,1960,34,91,167,17
832,Graduation,0,7500.0,Married,6,0,1980,5,9,0,4
833,2n Cycle,1,38683.0,Married,7,1,1980,66,188,46,17
834,2n Cycle,1,49514.0,Single,7,1,1970,93,175,88,13
835,PhD,1,57906.0,Married,4,1,1970,15,140,243,17
836,Master,1,43456.0,Single,5,1,1960,7,104,275,17
837,Master,1,19485.0,Single,7,2,1980,0,4,6,4
838,Graduation,1,53172.0,Married,3,1,1970,125,220,121,16
839,Graduation,1,30545.0,Married,7,1,1970,12,46,4,7
840,PhD,0,70123.0,Married,3,0,1980,0,419,1308,17
841,Graduation,1,62450.0,Single,3,1,1950,38,376,515,16
842,Graduation,1,21675.0,Married,7,1,1970,4,33,4,10
843,2n Cycle,1,42395.0,Single,7,2,1980,25,94,48,12
844,Master,1,61346.0,Married,3,1,1970,142,269,562,23
845,Graduation,0,80812.0,Married,2,0,1950,33,732,769,18
846,Master,1,42835.0,Divorced,6,2,1970,98,109,379,23
847,Graduation,1,39922.0,Married,8,1,1980,36,90,29,9
848,Master,0,86424.0,Single,1,0,1950,68,726,387,28
849,2n Cycle,1,17117.0,Married,9,1,1970,7,91,12,11
850,Graduation,1,24762.0,Single,8,1,1970,40,25,6,9
851,Graduation,1,35797.0,Married,8,1,1970,21,19,27,7
852,Graduation,1,36627.0,Divorced,5,2,1970,1,6,9,4
853,2n Cycle,1,51111.0,Married,6,2,1980,3,25,22,7
854,PhD,0,86857.0,Single,2,0,1970,40,1073,899,22
855,PhD,0,82072.0,Married,1,0,1970,129,908,889,19
856,PhD,1,46231.0,Single,9,3,1950,12,57,189,15
857,Graduation,1,42243.0,Married,7,2,1950,5,2,48,7
858,Graduation,1,51195.0,Married,8,2,1960,58,252,230,24
859,Master,0,68092.0,Single,5,0,1970,48,345,852,20
860,Graduation,1,31814.0,Married,9,1,1970,20,27,35,7
861,Master,1,51390.0,Divorced,5,2,1960,56,90,205,18
862,Graduation,0,76630.0,Married,1,0,1980,175,517,255,25
863,Basic,1,26868.0,Single,7,1,1990,2,9,0,4
864,PhD,0,48948.0,Divorced,6,0,1940,42,374,437,24
865,PhD,1,55260.0,Single,6,1,1970,242,72,825,25
866,Graduation,1,64090.0,Married,5,1,1950,135,295,316,20
867,Graduation,1,78331.0,Divorced,4,1,1950,61,652,756,25
868,PhD,1,37087.0,Married,6,1,1970,3,204,194,17
869,Graduation,1,21846.0,Divorced,8,1,1980,26,41,7,11
870,Graduation,0,81320.0,Married,2,0,1950,57,585,183,18
871,Graduation,1,54137.0,Divorced,6,1,1970,20,11,171,11
872,Graduation,0,66825.0,Married,2,0,1960,40,535,243,16
873,Graduation,0,57100.0,Married,3,0,1970,96,129,181,13
874,Graduation,1,58917.0,Married,5,3,1960,28,96,151,16
875,Graduation,0,86429.0,Single,2,0,1960,37,930,464,18
876,Graduation,1,45684.0,Divorced,7,1,1970,7,16,5,4
877,Graduation,1,47889.0,Married,5,1,1970,4,29,29,6
878,PhD,0,45921.0,Married,4,0,1980,12,82,102,10
879,PhD,0,78420.0,Single,1,0,1960,28,793,604,22
880,Graduation,0,75114.0,Married,2,0,1990,24,598,571,19
881,PhD,1,52278.0,Divorced,8,1,1960,174,71,953,31
882,Master,1,35641.0,Married,7,1,1970,28,78,63,10
883,Graduation,0,62820.0,Married,1,0,1950,53,464,398,14
884,Master,0,73113.0,Married,2,0,1960,28,223,741,15
885,PhD,0,84169.0,Married,3,0,1980,0,422,1478,20
886,2n Cycle,1,42607.0,Single,3,1,1950,47,115,156,14
887,PhD,0,74637.0,Single,3,0,1950,16,674,960,25
888,PhD,1,46015.0,Married,7,2,1950,6,2,38,5
889,Graduation,0,72354.0,Single,1,0,1990,182,719,315,19
890,Master,1,39858.0,Single,6,1,1960,26,47,15,7
891,PhD,1,34469.0,Married,4,2,1940,12,26,19,9
892,Graduation,1,83033.0,Married,5,1,1980,33,767,812,26
893,Master,0,24401.0,Married,8,0,1970,115,255,73,16
894,Graduation,0,77583.0,Married,2,0,1970,108,657,372,19
895,2n Cycle,0,74116.0,Single,2,0,1980,166,960,871,19
896,Graduation,0,74293.0,Single,2,0,1990,81,580,375,16
897,PhD,1,68397.0,Married,3,1,1970,80,563,760,21
898,PhD,0,79632.0,Married,2,0,1970,12,609,471,20
899,Graduation,1,46107.0,Single,3,1,1980,33,52,31,7
900,PhD,1,64950.0,Single,7,1,1950,63,84,819,25
901,Basic,1,25443.0,Married,8,1,1980,7,15,1,5
902,Graduation,0,75127.0,Single,1,0,1950,227,386,203,19
903,PhD,1,32892.0,Married,8,1,1970,2,17,26,8
904,Graduation,0,71796.0,Married,4,0,1970,32,499,354,17
905,PhD,1,67536.0,Married,8,1,1970,35,470,1253,30
906,Graduation,1,55239.0,Single,5,1,1970,106,278,371,26
907,PhD,1,60554.0,Divorced,6,1,1970,15,193,588,23
908,2n Cycle,1,64831.0,Single,6,2,1950,144,410,480,22
909,PhD,1,56067.0,Married,5,1,1960,120,82,517,20
910,Graduation,0,82025.0,Divorced,1,0,1980,98,752,267,12
911,Graduation,0,94384.0,Married,2,0,1950,172,974,1111,18
912,Basic,0,14906.0,Single,7,0,1980,15,28,7,9
913,PhD,0,51563.0,Married,8,0,1980,36,48,1166,19
914,2n Cycle,1,57937.0,Married,3,1,1980,133,241,261,20
915,Graduation,1,68274.0,Divorced,3,2,1970,46,99,135,13
916,Graduation,1,39771.0,Married,4,1,1970,14,22,6,6
917,2n Cycle,1,67893.0,Divorced,8,1,1970,47,219,711,16
918,PhD,1,27922.0,Married,4,1,1970,11,15,11,6
919,PhD,1,52190.0,Married,5,2,1970,18,17,42,9
920,Master,1,44051.0,Divorced,6,2,1970,18,71,79,12
921,PhD,1,42767.0,Single,8,2,1970,38,68,20,7
922,Master,1,46106.0,Married,6,2,1970,14,10,30,5
923,PhD,1,16927.0,Married,8,2,1970,4,28,20,12
924,Graduation,1,59754.0,Married,5,1,1960,139,75,115,16
925,Graduation,1,53700.0,Single,5,1,1950,83,307,263,22
926,Graduation,1,59041.0,Married,5,2,1970,6,19,69,8
927,PhD,1,54237.0,Divorced,6,1,1950,57,37,267,16
928,Graduation,1,70647.0,Divorced,2,1,1960,114,281,561,26
929,PhD,1,52597.0,Single,5,1,1960,42,44,492,20
930,Master,1,41021.0,Married,6,1,1960,12,22,14,7
931,PhD,1,40233.0,Married,6,1,1970,2,50,80,13
932,Graduation,1,50183.0,Married,5,2,1980,15,109,97,17
933,Graduation,1,54753.0,Married,4,1,1950,131,341,197,21
934,Graduation,0,92955.0,Married,2,0,1970,84,977,693,23
935,Graduation,1,33471.0,Married,7,1,1970,12,29,43,10
936,PhD,1,34596.0,Married,8,1,1970,7,2,14,4
937,Graduation,1,44010.0,Married,9,1,1980,48,356,186,24
938,Graduation,0,84219.0,Married,1,0,1980,45,582,434,18
939,PhD,1,40706.0,Married,7,3,1960,5,15,59,11
940,2n Cycle,1,15716.0,Married,8,1,1980,26,43,16,10
941,2n Cycle,1,59052.0,Divorced,5,1,1950,31,173,230,18
942,Master,0,80573.0,Married,2,0,1970,15,628,829,24
943,Master,0,82576.0,Married,1,0,1950,18,668,1206,19
944,Master,1,56962.0,Married,7,3,1960,26,90,292,21
945,Graduation,1,35704.0,Married,4,2,1950,30,23,30,9
946,Graduation,1,53103.0,Married,7,1,1950,195,161,729,28
947,2n Cycle,1,46779.0,Divorced,4,2,1960,7,4,12,4
948,Master,1,33462.0,Divorced,7,1,1970,11,21,22,6
949,Graduation,1,63693.0,Divorced,6,1,1970,54,422,587,29
950,Graduation,0,80763.0,Married,3,0,1950,231,468,674,23
951,PhD,1,65352.0,Married,4,1,1970,23,91,284,16
952,PhD,0,82170.0,Married,2,0,1970,37,793,1023,19
953,Graduation,0,75759.0,Married,5,0,1960,182,819,1394,26
954,2n Cycle,0,79689.0,Single,2,0,1970,121,846,311,27
955,PhD,1,35340.0,Divorced,5,2,1950,5,12,27,7
956,Graduation,0,85683.0,Divorced,1,0,1950,51,373,1296,17
957,2n Cycle,1,24884.0,Married,7,1,1970,3,13,3,4
958,Master,1,42021.0,Married,9,1,1980,27,148,393,22
959,Graduation,1,64449.0,Single,4,1,1980,70,482,218,24
960,Graduation,1,64587.0,Divorced,3,2,1950,20,16,66,8
961,Graduation,0,34824.0,Single,6,0,1990,4,15,4,4
962,Graduation,0,75437.0,Married,6,0,1970,0,640,795,23
963,Graduation,1,26091.0,Married,5,2,1950,20,37,15,9
964,Graduation,1,52845.0,Married,6,1,1970,64,447,384,25
965,Graduation,1,46086.0,Divorced,4,1,1950,50,47,244,16
966,PhD,1,78028.0,Divorced,7,1,1950,38,332,158,20
967,2n Cycle,1,56337.0,Married,8,2,1980,182,188,349,22
968,Graduation,1,22434.0,Married,8,1,1980,15,26,4,7
969,PhD,1,36930.0,Married,8,1,1950,39,33,223,16
970,Graduation,1,36130.0,Single,4,1,1950,37,238,157,21
971,Master,1,65569.0,Married,3,1,1950,70,354,397,23
972,Graduation,0,83844.0,Married,1,0,1950,191,451,901,20
973,Graduation,1,19514.0,Married,8,2,1960,28,26,14,10
974,PhD,1,36736.0,Single,6,2,1960,4,3,10,4
975,Graduation,1,77568.0,Married,5,1,1970,158,628,1230,21
976,PhD,1,49187.0,Married,2,1,1970,0,34,81,8
977,Graduation,1,30168.0,Single,9,1,1970,27,86,154,18
978,Master,1,34053.0,Married,8,1,1960,12,28,63,7
979,Master,1,38196.0,Married,5,2,1970,3,11,30,9
980,Master,0,59412.0,Married,3,0,1950,11,262,90,15
981,2n Cycle,0,70924.0,Married,3,0,1960,76,500,635,20
982,Graduation,0,54165.0,Married,2,0,1960,11,92,127,11
983,Graduation,1,32300.0,Married,8,1,1970,6,15,13,5
984,Graduation,0,20180.0,Single,7,0,1970,18,81,18,8
985,Graduation,1,34961.0,Married,7,1,1970,1,32,45,10
986,PhD,1,28440.0,Married,8,1,1970,0,25,38,6
987,PhD,1,64504.0,Married,7,3,1950,108,220,986,25
988,Master,1,33564.0,Married,5,1,1960,7,3,61,6
989,Graduation,1,17345.0,Married,8,1,1970,12,42,4,7
990,PhD,1,56320.0,Married,4,1,1960,83,341,201,21
991,Graduation,1,28647.0,Single,7,1,1970,26,37,19,7
992,Basic,1,15038.0,Single,9,1,1980,26,38,4,7
993,PhD,1,32173.0,Divorced,4,1,1950,2,2,18,5
994,2n Cycle,1,68316.0,Married,6,1,1960,33,361,806,32
995,Graduation,0,74538.0,Married,3,0,1970,28,941,380,22
996,Graduation,0,91700.0,Single,3,0,1970,19,1258,576,20
997,Graduation,0,68695.0,Married,2,0,1960,40,543,458,16
998,2n Cycle,1,31056.0,Married,8,1,1970,16,26,5,5
999,Graduation,0,79593.0,Married,2,0,1970,145,738,350,19
1000,Graduation,0,28071.0,Single,8,0,1980,44,204,39,13
1001,PhD,1,37334.0,Married,4,2,1950,15,19,26,11
1002,Master,1,46423.0,Single,7,2,1970,8,16,68,9
1003,PhD,1,37126.0,Married,6,1,1970,7,16,45,6
1004,Graduation,1,47703.0,Married,5,1,1950,123,147,359,21
1005,Graduation,1,61180.0,Married,3,1,1950,218,59,403,18
1006,Graduation,1,38998.0,Married,8,2,1950,5,15,34,8
1007,Graduation,0,76081.0,Married,2,0,1960,200,508,292,14
1008,Graduation,1,34728.0,Married,6,1,1980,6,16,14,5
1009,Master,1,33168.0,Single,7,1,1960,3,38,80,10
1010,Master,1,33585.0,Married,4,1,1960,29,57,30,7
1011,PhD,1,77037.0,Married,3,1,1960,10,597,463,27
1012,Graduation,1,35196.0,Married,8,1,1980,187,196,75,18
1013,Graduation,1,44529.0,Married,5,1,1960,26,121,538,25
1014,2n Cycle,0,70924.0,Married,3,0,1960,76,500,635,20
1015,PhD,1,28764.0,Married,8,2,1960,1,3,8,4
1016,PhD,0,69098.0,Married,5,0,1940,178,947,1315,25
1017,2n Cycle,1,25959.0,Divorced,6,2,1970,26,21,4,7
1018,Master,1,27100.0,Married,7,1,1980,10,15,12,5
1019,Graduation,0,70596.0,Single,2,0,1980,26,595,347,21
1020,Graduation,1,42557.0,Married,8,1,1970,15,58,192,15
1021,PhD,0,53312.0,Married,7,0,1950,25,12,241,12
1022,Graduation,0,72228.0,Single,3,0,1950,56,549,631,22
1023,Graduation,0,67605.0,Married,1,0,1980,54,494,336,17
1024,Master,1,62845.0,Married,8,2,1940,34,45,1099,28
1025,Graduation,1,65196.0,Married,5,2,1950,200,212,743,26
1026,PhD,0,42000.0,Single,5,0,1980,35,435,124,20
1027,PhD,1,35860.0,Divorced,5,2,1970,20,12,15,6
1028,PhD,1,65526.0,Married,2,1,1960,9,100,397,17
1029,Graduation,1,16860.0,Married,7,2,1960,14,11,10,8
1030,Graduation,0,83528.0,Single,1,0,1990,147,929,530,23
1031,2n Cycle,1,64176.0,Divorced,6,1,1960,149,346,1215,33
1032,Graduation,0,22304.0,Divorced,8,0,1950,2,9,3,4
1033,Graduation,0,67023.0,Married,2,0,1970,17,437,444,24
1034,PhD,1,32892.0,Married,8,1,1970,2,17,26,8
1035,Graduation,1,70713.0,Married,3,1,1960,190,475,736,25
1036,Graduation,1,59925.0,Married,6,1,1950,56,216,473,23
1037,Graduation,1,39722.0,Married,5,1,1950,8,7,32,7
1038,Graduation,0,46610.0,Married,6,0,1950,125,44,288,14
1039,Graduation,0,88347.0,Married,1,0,1960,118,810,1050,21
1040,PhD,0,87171.0,Married,2,0,1980,44,209,1001,25
1041,2n Cycle,1,26907.0,Married,7,2,1970,2,8,9,6
1042,Master,1,50014.0,Single,5,1,1960,42,110,234,15
1043,PhD,1,41014.0,Married,7,1,1970,3,10,7,4
1044,Graduation,0,66294.0,Single,2,0,1960,117,507,251,13
1045,Graduation,1,36715.0,Married,9,1,1970,16,156,172,19
1046,Graduation,0,79456.0,Married,3,0,1950,99,654,565,16
1047,Graduation,1,40479.0,Married,4,1,1980,0,10,5,4
1048,Master,0,75345.0,Single,3,0,1970,133,998,918,20
1049,Graduation,1,54233.0,Married,8,1,1970,142,187,652,26
1050,Graduation,1,24163.0,Single,4,2,1970,2,10,4,6
1051,PhD,0,84460.0,Married,5,0,1950,81,236,152,22
1052,Graduation,1,43776.0,Married,6,1,1980,3,11,8,4
1053,PhD,0,71691.0,Single,2,0,1950,43,781,336,17
1054,PhD,0,85844.0,Married,2,0,1970,38,887,938,20
1055,PhD,1,39190.0,Single,5,1,1970,12,45,68,9
1056,Graduation,0,71367.0,Married,2,0,1950,75,454,227,17
1057,PhD,1,38578.0,Single,8,2,1970,3,29,38,9
1058,PhD,1,57236.0,Married,3,2,1960,4,11,105,10
1059,Graduation,1,61825.0,Single,4,1,1970,27,205,162,15
1060,Graduation,1,79803.0,Divorced,1,1,1950,33,245,574,13
1061,2n Cycle,0,80910.0,Single,1,0,1980,41,516,160,15
1062,Master,1,27590.0,Married,7,1,1980,1,5,6,4
1063,Graduation,1,56775.0,Married,5,1,1970,35,253,614,25
1064,Graduation,0,83829.0,Divorced,1,0,1970,27,777,897,17
1065,2n Cycle,1,54210.0,Married,5,1,1970,45,243,70,14
1066,Graduation,1,38508.0,Married,8,1,1980,54,250,120,20
1067,Graduation,1,53187.0,Married,5,1,1970,10,39,211,13
1068,Graduation,1,30023.0,Married,8,1,1970,21,23,11,6
1069,PhD,0,76045.0,Single,2,0,1960,0,470,760,21
1070,PhD,1,50870.0,Married,5,1,1950,2,8,53,6
1071,2n Cycle,0,15315.0,Married,5,0,1970,17,32,7,8
1072,2n Cycle,1,65463.0,Married,5,1,1970,16,123,391,19
1073,Graduation,1,66480.0,Married,4,2,1960,6,86,199,19
1074,Graduation,0,76773.0,Divorced,1,0,1950,16,591,516,16
1075,2n Cycle,0,81698.0,Single,5,0,1980,45,190,709,16
1076,PhD,1,54466.0,Single,5,2,1970,0,4,12,4
1077,PhD,1,16269.0,Single,8,1,1980,0,24,19,9
1078,Graduation,1,71819.0,Married,6,1,1970,168,168,1224,14
1079,PhD,1,33569.0,Married,8,1,1980,24,23,16,5
1080,Master,0,36262.0,Married,6,0,1980,153,157,88,12
1081,Basic,0,22634.0,Married,8,0,1960,46,42,2,6
1082,2n Cycle,1,47025.0,Married,9,1,1970,29,93,508,23
1083,Graduation,1,70566.0,Single,3,1,1960,21,327,381,22
1084,PhD,1,31605.0,Married,7,1,1970,6,44,74,9
1085,Master,1,52034.0,Divorced,7,2,1970,73,100,146,16
1086,Graduation,1,48526.0,Single,3,1,1970,9,83,23,8
1087,Graduation,1,46734.0,Married,7,1,1950,29,168,110,14
1088,Graduation,1,39552.0,Divorced,8,2,1960,41,154,165,20
1089,Graduation,1,86358.0,Single,8,2,1960,95,623,957,18
1090,Graduation,1,46931.0,Married,3,3,1970,16,20,41,7
1091,Basic,0,16581.0,Single,4,0,1980,11,9,1,4
1092,2n Cycle,0,63998.0,Divorced,4,0,1950,112,847,176,25
1093,Master,1,67381.0,Married,7,1,1950,70,72,815,17
1094,Graduation,1,25930.0,Single,7,2,1960,4,5,6,4
1095,Graduation,1,42693.0,Married,5,1,1970,16,30,8,5
1096,Graduation,1,85606.0,Married,3,1,1970,84,1125,717,24
1097,Graduation,0,72903.0,Single,4,0,1980,39,888,1067,21
1098,2n Cycle,1,49669.0,Married,6,1,1970,29,123,166,14
1099,PhD,1,36778.0,Married,9,2,1960,4,40,29,9
1100,PhD,0,85696.0,Divorced,1,0,1960,12,587,714,20
1101,Master,0,10979.0,Divorced,5,0,1980,4,16,8,8
1102,Graduation,1,49678.0,Married,7,1,1960,20,64,229,14
1103,Master,1,56129.0,Married,4,1,1950,48,220,320,22
1104,Graduation,1,37155.0,Married,5,1,1980,3,33,23,7
1105,2n Cycle,1,21282.0,Divorced,6,1,1970,20,17,1,7
1106,PhD,1,33419.0,Single,7,1,1960,18,12,56,8
1107,Graduation,0,63285.0,Divorced,3,0,1940,134,423,508,25
1108,Master,1,21255.0,Married,4,1,1970,3,27,29,11
1109,Graduation,1,42162.0,Married,6,1,1980,27,68,46,9
1110,Graduation,1,54450.0,Married,8,2,1950,32,179,454,31
1111,PhD,1,57744.0,Married,8,1,1950,19,42,350,16
1112,Graduation,1,26576.0,Single,9,1,1980,9,8,10,4
1113,PhD,0,57513.0,Divorced,6,0,1940,30,275,735,27
1114,Graduation,1,68142.0,Married,6,1,1960,37,413,897,24
1115,Graduation,1,7500.0,Married,8,1,1970,5,8,5,4
1116,Graduation,0,83145.0,Married,2,0,1970,114,805,777,26
1117,Master,1,54197.0,Married,1,1,1960,13,49,162,12
1118,PhD,1,23091.0,Single,7,2,1960,2,11,35,10
1119,Graduation,1,46049.0,Married,7,2,1970,19,140,342,26
1120,Graduation,0,56715.0,Married,4,0,1970,9,581,258,15
1121,Graduation,0,79410.0,Married,1,0,1960,13,686,658,11
1122,Graduation,1,57304.0,Married,5,1,1950,106,547,356,25
1123,Graduation,1,44375.0,Married,5,1,1960,41,40,213,12
1124,Graduation,1,54450.0,Married,8,2,1950,32,179,454,31
1125,Graduation,1,59594.0,Married,7,1,1960,9,33,457,17
1126,Graduation,0,80685.0,Married,2,0,1990,54,683,241,21
1127,PhD,1,40344.0,Married,7,1,1970,2,6,210,12
1128,Graduation,1,62710.0,Married,4,1,1970,11,125,441,22
1129,2n Cycle,1,48985.0,Married,3,1,1960,8,41,19,6
1130,Graduation,1,35322.0,Married,8,3,1960,13,58,28,9
1131,Graduation,0,77142.0,Married,2,0,1940,97,266,476,17
1132,Graduation,0,81657.0,Single,1,0,1960,50,623,364,16
1133,Basic,0,14421.0,Married,5,0,1990,8,5,0,4
1134,2n Cycle,0,20130.0,Married,8,0,1970,12,16,0,5
1135,PhD,0,74214.0,Married,5,0,1990,33,716,863,16
1136,Master,1,66726.0,Married,7,2,1950,47,42,349,17
1137,Basic,1,23724.0,Married,8,1,1970,14,38,5,7
1138,Master,1,47353.0,Married,5,1,1960,4,29,184,13
1139,Master,1,33444.0,Married,8,2,1950,2,8,8,4
1140,Graduation,1,54386.0,Married,3,1,1980,25,147,277,17
1141,Graduation,1,28510.0,Divorced,5,2,1980,19,24,44,9
1142,Master,0,90638.0,Single,1,0,1990,96,1129,1156,18
1143,Graduation,1,48070.0,Married,7,1,1950,19,103,373,19
1144,Graduation,1,43140.0,Married,6,1,1950,11,90,134,11
1145,PhD,1,54959.0,Divorced,7,1,1960,24,60,1148,21
1146,Basic,1,15056.0,Single,5,2,1950,40,36,6,12
1147,Graduation,1,26954.0,Single,7,1,1970,1,12,4,4
1148,Graduation,1,22327.0,Single,5,1,1980,5,14,5,5
1149,Graduation,1,44393.0,Married,4,2,1960,10,24,24,7
1150,PhD,1,62000.0,Single,4,1,1950,20,101,899,26
1151,PhD,1,31497.0,Married,8,1,1960,4,42,108,10
1152,2n Cycle,1,45894.0,Married,5,2,1970,13,9,27,5
1153,Master,0,78579.0,Divorced,3,0,1970,99,831,816,16
1154,Master,1,67369.0,Divorced,4,1,1960,42,107,1298,25
1155,Graduation,1,58401.0,Divorced,4,1,1960,29,28,10,6
1156,Graduation,1,62307.0,Single,5,1,1950,10,57,87,9
1157,Master,1,43641.0,Married,6,2,1960,23,57,57,10
1158,Master,1,63841.0,Divorced,6,1,1960,131,135,635,22
1159,2n Cycle,1,46891.0,Married,4,1,1960,61,64,43,8
1160,Master,1,70091.0,Married,8,1,1960,11,186,964,19
1161,PhD,0,78075.0,Married,1,0,1970,80,301,572,14
1162,2n Cycle,1,59184.0,Divorced,5,1,1960,66,514,341,27
1163,Graduation,1,54809.0,Married,4,2,1970,22,76,63,12
1164,Graduation,1,58113.0,Married,7,1,1950,84,375,221,22
1165,Master,1,51412.0,Married,4,1,1950,14,36,140,11
1166,Graduation,1,15287.0,Divorced,7,1,1970,13,14,1,6
1167,Master,0,66636.0,Married,1,0,1950,0,783,291,17
1168,Master,1,50965.0,Married,8,1,1950,29,106,544,22
1169,PhD,0,84618.0,Married,2,0,1960,0,922,684,26
1170,Graduation,0,18351.0,Married,7,0,1990,7,21,1,6
1171,PhD,1,40451.0,Married,5,2,1950,10,4,35,5
1172,Graduation,1,36317.0,Married,7,1,1960,13,31,87,9
1173,Graduation,1,42213.0,Married,7,1,1950,20,31,309,15
1174,Graduation,1,65748.0,Married,1,1,1950,34,261,172,18
1175,Graduation,1,77044.0,Married,4,1,1970,76,330,625,31
1176,Graduation,0,74918.0,Married,3,0,1960,59,997,972,21
1177,Graduation,1,56721.0,Married,6,2,1970,75,51,157,15
1178,Graduation,1,42160.0,Single,6,2,1970,20,57,48,11
1179,Graduation,1,61559.0,Single,3,1,1960,34,203,279,17
1180,PhD,1,33629.0,Married,9,2,1960,4,16,132,13
1181,PhD,0,68682.0,Married,2,0,1990,45,604,919,24
1182,Graduation,1,34377.0,Single,7,1,1960,26,25,62,8
1183,Basic,1,8940.0,Single,8,1,1980,42,52,1,10
1184,Graduation,1,26228.0,Married,8,1,1970,9,13,2,4
1185,2n Cycle,0,77297.0,Divorced,4,0,1950,41,218,408,22
1186,Graduation,1,40211.0,Married,8,2,1980,25,10,51,7
1187,PhD,1,33438.0,Divorced,5,2,1950,6,20,62,11
1188,PhD,1,75032.0,Married,3,1,1950,12,239,952,20
1189,PhD,0,61284.0,Single,6,0,1950,45,141,618,22
1190,Graduation,1,22518.0,Married,5,1,1980,27,21,11,7
1191,Master,1,54730.0,Married,4,1,1970,56,24,318,18
1192,Master,1,38452.0,Married,7,2,1950,2,14,56,9
1193,Graduation,1,44421.0,Divorced,8,2,1970,7,71,110,14
1194,PhD,1,38197.0,Married,5,1,1980,3,13,23,5
1195,Graduation,1,41986.0,Divorced,4,1,1970,12,21,27,10
1196,Graduation,1,28427.0,Married,8,1,1980,6,25,18,7
1197,PhD,1,37395.0,Married,6,1,1970,11,9,18,5
1198,Graduation,1,64722.0,Married,6,1,1970,15,340,303,25
1199,Master,1,55249.0,Married,3,1,1950,11,22,97,8
1200,Graduation,0,84906.0,Married,2,0,1970,76,528,997,24
1201,Graduation,1,28691.0,Married,8,1,1980,4,25,5,5
1202,Graduation,1,44213.0,Single,6,2,1950,7,46,95,12
1203,Basic,1,25707.0,Single,7,1,1980,3,11,1,5
1204,PhD,1,59062.0,Married,4,3,1960,9,16,46,7
1205,Graduation,1,76624.0,Single,1,1,1960,66,307,411,23
1206,Master,0,66000.0,Married,1,0,1940,45,422,244,10
1207,PhD,1,27683.0,Married,8,1,1970,45,142,152,16
1208,Basic,1,7500.0,Single,9,1,1990,40,43,10,11
1209,Graduation,1,40521.0,Married,5,2,1960,4,5,12,4
1210,PhD,1,20427.0,Married,8,1,1970,1,4,5,4
1211,Graduation,1,65106.0,Married,6,1,1970,19,164,790,27
1212,PhD,0,69969.0,Married,3,0,1960,44,581,882,13
1213,Graduation,1,67433.0,Married,4,2,1950,30,299,615,28
1214,PhD,1,77766.0,Married,6,1,1960,27,439,1004,34
1215,Graduation,1,74716.0,Married,4,1,1970,71,461,133,17
1216,Graduation,1,68118.0,Divorced,6,1,1960,154,156,595,23
1217,PhD,1,55158.0,Married,7,2,1970,23,91,293,18
1218,2n Cycle,1,62972.0,Married,6,1,1950,192,82,313,16
1219,Graduation,1,74190.0,Married,2,1,1970,64,335,151,19
1220,Graduation,1,39356.0,Married,6,2,1970,6,2,15,4
1221,Graduation,0,76653.0,Married,2,0,1960,126,1228,736,23
1222,PhD,1,35860.0,Divorced,5,2,1970,20,12,15,6
1223,PhD,0,90687.0,Divorced,2,0,1980,51,712,982,17
1224,Master,0,73450.0,Married,3,0,1980,37,556,1142,27
1225,Graduation,1,31454.0,Married,8,2,1960,9,11,28,8
1226,Graduation,1,47139.0,Single,7,2,1950,23,12,46,7
1227,Graduation,0,83829.0,Divorced,1,0,1970,27,777,897,17
1228,PhD,1,53378.0,Married,8,2,1960,132,166,489,29
1229,Graduation,1,19656.0,Married,7,1,1970,32,19,25,9
1230,PhD,1,45579.0,Married,6,1,1940,1,36,145,10
1231,2n Cycle,0,85485.0,Single,2,0,1950,54,681,630,19
1232,Graduation,0,55956.0,Married,4,0,1940,38,192,760,16
1233,Master,1,64191.0,Single,3,1,1960,15,352,420,24
1234,Graduation,1,38808.0,Single,8,1,1970,30,72,125,14
1235,Master,1,57183.0,Married,8,2,1960,70,76,464,25
1236,Master,1,23748.0,Divorced,8,1,1960,8,47,6,9
1237,Graduation,1,66303.0,Married,8,1,1970,60,124,1090,22
1238,Master,1,37368.0,Married,6,1,1970,10,15,3,4
1239,Graduation,1,40800.0,Married,7,3,1960,10,35,24,8
1240,Graduation,0,71847.0,Divorced,3,0,1970,210,182,737,22
1241,Graduation,1,46149.0,Married,5,1,1970,27,81,254,18
1242,Graduation,0,78687.0,Married,2,0,1980,241,1017,817,19
1243,2n Cycle,0,49118.0,Divorced,7,0,1970,119,392,620,28
1244,PhD,1,37633.0,Married,9,2,1950,1,24,13,6
1245,Master,0,39767.0,Married,8,0,1950,47,299,113,17
1246,Basic,0,26997.0,Married,7,0,1950,144,234,7,13
1247,Graduation,1,33986.0,Divorced,7,1,1970,5,22,16,5
1248,PhD,1,57091.0,Married,7,1,1970,4,30,462,18
1249,2n Cycle,1,46831.0,Married,4,2,1960,34,18,22,7
1250,Master,0,83151.0,Married,2,0,1970,210,1126,968,23
1251,Graduation,0,52531.0,Married,6,0,1970,125,314,283,21
1252,Graduation,0,15759.0,Married,7,0,1950,3,13,1,4
1253,Graduation,1,22804.0,Single,9,1,1970,1,10,14,5
1254,2n Cycle,1,43050.0,Married,5,1,1970,8,35,30,8
1255,PhD,1,42997.0,Single,7,2,1970,5,5,4,4
1256,PhD,1,48918.0,Single,4,2,1960,1,9,52,7
1257,Master,1,60033.0,Married,2,1,1950,48,77,62,10
1258,PhD,1,34043.0,Married,9,1,1970,10,19,20,5
1259,Graduation,1,57811.0,Married,5,1,1960,78,158,545,25
1260,Graduation,0,78569.0,Married,1,0,1940,95,908,558,15
1261,Graduation,1,7500.0,Single,6,2,1970,25,22,6,10
1262,Graduation,0,94384.0,Married,2,0,1950,172,974,1111,18
1263,2n Cycle,0,23148.0,Married,7,0,1980,10,20,4,6
1264,Graduation,1,44267.0,Divorced,9,2,1970,49,73,183,16
1265,Graduation,0,71626.0,Married,3,0,1970,72,542,546,19
1266,Graduation,1,60894.0,Married,7,1,1960,54,172,606,26
1267,Graduation,1,50200.0,Married,8,2,1970,64,65,266,19
1268,PhD,0,81051.0,Married,2,0,1960,14,316,1142,23
1269,Graduation,0,65169.0,Married,6,0,1980,46,69,1074,28
1270,Graduation,1,59868.0,Married,6,1,1970,154,259,771,32
1271,PhD,1,65695.0,Married,4,1,1960,6,221,371,21
1272,Master,0,64857.0,Single,4,0,1950,43,941,556,23
1273,Master,1,45143.0,Married,7,1,1960,14,90,202,15
1274,2n Cycle,1,74805.0,Married,2,1,1950,37,412,209,26
1275,2n Cycle,1,59060.0,Married,4,1,1980,12,187,35,14
1276,PhD,1,27238.0,Single,9,2,1960,3,17,37,9
1277,Graduation,1,47009.0,Married,4,1,1960,90,177,171,17
1278,2n Cycle,1,46094.0,Married,7,2,1970,5,25,12,5
1279,Graduation,1,40321.0,Married,7,2,1970,27,31,44,8
1280,Graduation,1,37235.0,Married,4,1,1980,20,15,20,5
1281,Master,0,81843.0,Married,3,0,1960,138,657,779,27
1282,Master,1,46692.0,Married,6,1,1950,88,127,170,15
1283,Graduation,1,77382.0,Married,1,1,1960,134,391,491,26
1284,Graduation,1,37774.0,Single,9,2,1970,176,122,173,16
1285,Basic,1,18393.0,Married,8,1,1970,4,39,7,8
1286,Master,1,72828.0,Married,7,1,1960,205,254,1205,28
1287,Graduation,0,24711.0,Married,7,0,1980,7,38,10,7
1288,PhD,1,45503.0,Married,5,1,1970,18,54,97,9
1289,PhD,0,71604.0,Married,4,0,1940,97,679,345,17
1290,Graduation,1,27244.0,Married,7,1,1970,46,25,6,8
1291,Graduation,1,48752.0,Married,9,2,1960,0,228,73,17
1292,Graduation,1,71434.0,Married,4,1,1960,168,425,711,21
1293,Graduation,0,90842.0,Single,1,0,1940,93,370,774,27
1294,Master,1,88097.0,Married,9,1,1970,75,480,163,20
1295,Graduation,1,51948.0,Married,5,1,1970,41,158,82,13
1296,Graduation,0,71853.0,Married,1,0,1980,32,662,358,17
1297,Master,0,35876.0,Married,6,0,1980,14,46,66,8
1298,Graduation,1,40049.0,Divorced,6,1,1950,3,13,13,5
1299,Graduation,1,39660.0,Single,9,1,1980,36,111,139,14
1300,Graduation,1,50127.0,Married,6,1,1960,15,25,274,13
1301,Master,1,43263.0,Married,5,1,1970,102,67,262,16
1302,Master,1,62845.0,Married,8,2,1940,34,45,1099,28
1303,Graduation,0,18929.0,Married,6,0,1990,18,31,32,6
1304,Basic,1,24367.0,Single,9,1,1980,5,6,2,4
1305,Graduation,1,33249.0,Single,6,1,1970,42,50,6,8
1306,2n Cycle,1,26887.0,Married,6,1,1950,6,14,6,5
1307,PhD,0,50150.0,Married,5,0,1980,11,203,135,16
1308,Graduation,1,62061.0,Married,6,1,1970,38,91,641,24
1309,PhD,0,85696.0,Divorced,1,0,1960,12,587,714,20
1310,PhD,0,76542.0,Married,2,0,1950,14,646,794,23
1311,Graduation,0,70515.0,Single,2,0,1990,140,634,420,17
1312,Graduation,1,18227.0,Married,8,1,1980,11,13,1,4
1313,Graduation,1,69139.0,Married,4,1,1960,6,120,86,11
1314,Graduation,0,69109.0,Married,4,0,1980,95,608,823,20
1315,Graduation,1,69627.0,Single,5,1,1960,53,547,231,23
1316,Graduation,1,38136.0,Married,8,1,1970,33,42,8,8
1317,PhD,0,62159.0,Single,4,0,1940,29,353,182,19
1318,Graduation,0,80695.0,Single,2,0,1960,18,1306,557,19
1319,Master,1,33316.0,Single,6,2,1970,12,36,79,10
1320,Graduation,1,58554.0,Married,7,2,1960,88,130,368,22
1321,Basic,1,17256.0,Married,8,1,1990,22,26,6,7
1322,Graduation,1,53034.0,Divorced,8,2,1970,50,226,160,22
1323,2n Cycle,0,52203.0,Married,6,0,1950,28,315,488,27
1324,2n Cycle,1,59601.0,Divorced,8,1,1970,23,76,691,15
1325,Master,1,75154.0,Single,3,1,1950,82,375,543,16
1326,Graduation,1,47025.0,Single,6,1,1970,26,135,254,17
1327,Graduation,1,37971.0,Married,8,1,1970,7,16,5,5
1328,Master,1,41335.0,Divorced,7,1,1960,5,56,112,12
1329,Graduation,1,67267.0,Married,2,1,1950,30,85,134,11
1330,Graduation,1,57338.0,Single,5,1,1970,17,69,143,12
1331,2n Cycle,1,50523.0,Married,6,2,1960,1,32,51,8
1332,Master,1,35791.0,Single,8,3,1960,3,5,27,6
1333,PhD,1,50611.0,Divorced,6,1,1960,4,30,459,22
1334,PhD,1,56242.0,Married,6,1,1960,88,186,689,28
1335,Graduation,1,48904.0,Single,8,1,1960,27,48,283,17
1336,Graduation,1,56243.0,Single,5,3,1970,7,39,347,20
1337,Graduation,1,21355.0,Married,6,1,1980,31,27,5,7
1338,Master,1,57420.0,Married,7,1,1970,24,18,280,15
1339,Master,1,46390.0,Divorced,7,1,1950,38,80,95,10
1340,2n Cycle,1,54342.0,Married,6,2,1950,28,55,84,12
1341,Graduation,1,20895.0,Married,9,1,1970,4,23,18,6
1342,Graduation,0,92344.0,Married,1,0,1940,119,769,992,20
1343,2n Cycle,1,26907.0,Married,7,2,1970,2,8,9,6
1344,Graduation,1,44964.0,Married,8,2,1980,2,20,19,5
1345,Graduation,0,75507.0,Married,3,0,1970,80,571,709,21
1346,Master,1,53761.0,Married,5,2,1970,71,89,158,17
1347,Graduation,1,22682.0,Married,4,1,1970,36,47,10,10
1348,PhD,1,38887.0,Married,7,1,1970,3,14,25,5
1349,2n Cycle,1,41658.0,Single,4,2,1970,29,31,8,6
1350,PhD,1,29791.0,Married,5,1,1970,0,6,14,7
1351,Master,1,63915.0,Married,5,2,1950,15,152,622,23
1352,Graduation,1,39996.0,Divorced,6,2,1970,1,3,11,4
1353,Graduation,1,26759.0,Divorced,6,1,1970,2,27,25,8
1354,Master,1,63841.0,Divorced,6,1,1960,131,135,635,22
1355,PhD,1,51039.0,Married,7,2,1960,109,208,100,14
1356,Graduation,1,60544.0,Married,6,2,1960,35,48,201,15
1357,Graduation,1,65685.0,Married,5,1,1970,57,63,642,21
1358,Graduation,1,37716.0,Married,7,1,1950,41,48,97,10
1359,Graduation,1,36864.0,Single,8,1,1950,89,61,204,14
1360,Master,1,44511.0,Married,8,1,1970,14,186,513,26
1361,PhD,1,36947.0,Married,9,2,1960,29,28,88,11
1362,Master,1,47352.0,Married,7,1,1950,15,132,172,16
1363,Master,1,67087.0,Married,4,1,1950,43,387,329,22
1364,Graduation,1,57045.0,Married,3,1,1950,17,128,296,18
1365,PhD,1,36957.0,Divorced,9,2,1950,31,20,100,11
1366,PhD,1,69389.0,Married,4,1,1970,15,314,422,22
1367,Graduation,1,80134.0,Married,6,1,1970,80,392,1218,16
1368,Master,1,43142.0,Married,7,2,1960,4,10,5,4
1369,Graduation,0,80589.0,Married,1,0,1940,26,855,507,21
1370,Graduation,1,34412.0,Single,9,1,1990,55,66,52,11
1371,Graduation,1,57537.0,Single,4,1,1970,100,246,191,19
1372,Basic,0,22634.0,Married,8,0,1960,46,42,2,6
1373,Graduation,0,51315.0,Married,2,0,1940,41,83,68,10
1374,Graduation,1,36026.0,Married,6,3,1970,17,20,20,7
1375,Graduation,1,24639.0,Married,6,2,1970,1,19,20,9
1376,PhD,1,34578.0,Married,6,3,1970,0,1,7,4
1377,2n Cycle,0,65704.0,Single,1,0,1970,246,284,279,23
1378,Graduation,1,63810.0,Single,8,1,1960,101,281,977,23
1379,PhD,1,54132.0,Married,7,1,1960,3,9,30,5
1380,Graduation,0,18690.0,Married,8,0,1950,19,31,6,5
1381,Graduation,1,28164.0,Married,7,1,1970,12,55,3,9
1382,PhD,1,34596.0,Married,8,1,1970,7,2,14,4
1383,PhD,1,43269.0,Married,8,1,1970,1,8,10,4
1384,2n Cycle,1,38741.0,Single,7,2,1950,13,35,7,7
1385,Graduation,0,31907.0,Single,7,0,1970,74,326,33,14
1386,Master,1,27100.0,Married,7,1,1980,10,15,12,5
1387,2n Cycle,1,31163.0,Divorced,6,1,1970,10,24,2,5
1388,Graduation,0,92533.0,Married,2,0,1980,42,249,693,23
1389,Graduation,1,34853.0,Single,6,2,1970,2,20,9,7
1390,Graduation,1,70844.0,Divorced,7,2,1960,2,96,129,17
1391,2n Cycle,1,31086.0,Married,8,2,1970,16,16,16,6
1392,Graduation,1,60544.0,Married,6,2,1960,35,48,201,15
1393,2n Cycle,0,20491.0,Married,7,0,1980,10,13,5,4
1394,Graduation,0,42523.0,Married,2,0,1960,35,50,14,7
1395,Graduation,1,39922.0,Married,8,1,1980,36,90,29,9
1396,Graduation,1,33402.0,Married,8,2,1950,8,31,26,9
1397,Master,1,36408.0,Married,6,2,1940,3,8,9,4
1398,Graduation,1,21645.0,Married,9,1,1970,19,27,14,9
1399,Master,0,78427.0,Divorced,3,0,1940,138,794,972,23
1400,Graduation,0,82657.0,Married,4,0,1940,126,1086,966,23
1401,Graduation,0,51876.0,Married,1,0,1950,6,157,99,13
1402,2n Cycle,0,78041.0,Married,2,0,1970,17,660,482,18
1403,Graduation,1,52852.0,Married,8,1,1950,47,118,714,26
1404,PhD,0,70038.0,Married,2,0,1980,130,473,587,17
1405,2n Cycle,1,69401.0,Married,2,1,1970,39,244,399,17
1406,Graduation,1,46053.0,Married,5,1,1970,25,121,56,12
1407,Graduation,0,77343.0,Married,1,0,1960,31,822,227,17
1408,Graduation,0,73892.0,Single,1,0,1950,43,703,703,23
1409,PhD,1,40304.0,Single,7,1,1960,3,17,37,6
1410,PhD,0,32727.0,Married,8,0,1960,70,279,167,17
1411,Graduation,0,68695.0,Married,2,0,1960,40,543,458,16
1412,Graduation,1,43300.0,Divorced,8,1,1970,31,57,91,11
1413,Graduation,1,26290.0,Married,6,2,1970,22,35,15,10
1414,Graduation,0,93790.0,Single,2,0,1970,45,888,1302,25
1415,PhD,0,38410.0,Married,6,0,1970,14,303,153,18
1416,Master,1,64866.0,Divorced,5,1,1950,10,33,508,21
1417,Graduation,1,57957.0,Married,3,1,1950,29,313,290,25
1418,PhD,1,46015.0,Married,7,2,1950,6,2,38,5
1419,Graduation,1,16531.0,Married,7,1,1970,11,26,2,9
1420,Master,1,28072.0,Married,7,1,1980,5,12,30,5
1421,Master,1,49476.0,Divorced,2,1,1960,196,172,386,22
1422,Graduation,1,50725.0,Married,8,1,1950,48,85,443,21
1423,Graduation,0,83844.0,Married,1,0,1950,191,451,901,20
1424,PhD,1,41145.0,Married,3,2,1950,1,3,9,4
1425,Graduation,1,67419.0,Married,5,1,1970,42,527,846,25
1426,2n Cycle,1,23162.0,Married,6,2,1970,22,31,8,8
1427,Graduation,1,34380.0,Married,8,1,1970,24,78,72,12
1428,Graduation,1,34704.0,Single,5,1,1960,5,5,29,5
1429,Graduation,1,65148.0,Married,4,1,1950,153,490,460,21
1430,Graduation,1,39898.0,Married,7,1,1950,12,46,69,9
1431,Master,0,64857.0,Single,4,0,1950,43,941,556,23
1432,PhD,1,59892.0,Married,3,1,1970,0,13,73,7
1433,Master,0,41020.0,Single,3,0,1980,36,62,112,10
1434,PhD,1,57072.0,Married,5,1,1960,30,60,944,27
1435,Graduation,1,60474.0,Single,7,1,1970,170,736,265,31
1436,Graduation,1,62807.0,Married,5,1,1960,99,173,526,23
1437,2n Cycle,1,19414.0,Married,8,1,1980,7,18,2,5
1438,Graduation,1,19107.0,Married,7,1,1980,16,23,2,6
1439,2n Cycle,1,75484.0,Married,4,1,1970,34,553,378,18
1440,Master,1,70379.0,Single,4,1,1970,8,232,553,25
1441,Master,0,79419.0,Married,2,0,1970,31,834,751,15
1442,PhD,1,64014.0,Married,7,3,1940,8,30,406,22
1443,Graduation,1,76998.0,Married,6,1,1950,107,319,1449,29
1444,Master,1,49854.0,Married,6,1,1970,30,227,123,18
1445,PhD,1,60585.0,Married,5,2,1970,21,406,267,30
1446,PhD,1,42873.0,Divorced,8,2,1950,15,43,209,15
1447,Graduation,0,87679.0,Married,4,0,1980,33,1084,1259,29
1448,Graduation,1,57867.0,Married,6,1,1970,17,228,344,25
1449,Graduation,1,35765.0,Married,6,1,1990,15,33,22,8
1450,Graduation,0,65492.0,Married,2,0,1950,47,666,247,26
1451,Graduation,1,32952.0,Divorced,7,1,1970,1,15,38,6
1452,PhD,1,53374.0,Married,9,1,1960,34,124,896,21
1453,Graduation,1,71706.0,Married,5,1,1950,14,400,931,25
1454,Graduation,0,68487.0,Married,4,0,1980,89,430,758,30
1455,Master,1,53253.0,Married,5,2,1970,125,86,216,19
1456,2n Cycle,1,31163.0,Divorced,6,1,1970,10,24,2,5
1457,Graduation,1,42014.0,Married,8,1,1970,50,127,244,20
1458,Master,1,54108.0,Married,8,2,1970,97,105,539,32
1459,PhD,0,49667.0,Single,8,0,1950,39,163,1181,22
1460,Master,0,63206.0,Married,2,0,1970,26,144,750,14
1461,Master,1,57136.0,Married,6,2,1970,92,135,306,26
1462,2n Cycle,1,46772.0,Married,8,1,1970,57,490,350,30
1463,PhD,0,78931.0,Married,1,0,1970,35,425,331,24
1464,Graduation,1,53977.0,Married,5,1,1950,82,181,620,27
1465,Graduation,0,84219.0,Married,1,0,1980,45,582,434,18
1466,Master,1,46098.0,Single,8,2,1970,36,27,57,11
1467,Graduation,1,73538.0,Married,7,1,1960,107,603,811,26
1468,Graduation,0,79529.0,Married,2,0,1980,197,821,423,22
1469,2n Cycle,0,20981.0,Married,8,0,1970,30,28,2,7
1470,Graduation,1,51766.0,Single,5,1,1980,51,144,60,12
1471,Graduation,1,55759.0,Married,8,1,1960,77,95,675,26
1472,Graduation,1,33039.0,Married,5,1,1970,12,28,30,7
1473,Master,1,37787.0,Married,8,1,1970,18,45,40,7
1474,Graduation,1,27242.0,Single,9,1,1970,39,63,3,7
1475,PhD,0,87188.0,Single,3,0,1980,55,884,910,19
1476,Graduation,0,69930.0,Married,3,0,1970,196,1144,252,22
1477,Graduation,1,37697.0,Single,6,1,1970,8,38,34,7
1478,PhD,1,37401.0,Married,7,1,1970,3,25,19,7
1479,Graduation,1,58597.0,Married,7,2,1970,21,194,490,32
1480,PhD,0,82032.0,Divorced,1,0,1940,57,720,332,17
1481,Graduation,1,28087.0,Married,7,2,1950,21,38,53,9
1482,PhD,0,74004.0,Single,3,0,1980,48,650,784,15
1483,Graduation,1,19740.0,Married,5,1,1960,20,24,7,7
1484,2n Cycle,1,57036.0,Married,9,1,1970,47,281,1171,26
1485,2n Cycle,1,53083.0,Married,7,2,1950,13,43,215,17
1486,PhD,1,69283.0,Married,5,1,1970,8,196,674,27
1487,Master,1,46098.0,Single,8,2,1970,36,27,57,11
1488,2n Cycle,1,23331.0,Married,8,1,1980,45,43,5,8
1489,2n Cycle,1,23331.0,Single,9,1,1980,5,145,104,17
1490,Graduation,1,9255.0,Single,8,1,1980,4,9,9,5
1491,PhD,0,67786.0,Divorced,1,0,1950,102,603,431,16
1492,PhD,1,71969.0,Married,8,1,1970,10,76,1000,19
1493,Master,1,59235.0,Single,7,1,1960,91,589,448,28
1494,Graduation,1,31928.0,Married,7,1,1980,5,32,33,9
1495,Master,1,74881.0,Married,5,2,1960,54,378,505,27
1496,Graduation,0,65819.0,Married,3,0,1970,63,888,267,20
1497,PhD,1,51411.0,Single,5,3,1950,1,3,14,4
1498,Graduation,1,51983.0,Divorced,7,1,1960,30,125,631,24
1499,Master,1,42386.0,Married,8,1,1980,11,20,65,7
1500,2n Cycle,0,30390.0,Married,6,0,1980,20,49,10,6
1501,Graduation,0,30983.0,Single,8,0,1960,49,66,51,8
1502,Graduation,1,66033.0,Divorced,7,1,1950,65,260,293,20
1503,2n Cycle,1,37284.0,Married,6,2,1970,6,5,11,4
1504,Master,1,57530.0,Divorced,1,1,1950,1,34,50,7
1505,2n Cycle,0,76800.0,Married,1,0,1960,81,316,173,16
1506,Graduation,1,63943.0,Married,5,1,1950,21,565,423,17
1507,Graduation,0,76081.0,Married,2,0,1960,200,508,292,14
1508,Graduation,1,67445.0,Married,6,1,1970,11,326,757,32
1509,Master,1,37054.0,Married,7,2,1960,5,7,12,6
1510,Master,1,47175.0,Married,8,2,1960,19,52,167,17
1511,Graduation,1,31859.0,Divorced,7,1,1970,5,12,3,4
1512,Graduation,1,27215.0,Divorced,6,3,1960,28,35,30,11
1513,PhD,1,70179.0,Divorced,5,1,1970,133,325,532,26
1514,Graduation,1,39922.0,Married,8,1,1980,36,90,29,9
1515,Master,1,49681.0,Married,7,2,1970,21,26,411,21
1516,Graduation,1,24645.0,Married,8,1,1980,0,11,5,4
1517,Graduation,1,79865.0,Divorced,1,1,1950,38,562,71,21
1518,Graduation,1,44322.0,Married,8,1,1980,3,43,46,8
1519,Graduation,1,47958.0,Single,5,1,1950,22,114,268,16
1520,Master,1,63972.0,Single,4,1,1960,12,317,928,23
1521,Graduation,1,75315.0,Married,2,1,1950,31,328,459,23
1522,PhD,1,55517.0,Married,9,2,1950,36,108,483,23
1523,PhD,1,75283.0,Married,4,3,1950,66,201,733,25
1524,PhD,0,82800.0,Single,3,0,1940,45,196,1006,26
1525,Graduation,1,38998.0,Married,8,2,1950,5,15,34,8
1526,Master,0,90638.0,Single,1,0,1990,96,1129,1156,18
1527,Master,1,27161.0,Married,7,1,1980,11,34,7,5
1528,Graduation,1,42014.0,Married,8,1,1970,50,127,244,20
1529,PhD,1,38201.0,Married,8,1,1960,12,23,233,15
1530,Graduation,1,45203.0,Married,6,2,1980,24,80,35,8
1531,PhD,0,81574.0,Married,1,0,1940,0,511,1252,18
1532,Graduation,0,34935.0,Married,7,0,1990,20,73,34,8
1533,Master,1,60482.0,Single,7,1,1970,24,214,255,17
1534,Graduation,1,34633.0,Married,6,3,1950,1,6,8,4
1535,Master,0,78093.0,Married,1,0,1940,10,684,368,17
1536,Graduation,0,82460.0,Divorced,1,0,1950,15,672,255,15
1537,Master,1,45903.0,Married,4,1,1960,3,20,33,8
1538,Graduation,0,81361.0,Divorced,1,0,1980,76,474,163,27
1539,PhD,1,35860.0,Divorced,5,2,1970,20,12,15,6
1540,Master,1,40442.0,Married,7,2,1950,13,89,45,12
1541,Graduation,0,61482.0,Married,2,0,1960,43,142,48,12
1542,Graduation,1,34968.0,Married,7,1,1980,2,59,158,17
1543,Graduation,0,75794.0,Married,3,0,1980,48,848,754,25
1544,PhD,1,31497.0,Married,8,1,1960,4,42,108,10
1545,Graduation,0,74268.0,Married,2,0,1950,41,478,199,13
1546,Basic,1,13724.0,Married,9,1,1980,27,14,2,5
1547,Master,1,45143.0,Married,7,1,1960,14,90,202,15
1548,PhD,1,52569.0,Single,3,1,1960,7,3,85,7
1549,PhD,1,48432.0,Single,8,1,1970,42,57,322,19
1550,Master,1,17144.0,Married,7,2,1960,6,21,18,12
1551,Graduation,1,36108.0,Single,9,1,1980,47,140,141,15
1552,Graduation,1,76445.0,Married,6,1,1970,35,556,739,21
1553,PhD,1,36663.0,Married,2,1,1970,5,9,18,6
1554,Master,1,53843.0,Married,7,1,1960,73,107,378,20
1555,Master,0,90226.0,Married,2,0,1950,108,1010,1083,24
1556,Master,0,70638.0,Divorced,3,0,1950,63,243,1016,20
1557,Graduation,1,44512.0,Married,4,2,1960,2,7,23,6
1558,Graduation,1,27116.0,Married,7,2,1960,3,24,12,7
1559,PhD,1,54072.0,Married,8,2,1960,0,4,35,5
1560,Graduation,1,71855.0,Married,3,1,1970,28,453,548,25
1561,2n Cycle,1,51250.0,Single,9,1,1990,40,296,342,24
1562,Master,1,60432.0,Married,6,1,1970,11,22,365,19
1563,PhD,1,65526.0,Married,2,1,1960,9,100,397,17
1564,Graduation,0,68655.0,Single,3,0,1980,38,926,456,21
1565,2n Cycle,0,12393.0,Married,9,0,1970,13,32,5,6
1566,Graduation,0,64509.0,Single,4,0,1990,77,784,836,19
1567,Graduation,1,33955.0,Single,8,1,1970,10,153,100,15
1568,Graduation,1,31353.0,Married,8,2,1970,7,13,10,6
1569,Graduation,1,55434.0,Married,4,1,1980,76,499,238,24
1570,Graduation,1,28359.0,Married,7,1,1980,2,7,6,4
1571,Graduation,1,57100.0,Single,3,1,1980,17,125,158,14
1572,Graduation,1,69139.0,Married,4,1,1960,6,120,86,11
1573,Master,1,52973.0,Married,8,1,1950,199,88,856,31
1574,PhD,1,51717.0,Married,7,1,1960,5,18,98,8
1575,Graduation,1,18793.0,Married,8,1,1970,20,36,4,9
1576,2n Cycle,0,66664.0,Married,3,0,1980,32,763,398,19
1577,Graduation,1,50664.0,Single,9,2,1950,126,118,313,24
1578,Graduation,1,54414.0,Married,4,2,1960,18,58,109,13
1579,PhD,1,54549.0,Married,7,1,1950,9,8,216,12
1580,PhD,1,47111.0,Divorced,9,1,1970,41,344,595,21
1581,PhD,0,41003.0,Divorced,6,0,1960,88,346,123,17
1582,Graduation,1,19444.0,Married,7,1,1980,10,26,16,10
1583,2n Cycle,1,36301.0,Married,7,1,1970,12,50,11,7
1584,PhD,1,73059.0,Married,4,1,1940,71,532,410,26
1585,PhD,1,42731.0,Married,5,1,1960,24,59,159,13
1586,PhD,1,52854.0,Married,5,2,1950,0,10,105,9
1587,Graduation,1,22775.0,Married,8,1,1970,1,9,5,4
1588,PhD,1,46681.0,Married,5,2,1940,38,99,269,16
1589,PhD,1,59821.0,Married,8,1,1950,35,70,629,26
1590,Graduation,1,50002.0,Divorced,7,1,1950,82,97,443,19
1591,Graduation,0,69755.0,Married,1,0,1940,93,561,217,22
1592,Graduation,1,44078.0,Married,5,2,1960,4,13,24,7
1593,Master,1,30560.0,Married,7,1,1970,7,10,9,5
1594,Master,1,35924.0,Married,5,2,1960,7,16,8,5
1595,PhD,1,64140.0,Divorced,5,2,1960,215,61,1459,18
1596,Graduation,1,56386.0,Married,9,2,1980,75,275,230,25
1597,Basic,1,24594.0,Married,5,1,1970,9,19,1,5
1598,2n Cycle,1,75774.0,Married,4,1,1980,56,413,340,21
1599,Master,0,39228.0,Divorced,4,0,1960,3,7,7,4
1600,Master,1,58494.0,Married,6,1,1970,19,79,298,16
1601,Graduation,0,58684.0,Single,2,0,1980,85,242,479,21
1602,Graduation,0,57136.0,Divorced,6,0,1960,127,773,267,20
1603,PhD,1,56551.0,Divorced,4,2,1950,16,53,67,10
1604,Graduation,1,22448.0,Married,3,1,1980,18,32,3,9
1605,Graduation,0,82014.0,Single,6,0,1960,31,337,980,22
1606,Graduation,1,34213.0,Divorced,9,2,1960,26,38,50,9
1607,PhD,1,25358.0,Divorced,6,1,1940,8,5,19,6
1608,Master,1,35544.0,Single,7,1,1970,4,32,30,6
1609,Master,1,36634.0,Married,7,1,1950,30,89,213,15
1610,PhD,1,62670.0,Married,3,1,1950,38,202,539,22
1611,2n Cycle,1,50334.0,Married,6,1,1970,134,260,284,23
1612,Graduation,0,72066.0,Single,2,0,1980,34,704,1003,17
1613,PhD,1,50729.0,Single,6,2,1950,52,201,239,24
1614,Graduation,1,34916.0,Married,9,2,1960,42,138,51,13
1615,Graduation,1,64892.0,Divorced,4,1,1970,65,286,527,24
1616,Graduation,1,43602.0,Single,6,2,1960,19,27,19,9
1617,PhD,0,33996.0,Single,4,0,1980,6,25,40,6
1618,2n Cycle,1,41473.0,Single,7,1,1980,9,43,21,6
1619,PhD,1,63246.0,Married,4,2,1960,7,150,593,22
1620,PhD,1,36732.0,Married,2,2,1950,7,18,21,9
1621,PhD,1,69084.0,Married,8,1,1970,30,345,1181,25
1622,PhD,1,77766.0,Married,6,1,1960,27,439,1004,34
1623,PhD,0,37929.0,Single,7,0,1980,10,51,202,13
1624,Graduation,0,86610.0,Married,2,0,1950,53,908,446,18
1625,Master,0,80141.0,Married,6,0,1980,40,827,1184,22
1626,2n Cycle,0,72635.0,Married,3,0,1950,107,449,390,21
1627,Graduation,1,69016.0,Married,5,1,1970,161,539,726,34
1628,2n Cycle,0,20193.0,Married,4,0,1990,9,54,8,7
1629,Graduation,1,27573.0,Married,8,1,1970,15,164,50,14
1630,Basic,1,15862.0,Single,8,1,1970,10,16,1,5
1631,PhD,1,49544.0,Married,7,1,1970,23,73,308,16
1632,Graduation,1,33228.0,Married,7,1,1980,5,40,22,6
1633,Graduation,0,70440.0,Married,3,0,1970,88,692,690,23
1634,Graduation,1,38232.0,Married,5,2,1970,33,40,43,11
1635,PhD,1,22554.0,Married,5,2,1950,4,10,27,10
1636,PhD,1,23536.0,Married,3,1,1980,1,3,6,4
1637,Graduation,1,49413.0,Married,5,1,1950,46,51,205,13
1638,Graduation,1,42231.0,Married,5,2,1960,4,8,24,5
1639,Master,0,78789.0,Divorced,2,0,1980,83,921,667,16
1640,Graduation,1,56534.0,Married,8,1,1960,46,78,691,25
1641,Graduation,1,58350.0,Single,6,1,1970,80,348,493,27
1642,Graduation,0,81217.0,Single,1,0,1980,84,540,493,22
1643,Graduation,1,49090.0,Single,7,1,1950,100,94,494,21
1644,Master,0,61787.0,Divorced,5,0,1980,85,565,621,19
1645,PhD,1,18169.0,Married,8,1,1980,7,5,9,4
1646,2n Cycle,1,24336.0,Single,7,1,1980,12,16,1,4
1647,Graduation,0,18222.0,Married,8,0,1990,14,35,12,6
1648,Graduation,1,62335.0,Divorced,2,1,1950,26,433,243,21
1649,2n Cycle,1,42033.0,Married,7,2,1970,7,7,11,4
1650,PhD,0,86580.0,Married,1,0,1980,20,174,532,11
1651,PhD,1,41437.0,Divorced,7,2,1950,1,2,29,5
1652,Master,1,73705.0,Divorced,5,2,1950,107,869,612,25
1653,Graduation,1,61064.0,Married,6,1,1970,180,468,387,28
1654,Master,1,38452.0,Married,7,2,1950,2,14,56,9
1655,Graduation,1,18358.0,Single,7,1,1980,4,43,6,10
1656,PhD,1,55012.0,Married,5,1,1970,13,65,582,25
1657,Basic,1,9722.0,Married,8,1,1970,42,39,6,11
1658,PhD,1,38175.0,Married,7,1,1980,3,77,70,11
1659,Master,1,58656.0,Married,6,1,1950,12,222,962,32
1660,Graduation,1,52117.0,Married,7,1,1960,20,147,112,13
1661,Graduation,1,64813.0,Married,5,1,1970,52,303,293,20
1662,PhD,1,54222.0,Married,3,1,1970,7,46,199,12
1663,Graduation,0,83512.0,Married,1,0,1980,101,976,1060,22
1664,Master,1,77520.0,Married,4,1,1950,58,440,940,23
1665,Graduation,1,41154.0,Married,5,1,1970,7,15,44,6
1666,Graduation,0,80398.0,Married,3,0,1960,26,1194,342,26
1667,Basic,1,18746.0,Single,6,1,1990,20,33,2,8
1668,Graduation,1,35196.0,Married,8,1,1980,187,196,75,18
1669,Graduation,1,60230.0,Single,5,1,1950,40,426,520,17
1670,Graduation,1,22108.0,Married,7,2,1970,6,18,5,7
1671,Graduation,1,44392.0,Married,7,2,1970,29,83,87,14
1672,PhD,1,55424.0,Married,6,1,1970,107,255,462,25
1673,Graduation,1,17688.0,Married,8,1,1970,2,6,2,4
1674,PhD,0,92491.0,Married,3,0,1980,22,1008,979,25
1675,Graduation,0,90273.0,Single,2,0,1990,111,1102,704,19
1676,PhD,0,82571.0,Divorced,2,0,1960,79,651,861,24
1677,PhD,1,38513.0,Single,8,1,1980,18,134,172,17
1678,Master,1,16653.0,Single,6,1,1970,7,53,5,9
1679,Graduation,1,42586.0,Married,8,2,1950,0,58,194,16
1680,Basic,1,23529.0,Single,6,1,1960,20,23,9,5
1681,Master,1,74881.0,Married,5,2,1960,54,378,505,27
1682,Graduation,1,71107.0,Married,4,1,1950,195,425,533,28
1683,PhD,1,46910.0,Married,6,2,1960,6,14,48,7
1684,Graduation,0,18690.0,Married,8,0,1950,19,31,6,5
1685,Graduation,1,37244.0,Divorced,7,2,1950,25,12,18,5
1686,Graduation,0,82427.0,Married,1,0,1960,107,760,482,21
1687,2n Cycle,1,75342.0,Single,4,1,1950,26,215,204,18
1688,Graduation,1,70044.0,Divorced,5,1,1950,14,403,1073,26
1689,Graduation,1,79146.0,Single,6,2,1960,16,260,245,19
1690,Graduation,0,77437.0,Married,1,0,1960,29,492,560,23
1691,Graduation,1,54984.0,Married,7,1,1950,6,176,173,17
1692,PhD,1,42403.0,Married,8,1,1970,3,12,22,5
1693,Graduation,1,55761.0,Married,6,1,1960,32,13,136,10
1694,Graduation,1,37292.0,Married,8,1,1980,66,96,275,19
1695,PhD,0,45576.0,Single,8,0,1940,25,50,56,8
1696,Graduation,0,70321.0,Married,4,0,1940,191,856,303,25
1697,PhD,1,58086.0,Divorced,8,1,1960,15,69,708,23
1698,Graduation,0,81795.0,Married,2,0,1950,88,852,324,23
1699,Basic,0,28389.0,Married,7,0,1940,8,15,1,4
1700,Master,0,66835.0,Married,2,0,1940,141,255,620,24
1701,Graduation,1,69901.0,Divorced,5,1,1960,149,329,312,23
1702,PhD,0,80360.0,Married,2,0,1940,43,652,1493,15
1703,PhD,1,63342.0,Married,6,1,1960,21,152,918,19
1704,Graduation,1,44989.0,Married,6,1,1970,106,155,98,16
1705,2n Cycle,1,31859.0,Single,7,1,1980,11,26,3,5
1706,PhD,1,51569.0,Divorced,8,1,1940,34,53,380,19
1707,Graduation,1,30372.0,Divorced,7,2,1970,7,19,15,8
1708,Basic,1,16014.0,Single,3,2,1970,7,20,3,10
1709,Graduation,1,41120.0,Married,6,2,1960,24,25,24,9
1710,Master,1,39763.0,Single,9,1,1970,16,65,80,10
1711,PhD,1,38725.0,Married,4,2,1950,5,8,31,7
1712,Graduation,1,77981.0,Married,5,1,1970,60,340,138,21
1713,2n Cycle,1,62905.0,Married,4,1,1960,59,290,166,20
1714,2n Cycle,1,13533.0,Divorced,7,1,1970,17,19,12,7
1715,Graduation,1,59481.0,Married,2,1,1970,58,159,178,16
1716,Graduation,1,72117.0,Married,5,1,1970,50,256,707,26
1717,2n Cycle,1,21955.0,Married,6,1,1980,11,25,5,8
1718,Graduation,1,67131.0,Married,6,1,1950,62,414,465,26
1719,PhD,1,36802.0,Single,5,1,1980,1,3,16,5
1720,Graduation,0,71853.0,Married,1,0,1980,32,662,358,17
1721,Basic,0,28249.0,Married,6,0,1960,10,18,1,6
1722,Master,1,47808.0,Married,7,1,1970,72,29,123,10
1723,PhD,1,25509.0,Divorced,9,1,1970,11,43,40,9
1724,PhD,0,51012.0,Married,6,0,1940,24,74,102,10
1725,Graduation,0,70596.0,Single,2,0,1980,26,595,347,21
1726,Graduation,1,42664.0,Married,6,1,1960,0,3,21,5
1727,Graduation,1,42586.0,Married,8,2,1950,0,58,194,16
1728,Graduation,1,29760.0,Single,8,1,1980,17,79,64,12
1729,PhD,0,28973.0,Married,8,0,1970,12,49,206,13
1730,PhD,1,39435.0,Married,7,1,1970,13,18,71,7
1731,2n Cycle,0,65370.0,Married,1,0,1980,29,272,71,19
