,Income,NumWebVisitsMonth,TotalChild,Basic,Graduation,Master,PhD,Married,Single,1,1950,1960,1970,1980,1990
0,58138.0,7,0,0,1,0,0,0,1,0,1,0,0,0,0
1,46344.0,5,2,0,1,0,0,0,1,1,1,0,0,0,0
2,71613.0,4,0,0,1,0,0,1,0,0,0,1,0,0,0
3,26646.0,6,1,0,1,0,0,1,0,1,0,0,0,1,0
4,58293.0,5,1,0,0,0,1,1,0,1,0,0,0,1,0
5,62513.0,6,1,0,0,1,0,1,0,1,0,1,0,0,0
6,55635.0,6,1,0,1,0,0,0,0,1,0,0,1,0,0
7,33454.0,8,1,0,0,0,1,1,0,1,0,0,0,1,0
8,30351.0,9,1,0,0,0,1,1,0,1,0,0,1,0,0
9,7500.0,8,0,1,0,0,0,1,0,0,0,0,1,0,0
10,63033.0,2,0,0,1,0,0,0,0,0,1,0,0,0,0
11,59354.0,6,2,0,0,1,0,0,0,1,1,0,0,0,0
12,17323.0,8,0,0,1,0,0,1,0,0,0,0,0,1,0
13,82800.0,3,0,0,0,0,1,0,1,0,0,0,0,0,0
14,41850.0,8,2,0,1,0,0,1,0,1,0,0,0,1,0
15,37760.0,7,0,0,1,0,0,1,0,0,0,0,0,0,0
16,76995.0,5,1,0,0,1,0,1,0,1,0,0,0,0,0
17,33812.0,6,1,0,0,0,0,0,1,1,0,0,0,1,0
18,37040.0,8,0,0,1,0,0,1,0,0,0,0,0,1,0
19,58607.0,8,1,0,0,0,1,1,0,1,0,0,0,0,0
20,65324.0,4,1,0,0,0,1,1,0,1,1,0,0,0,0
21,40689.0,8,1,0,1,0,0,1,0,1,1,0,0,0,0
22,18589.0,7,0,0,1,0,0,0,1,0,0,1,0,0,0
23,53359.0,7,2,0,1,0,0,1,0,1,0,0,1,0,0
24,38360.0,3,1,0,1,0,0,1,0,1,0,0,0,1,0
25,84618.0,2,0,0,0,0,1,1,0,0,0,1,0,0,0
26,10979.0,5,0,0,0,1,0,0,0,0,0,0,0,1,0
27,38620.0,3,0,0,0,1,0,1,0,0,0,1,0,0,0
28,40548.0,5,1,0,1,0,0,1,0,1,0,0,1,0,0
29,46610.0,6,2,0,0,0,1,0,0,1,1,0,0,0,0
30,68657.0,7,0,0,0,1,0,1,0,0,0,0,0,0,0
31,49389.0,7,2,0,0,1,0,0,1,1,1,0,0,0,0
32,67353.0,2,1,0,0,0,1,1,0,1,0,0,1,0,0
33,23718.0,7,1,0,0,0,0,1,0,1,0,0,1,0,0
34,42429.0,5,1,0,1,0,0,0,0,1,0,0,1,0,0
35,48948.0,6,0,0,0,0,1,0,0,0,0,0,0,0,0
36,80011.0,4,1,0,1,0,0,1,0,1,0,0,0,1,0
37,20559.0,8,1,0,0,1,0,1,0,1,0,0,0,1,0
38,21994.0,5,1,0,1,0,0,1,0,1,1,0,0,0,0
39,7500.0,5,1,0,0,1,0,1,0,1,0,0,1,0,0
40,79941.0,1,0,0,1,0,0,0,1,0,0,0,1,0,0
41,7500.0,9,0,0,0,0,0,1,0,0,0,0,0,0,1
42,72550.0,8,2,0,0,0,1,1,0,1,1,0,0,0,0
43,65486.0,2,1,0,1,0,0,0,0,1,1,0,0,0,0
44,79143.0,3,0,0,0,1,0,1,0,0,0,1,0,0,0
45,35790.0,7,1,0,1,0,0,0,1,1,0,0,1,0,0
46,82582.0,1,0,0,1,0,0,0,0,0,0,0,1,0,0
47,66373.0,3,2,0,1,0,0,1,0,1,0,0,1,0,0
48,82384.0,1,0,0,0,1,0,1,0,0,1,0,0,0,0
49,70287.0,3,0,0,1,0,0,0,0,0,0,1,0,0,0
50,27938.0,3,1,0,1,0,0,0,1,1,0,0,0,1,0
51,55954.0,7,1,0,0,0,1,1,0,1,0,1,0,0,0
52,75777.0,1,0,0,0,1,0,0,1,0,0,0,0,1,0
53,66653.0,3,2,0,1,0,0,1,0,1,0,0,1,0,0
54,61823.0,7,1,0,1,0,0,0,1,1,1,0,0,0,0
55,67680.0,5,1,0,0,0,1,0,0,1,1,0,0,0,0
56,70666.0,4,0,0,1,0,0,1,0,0,0,0,0,0,0
57,25721.0,7,1,0,1,0,0,1,0,1,0,0,1,0,0
58,32474.0,7,2,0,1,0,0,1,0,1,0,1,0,0,0
59,88194.0,5,1,0,0,0,0,0,1,1,0,0,1,0,0
60,69096.0,4,1,0,1,0,0,1,0,1,1,0,0,0,0
61,74854.0,5,3,0,1,0,0,1,0,1,0,0,1,0,0
62,66991.0,3,0,0,0,1,0,1,0,0,1,0,0,0,0
63,65031.0,7,1,0,1,0,0,1,0,1,1,0,0,0,0
64,60631.0,7,2,0,0,0,1,1,0,1,0,0,1,0,0
65,28332.0,2,0,0,1,0,0,1,0,0,1,0,0,0,0
66,40246.0,6,1,0,1,0,0,0,0,1,0,0,1,0,0
67,75251.0,5,0,0,0,1,0,1,0,0,0,0,1,0,0
68,75825.0,4,0,0,1,0,0,0,1,0,0,0,1,0,0
69,26326.0,3,0,0,0,0,0,1,0,0,0,0,1,0,0
70,56046.0,8,0,0,1,0,0,1,0,0,0,1,0,0,0
71,29760.0,8,1,0,1,0,0,0,1,1,0,0,0,1,0
72,26304.0,7,1,0,1,0,0,1,0,1,0,1,0,0,0
73,23559.0,7,1,0,0,0,0,1,0,1,0,0,1,0,0
74,38620.0,3,0,0,0,1,0,1,0,0,0,1,0,0,0
75,81361.0,1,0,0,1,0,0,0,0,0,0,0,0,1,0
76,29440.0,7,2,0,1,0,0,1,0,1,0,1,0,0,0
77,36138.0,7,2,0,0,1,0,1,0,1,0,0,1,0,0
78,50388.0,7,1,0,1,0,0,0,1,1,1,0,0,0,0
79,79593.0,2,0,0,1,0,0,1,0,0,0,0,1,0,0
80,54178.0,2,1,0,1,0,0,1,0,1,0,1,0,0,0
81,42394.0,7,1,0,0,1,0,0,1,1,0,0,1,0,0
82,23626.0,5,1,0,0,0,1,1,0,1,0,0,1,0,0
83,30096.0,6,1,0,1,0,0,1,0,1,0,0,0,1,0
84,47916.0,6,1,0,1,0,0,0,0,1,0,1,0,0,0
85,51813.0,7,2,0,1,0,0,0,0,1,0,0,1,0,0
86,78497.0,2,0,0,0,0,0,1,0,0,1,0,0,0,0
87,50150.0,5,0,0,0,0,1,1,0,0,0,0,0,1,0
88,47823.0,8,1,0,0,0,0,0,1,1,0,1,0,0,0
89,34554.0,6,1,0,0,0,1,0,1,1,1,0,0,0,0
90,85693.0,5,1,0,1,0,0,1,0,1,0,0,1,0,0
91,65846.0,4,0,0,0,0,1,1,0,0,0,0,0,0,0
92,87195.0,1,0,0,1,0,0,1,0,0,1,0,0,0,0
93,24594.0,5,1,1,0,0,0,1,0,1,0,0,1,0,0
94,49096.0,7,2,0,1,0,0,1,0,1,0,1,0,0,0
95,52413.0,6,2,0,1,0,0,1,0,1,0,1,0,0,0
96,38557.0,7,1,0,1,0,0,0,1,1,0,0,1,0,0
97,89058.0,2,0,0,0,1,0,1,0,0,0,1,0,0,0
98,77298.0,3,1,0,1,0,0,1,0,1,0,0,1,0,0
99,68126.0,9,0,0,0,0,1,0,1,0,0,0,0,0,1
100,57288.0,6,1,0,0,1,0,1,0,1,0,1,0,0,0
101,86037.0,3,0,0,1,0,0,0,1,0,0,0,0,0,1
102,43974.0,7,1,0,0,0,1,1,0,1,0,0,0,1,0
103,50785.0,6,2,0,1,0,0,0,1,1,0,1,0,0,0
104,90765.0,1,0,0,1,0,0,1,0,0,0,0,1,0,0
105,36550.0,9,1,0,0,0,0,1,0,1,0,0,1,0,0
106,30753.0,5,2,0,0,0,0,1,0,1,0,1,0,0,0
107,21918.0,6,1,0,1,0,0,1,0,1,0,1,0,0,0
108,56129.0,4,1,0,0,1,0,1,0,1,1,0,0,0,0
109,32557.0,5,1,0,0,1,0,0,1,1,0,1,0,0,0
110,19510.0,7,2,0,0,1,0,1,0,1,0,0,0,1,0
111,30992.0,7,1,0,1,0,0,0,0,1,0,0,1,0,0
112,71488.0,1,0,0,0,0,0,1,0,0,0,1,0,0,0
113,79607.0,1,0,0,1,0,0,0,1,0,0,0,0,1,0
114,54348.0,6,2,0,0,1,0,1,0,1,1,0,0,0,0
115,77376.0,4,2,0,0,0,1,1,0,1,1,0,0,0,0
116,62998.0,5,1,0,1,0,0,1,0,1,1,0,0,0,0
117,61331.0,8,2,0,0,1,0,0,1,1,1,0,0,0,0
118,73448.0,4,0,0,1,0,0,1,0,0,0,1,0,0,0
119,41551.0,8,2,0,0,0,1,1,0,1,0,1,0,0,0
120,62981.0,3,0,0,0,0,1,1,0,0,0,1,0,0,0
121,9548.0,8,1,1,0,0,0,0,0,1,0,0,1,0,0
122,33762.0,8,3,0,0,0,1,1,0,1,1,0,0,0,0
123,35860.0,5,2,0,0,0,1,0,1,1,0,0,1,0,0
124,36921.0,7,2,0,0,0,1,0,0,1,0,1,0,0,0
125,92859.0,2,0,0,0,1,0,0,1,0,0,0,0,0,1
126,65104.0,7,1,0,0,1,0,1,0,1,0,0,1,0,0
127,86111.0,2,0,0,1,0,0,1,0,0,0,1,0,0,0
128,68352.0,6,1,0,0,0,1,0,1,1,0,0,1,0,0
129,41883.0,7,1,0,1,0,0,1,0,1,0,0,0,1,0
130,59809.0,8,2,0,1,0,0,1,0,1,0,0,1,0,0
131,23957.0,6,1,0,1,0,0,1,0,1,0,0,1,0,0
132,38547.0,8,1,0,1,0,0,1,0,1,0,0,0,1,0
133,35688.0,8,3,0,0,0,0,1,0,1,0,0,1,0,0
134,49605.0,3,0,0,0,1,0,1,0,0,0,1,0,0,0
135,59354.0,3,2,0,0,1,0,1,0,1,1,0,0,0,0
136,65747.0,6,1,0,1,0,0,1,0,1,0,1,0,0,0
137,46344.0,7,1,0,0,0,0,1,0,1,0,0,1,0,0
138,34176.0,6,1,0,1,0,0,0,1,1,0,0,0,1,0
139,61010.0,5,1,0,0,0,1,1,0,1,1,0,0,0,0
140,69372.0,4,0,0,1,0,0,1,0,0,0,0,0,0,0
141,49967.0,7,1,0,1,0,0,0,1,1,1,0,0,0,0
142,60199.0,4,3,0,1,0,0,0,1,1,0,0,1,0,0
143,55375.0,2,1,0,1,0,0,1,0,1,0,0,1,0,0
144,80317.0,1,0,0,1,0,0,0,1,0,1,0,0,0,0
145,30523.0,7,3,0,0,1,0,0,1,1,1,0,0,0,0
146,70356.0,6,0,0,0,0,1,1,0,0,0,0,0,0,0
147,23228.0,8,1,0,1,0,0,1,0,1,0,0,0,1,0
148,74165.0,2,0,0,0,0,1,0,0,0,0,0,1,0,0
149,43482.0,6,3,0,1,0,0,1,0,1,0,1,0,0,0
150,62551.0,3,0,0,1,0,0,0,0,0,1,0,0,0,0
151,52332.0,4,0,0,1,0,0,0,0,0,1,0,0,0,0
152,66951.0,1,0,0,1,0,0,0,1,0,0,0,0,1,0
153,26091.0,5,2,0,1,0,0,1,0,1,1,0,0,0,0
154,33456.0,7,2,0,1,0,0,1,0,1,0,1,0,0,0
155,28718.0,8,1,0,1,0,0,1,0,1,0,0,0,1,0
156,50447.0,6,2,0,1,0,0,1,0,1,0,0,1,0,0
157,53537.0,5,2,0,0,0,1,1,0,1,1,0,0,0,0
158,52074.0,4,1,0,1,0,0,0,1,1,0,1,0,0,0
159,80427.0,5,1,0,0,0,1,1,0,1,0,0,1,0,0
160,83837.0,4,0,0,0,0,1,1,0,0,0,0,0,0,0
161,38853.0,7,2,0,0,0,1,1,0,1,0,0,1,0,0
162,38285.0,2,3,0,1,0,0,1,0,1,1,0,0,0,0
163,78497.0,2,0,0,0,0,0,1,0,0,1,0,0,0,0
164,51650.0,5,1,0,0,0,1,1,0,1,0,0,1,0,0
165,16248.0,6,1,0,0,0,0,1,0,1,0,0,0,1,0
166,66835.0,2,0,0,0,1,0,1,0,0,0,0,0,0,0
167,30477.0,6,1,0,0,1,0,1,0,1,0,0,0,1,0
168,28249.0,6,0,1,0,0,0,1,0,0,0,1,0,0,0
169,25271.0,9,1,0,1,0,0,1,0,1,0,0,0,1,0
170,32303.0,5,1,0,0,0,1,0,1,1,0,0,1,0,0
171,61286.0,5,1,0,1,0,0,1,0,1,0,1,0,0,0
172,74068.0,2,0,0,1,0,0,1,0,0,0,0,1,0,0
173,45759.0,7,2,0,0,0,1,1,0,1,0,1,0,0,0
174,24882.0,6,1,1,0,0,0,1,0,1,0,0,1,0,0
175,66973.0,3,0,0,0,0,1,1,0,0,0,0,0,1,0
176,38872.0,8,1,0,1,0,0,1,0,1,0,0,0,1,0
177,51148.0,6,2,0,1,0,0,1,0,1,0,0,1,0,0
178,31353.0,8,2,0,1,0,0,1,0,1,0,0,1,0,0
179,69661.0,3,0,0,0,1,0,1,0,0,0,0,0,1,0
180,80067.0,2,0,0,1,0,0,1,0,0,1,0,0,0,0
181,86718.0,2,0,0,1,0,0,1,0,0,1,0,0,0,0
182,46854.0,8,2,0,0,0,1,0,1,1,0,0,1,0,0
183,69142.0,5,1,0,1,0,0,0,0,1,1,0,0,0,0
184,75922.0,1,0,0,1,0,0,0,1,0,0,1,0,0,0
185,63693.0,6,1,0,1,0,0,0,0,1,0,0,1,0,0
186,40637.0,7,2,0,0,0,1,0,1,1,0,1,0,0,0
187,18890.0,6,0,0,0,1,0,0,1,0,0,0,0,1,0
188,29604.0,9,1,0,1,0,0,1,0,1,0,0,0,1,0
189,48721.0,6,2,0,0,1,0,0,0,1,0,1,0,0,0
190,44794.0,6,1,0,1,0,0,1,0,1,0,1,0,0,0
191,64497.0,8,1,0,1,0,0,0,0,1,1,0,0,0,0
192,46097.0,4,1,0,1,0,0,1,0,1,1,0,0,0,0
193,77972.0,1,0,0,1,0,0,1,0,0,1,0,0,0,0
194,44377.0,8,2,0,0,0,1,1,0,1,0,1,0,0,0
195,46014.0,7,2,0,0,1,0,1,0,1,0,0,1,0,0
196,70951.0,1,0,0,1,0,0,1,0,0,0,0,0,1,0
197,41443.0,8,1,0,1,0,0,1,0,1,0,0,1,0,0
198,52195.0,8,3,0,0,0,0,0,1,1,0,0,1,0,0
199,83790.0,3,0,0,0,1,0,1,0,0,0,0,0,0,0
200,44551.0,7,1,0,0,1,0,0,0,1,1,0,0,0,0
201,69508.0,6,1,0,1,0,0,1,0,1,0,0,0,1,0
202,45204.0,3,1,0,0,0,0,1,0,1,0,0,0,1,0
203,72460.0,1,0,0,1,0,0,1,0,0,0,1,0,0,0
204,77622.0,3,2,0,0,0,1,1,0,1,0,0,1,0,0
205,30732.0,8,1,0,0,0,1,1,0,1,0,0,0,1,0
206,63887.0,6,1,0,1,0,0,0,0,1,0,1,0,0,0
207,42011.0,8,1,0,1,0,0,1,0,1,0,0,1,0,0
208,51369.0,8,1,0,1,0,0,1,0,1,0,0,1,0,0
209,51537.0,8,1,0,1,0,0,0,0,1,1,0,0,0,0
210,79930.0,2,0,0,0,0,1,1,0,0,0,0,1,0,0
211,34320.0,8,1,0,0,0,1,1,0,1,0,0,0,1,0
212,37070.0,7,2,0,1,0,0,0,1,1,0,1,0,0,0
213,81975.0,7,1,0,0,0,0,0,0,1,0,1,0,0,0
214,38590.0,8,1,0,1,0,0,1,0,1,0,0,1,0,0
215,15033.0,3,0,0,1,0,0,0,1,0,1,0,0,0,0
216,62745.0,5,1,0,0,0,1,1,0,1,0,1,0,0,0
217,22212.0,6,1,0,0,0,0,1,0,1,0,0,1,0,0
218,23661.0,7,1,0,0,1,0,1,0,1,0,0,0,1,0
219,79761.0,3,1,0,0,0,1,0,1,1,1,0,0,0,0
220,7500.0,7,1,0,1,0,0,0,1,1,0,0,1,0,0
221,73455.0,3,0,0,1,0,0,0,0,0,0,1,0,0,0
222,64961.0,3,1,0,1,0,0,1,0,1,1,0,0,0,0
223,22804.0,9,1,0,1,0,0,0,1,1,0,0,1,0,0
224,73687.0,2,0,0,1,0,0,1,0,0,0,0,0,0,1
225,61074.0,7,1,0,1,0,0,1,0,1,1,0,0,0,0
226,31686.0,6,2,0,0,0,1,1,0,1,0,1,0,0,0
227,80134.0,6,1,0,1,0,0,1,0,1,0,0,1,0,0
228,75027.0,5,1,0,1,0,0,1,0,1,1,0,0,0,0
229,67546.0,3,0,0,0,0,1,1,0,0,0,0,0,1,0
230,65176.0,6,1,0,0,1,0,1,0,1,0,1,0,0,0
231,31160.0,8,1,0,0,1,0,0,1,1,0,0,1,0,0
232,29938.0,6,1,0,1,0,0,0,1,1,0,0,0,1,0
233,26490.0,6,0,0,0,0,0,1,0,0,1,0,0,0,0
234,75702.0,8,2,0,1,0,0,1,0,1,0,1,0,0,0
235,30899.0,6,1,0,0,0,1,0,1,1,0,0,1,0,0
236,63342.0,6,1,0,0,0,1,1,0,1,0,1,0,0,0
237,45989.0,3,1,0,1,0,0,0,1,1,0,1,0,0,0
238,18701.0,5,2,0,1,0,0,0,1,1,0,1,0,0,0
239,40737.0,8,3,0,0,0,1,0,1,1,1,0,0,0,0
240,15287.0,7,1,0,1,0,0,0,0,1,0,0,1,0,0
241,69674.0,5,2,0,0,0,1,0,0,1,0,1,0,0,0
242,44159.0,5,1,0,0,1,0,1,0,1,0,0,1,0,0
243,37717.0,9,1,0,0,0,1,1,0,1,0,0,1,0,0
244,43776.0,8,2,0,0,1,0,1,0,1,1,0,0,0,0
245,38179.0,7,2,0,0,1,0,1,0,1,0,1,0,0,0
246,80124.0,1,0,0,1,0,0,1,0,0,0,1,0,0,0
247,38097.0,7,2,0,0,0,1,1,0,1,0,0,1,0,0
248,72940.0,1,0,0,1,0,0,1,0,0,0,0,1,0,0
249,22070.0,6,1,0,1,0,0,1,0,1,0,0,1,0,0
250,69267.0,7,0,0,1,0,0,0,1,0,1,0,0,0,0
251,31788.0,5,1,0,0,1,0,0,1,1,0,0,0,1,0
252,61905.0,5,1,0,0,0,1,1,0,1,0,0,1,0,0
253,29315.0,6,2,0,1,0,0,1,0,1,0,1,0,0,0
254,33378.0,7,2,0,1,0,0,0,0,1,0,1,0,0,0
255,66313.0,4,1,0,0,0,1,1,0,1,0,1,0,0,0
256,60714.0,5,0,0,1,0,0,0,1,0,1,0,0,0,0
257,77882.0,1,0,0,0,1,0,1,0,0,0,0,0,1,0
258,69867.0,1,0,0,0,0,1,0,1,0,0,0,0,1,0
259,63841.0,6,1,0,0,1,0,0,0,1,0,1,0,0,0
260,24480.0,7,1,1,0,0,0,1,0,1,0,0,0,1,0
261,51369.0,8,1,0,1,0,0,1,0,1,0,0,1,0,0
262,37760.0,7,0,0,1,0,0,1,0,0,0,0,0,0,0
263,65640.0,2,1,0,0,0,1,1,0,1,0,0,1,0,0
264,44319.0,5,2,0,0,1,0,1,0,1,0,0,1,0,0
265,30631.0,7,1,0,1,0,0,1,0,1,0,0,1,0,0
266,75278.0,3,0,0,1,0,0,1,0,0,1,0,0,0,0
267,50898.0,5,2,0,0,1,0,1,0,1,1,0,0,0,0
268,79946.0,3,0,0,1,0,0,0,0,0,0,1,0,0,0
269,35416.0,8,0,0,0,1,0,0,0,0,0,0,0,0,0
270,32414.0,7,0,0,0,0,0,1,0,0,0,0,0,1,0
271,38361.0,7,1,0,1,0,0,1,0,1,0,1,0,0,0
272,82497.0,4,0,0,1,0,0,1,0,0,0,0,0,1,0
273,16626.0,9,2,0,1,0,0,1,0,1,0,0,1,0,0
274,29672.0,6,2,0,1,0,0,1,0,1,0,1,0,0,0
275,55951.0,8,1,0,0,1,0,1,0,1,1,0,0,0,0
276,35388.0,7,1,0,0,0,0,0,0,1,0,0,0,1,0
277,42386.0,8,1,0,0,1,0,1,0,1,0,0,0,1,0
278,68627.0,1,0,0,1,0,0,0,1,0,0,0,0,1,0
279,57912.0,5,1,0,0,0,1,0,0,1,0,1,0,0,0
280,35246.0,5,2,0,1,0,0,0,0,1,1,0,0,0,0
281,58821.0,6,1,0,0,0,0,1,0,1,1,0,0,0,0
282,46377.0,4,1,0,0,0,1,1,0,1,0,0,1,0,0
283,39747.0,8,1,0,1,0,0,0,1,1,0,0,0,1,0
284,23976.0,7,1,0,1,0,0,1,0,1,0,0,0,1,0
285,80950.0,2,0,0,0,1,0,1,0,0,0,1,0,0,0
286,27038.0,9,0,0,1,0,0,0,0,0,0,1,0,0,0
287,77457.0,1,0,0,1,0,0,0,1,0,0,0,0,0,0
288,64100.0,7,1,0,0,1,0,1,0,1,0,1,0,0,0
289,42670.0,4,0,0,0,1,0,1,0,0,0,0,0,0,1
290,12571.0,6,1,0,1,0,0,0,0,1,0,0,1,0,0
291,22574.0,7,3,0,1,0,0,1,0,1,0,1,0,0,0
292,70893.0,3,0,0,0,1,0,0,1,0,0,0,1,0,0
293,54198.0,4,2,0,1,0,0,1,0,1,0,1,0,0,0
294,28839.0,5,2,0,0,1,0,1,0,1,1,0,0,0,0
295,40321.0,7,2,0,1,0,0,1,0,1,0,0,1,0,0
296,66503.0,3,1,0,1,0,0,0,1,1,0,0,0,1,0
297,30833.0,5,2,0,1,0,0,1,0,1,1,0,0,0,0
298,64795.0,2,1,0,1,0,0,1,0,1,0,0,1,0,0
299,34421.0,7,1,0,1,0,0,1,0,1,0,0,1,0,0
300,47025.0,7,2,0,0,0,1,0,0,1,0,1,0,0,0
301,64325.0,7,1,0,0,0,1,0,0,1,0,1,0,0,0
302,40464.0,8,1,0,1,0,0,0,1,1,1,0,0,0,0
303,62187.0,3,0,0,1,0,0,1,0,0,1,0,0,0,0
304,14849.0,8,1,0,0,0,1,0,0,1,0,0,1,0,0
305,27255.0,7,1,0,1,0,0,1,0,1,0,0,0,1,0
306,54432.0,4,3,0,0,0,1,1,0,1,1,0,0,0,0
307,29999.0,8,1,0,0,0,1,0,1,1,0,0,0,1,0
308,24072.0,8,1,0,1,0,0,0,1,1,0,0,0,1,0
309,33996.0,4,0,0,0,0,1,0,1,0,0,0,0,1,0
310,66334.0,5,1,0,0,0,1,1,0,1,1,0,0,0,0
311,35178.0,7,1,0,0,1,0,1,0,1,0,0,1,0,0
312,22010.0,8,1,0,1,0,0,1,0,1,0,0,0,1,0
313,62204.0,3,2,0,1,0,0,0,0,1,0,1,0,0,0
314,75693.0,4,0,0,1,0,0,0,0,0,0,1,0,0,0
315,30675.0,8,1,0,1,0,0,1,0,1,0,0,1,0,0
316,83003.0,3,0,0,1,0,0,1,0,0,0,1,0,0,0
317,68655.0,3,0,0,1,0,0,0,1,0,0,0,0,1,0
318,41411.0,6,0,0,1,0,0,0,0,0,0,0,0,1,0
319,55212.0,8,1,0,0,0,1,1,0,1,0,1,0,0,0
320,59292.0,3,1,0,0,0,1,1,0,1,1,0,0,0,0
321,27190.0,8,1,1,0,0,0,1,0,1,0,0,1,0,0
322,82623.0,1,0,0,1,0,0,0,0,0,1,0,0,0,0
323,44300.0,6,2,0,1,0,0,1,0,1,0,1,0,0,0
324,84835.0,1,0,0,1,0,0,0,0,0,0,0,1,0,0
325,30372.0,7,2,0,1,0,0,0,0,1,0,0,1,0,0
326,33181.0,6,1,0,0,1,0,1,0,1,0,0,1,0,0
327,71113.0,4,1,0,1,0,0,1,0,1,1,0,0,0,0
328,71952.0,4,1,0,1,0,0,1,0,1,0,0,0,1,0
329,69759.0,3,0,0,0,0,1,0,1,0,0,1,0,0,0
330,72099.0,1,0,0,1,0,0,1,0,0,0,0,1,0,0
331,60000.0,6,1,0,0,0,1,0,1,1,0,0,1,0,0
332,38643.0,7,2,0,1,0,0,0,1,1,0,0,1,0,0
333,50737.0,6,1,0,1,0,0,1,0,1,1,0,0,0,0
334,68462.0,1,0,0,0,0,1,1,0,0,0,1,0,0,0
335,65073.0,2,0,0,0,1,0,1,0,0,0,0,0,0,0
336,46681.0,5,2,0,0,0,1,1,0,1,0,0,0,0,0
337,78618.0,2,0,0,1,0,0,1,0,0,1,0,0,0,0
338,62187.0,4,1,0,0,0,1,0,0,1,0,1,0,0,0
339,28442.0,4,2,0,1,0,0,1,0,1,0,0,1,0,0
340,37717.0,9,1,0,0,0,1,1,0,1,0,0,1,0,0
341,51479.0,7,2,0,1,0,0,1,0,1,0,1,0,0,0
342,54803.0,4,1,0,1,0,0,0,1,1,0,1,0,0,0
343,79530.0,2,0,0,1,0,0,1,0,0,0,1,0,0,0
344,31615.0,7,1,0,1,0,0,0,0,1,0,0,1,0,0
345,72025.0,3,0,0,1,0,0,1,0,0,0,1,0,0,0
346,52614.0,8,1,0,0,0,1,0,1,1,0,0,1,0,0
347,35684.0,6,1,0,0,0,0,1,0,1,0,0,0,1,0
348,48178.0,8,2,0,1,0,0,1,0,1,0,0,1,0,0
349,29548.0,4,1,0,0,1,0,0,1,1,0,0,1,0,0
350,63810.0,8,1,0,1,0,0,0,1,1,0,1,0,0,0
351,38578.0,8,2,0,0,0,1,0,1,1,0,0,1,0,0
352,46098.0,8,2,0,0,1,0,0,1,1,0,0,1,0,0
353,22585.0,9,0,0,1,0,0,0,1,0,0,0,1,0,0
354,30279.0,8,1,0,1,0,0,0,1,1,0,0,0,1,0
355,66426.0,6,1,0,0,0,1,1,0,1,0,1,0,0,0
356,30822.0,7,1,0,1,0,0,0,1,1,0,1,0,0,0
357,33581.0,8,2,0,0,0,1,1,0,1,0,1,0,0,0
358,19986.0,7,1,0,1,0,0,1,0,1,0,0,0,1,0
359,27421.0,7,0,0,1,0,0,0,0,0,1,0,0,0,0
360,35688.0,8,3,0,0,0,0,1,0,1,0,0,1,0,0
361,36143.0,3,1,0,0,1,0,0,1,1,0,0,0,1,0
362,10245.0,5,1,0,1,0,0,0,1,1,0,0,1,0,0
363,43795.0,7,1,0,0,1,0,1,0,1,0,1,0,0,0
364,63381.0,2,1,0,1,0,0,1,0,1,0,1,0,0,0
365,38823.0,6,1,0,1,0,0,1,0,1,0,0,0,0,0
366,83664.0,5,2,0,0,0,1,0,0,1,0,1,0,0,0
367,90300.0,1,0,0,1,0,0,1,0,0,0,0,1,0,0
368,62499.0,4,1,0,0,1,0,1,0,1,0,0,1,0,0
369,74293.0,2,0,0,1,0,0,0,1,0,0,0,0,0,1
370,51012.0,6,0,0,0,0,1,1,0,0,0,0,0,0,0
371,70777.0,3,1,0,0,1,0,1,0,1,0,1,0,0,0
372,68682.0,2,0,0,0,0,1,1,0,0,0,0,0,0,1
373,43824.0,8,2,0,1,0,0,1,0,1,0,0,1,0,0
374,15345.0,8,1,0,1,0,0,1,0,1,0,0,0,1,0
375,23442.0,7,1,0,1,0,0,0,1,1,0,0,0,1,0
376,14515.0,7,1,0,0,0,0,1,0,1,0,0,0,1,0
377,31395.0,6,2,0,0,0,0,0,0,1,1,0,0,0,0
378,75276.0,5,0,0,1,0,0,1,0,0,0,1,0,0,0
379,42373.0,5,2,0,1,0,0,0,1,1,0,0,1,0,0
380,30507.0,7,0,0,1,0,0,1,0,0,0,1,0,0,0
381,55521.0,7,3,0,0,0,1,0,1,1,1,0,0,0,0
382,48006.0,6,2,0,1,0,0,1,0,1,0,1,0,0,0
383,27213.0,8,1,0,0,0,1,0,1,1,0,0,1,0,0
384,65808.0,6,2,0,0,0,1,0,0,1,0,0,1,0,0
385,30351.0,9,1,0,0,0,1,1,0,1,0,0,1,0,0
386,50437.0,7,2,0,1,0,0,1,0,1,0,1,0,0,0
387,23616.0,8,1,0,0,0,0,0,1,1,0,0,0,1,0
388,53858.0,4,1,0,1,0,0,1,0,1,0,0,1,0,0
389,66465.0,6,1,0,0,0,1,1,0,1,1,0,0,0,0
390,46923.0,7,1,0,1,0,0,0,1,1,0,0,0,1,0
391,75072.0,3,1,0,1,0,0,1,0,1,0,1,0,0,0
392,75865.0,1,0,0,0,0,1,1,0,0,0,0,0,0,0
393,19789.0,5,1,0,0,0,0,1,0,1,0,0,1,0,0
394,80134.0,5,0,0,1,0,0,1,0,0,0,0,0,0,1
395,91065.0,3,0,0,1,0,0,0,1,0,0,0,0,1,0
396,49505.0,8,2,0,0,1,0,1,0,1,0,0,1,0,0
397,37401.0,7,1,0,0,0,1,1,0,1,0,0,1,0,0
398,30096.0,6,1,0,1,0,0,1,0,1,0,0,0,1,0
399,18492.0,8,1,0,0,1,0,1,0,1,0,0,0,1,0
400,82584.0,1,0,0,0,1,0,1,0,0,0,0,1,0,0
401,93027.0,2,0,0,0,0,1,1,0,0,0,0,0,0,0
402,48686.0,8,3,0,1,0,0,1,0,1,1,0,0,0,0
403,92910.0,1,0,0,1,0,0,1,0,0,0,0,0,1,0
404,75433.0,6,1,0,1,0,0,1,0,1,0,0,0,1,0
405,10404.0,5,1,0,0,0,0,1,0,1,0,0,0,1,0
406,61314.0,3,1,0,1,0,0,1,0,1,0,1,0,0,0
407,84865.0,4,0,0,0,0,1,0,1,0,0,1,0,0,0
408,42387.0,8,1,0,1,0,0,1,0,1,0,0,0,1,0
409,67309.0,7,2,0,0,0,0,1,0,1,0,1,0,0,0
410,75236.0,4,1,0,1,0,0,1,0,1,0,1,0,0,0
411,30015.0,5,1,0,1,0,0,0,1,1,0,0,1,0,0
412,50943.0,5,1,0,0,1,0,1,0,1,1,0,0,0,0
413,67272.0,5,1,0,1,0,0,0,0,1,0,1,0,0,0
414,51529.0,8,1,0,0,1,0,0,0,1,0,0,0,0,0
415,32011.0,7,1,0,0,0,1,1,0,1,0,0,1,0,0
416,7500.0,8,1,0,0,0,0,1,0,1,0,0,0,1,0
417,28691.0,8,1,0,1,0,0,1,0,1,0,0,0,1,0
418,56223.0,4,1,0,0,0,1,1,0,1,0,0,0,0,0
419,18100.0,5,0,0,1,0,0,1,0,0,0,0,0,0,0
420,30279.0,8,1,0,1,0,0,0,1,1,0,0,0,1,0
421,20130.0,8,0,0,0,0,0,1,0,0,0,0,1,0,0
422,23295.0,8,0,0,1,0,0,0,0,0,1,0,0,0,0
423,42618.0,8,1,0,0,1,0,0,0,1,0,0,1,0,0
424,81246.0,1,0,0,1,0,0,0,1,0,0,1,0,0,0
425,24027.0,8,1,0,1,0,0,1,0,1,0,0,1,0,0
426,55707.0,3,1,0,0,0,1,1,0,1,1,0,0,0,0
427,57959.0,3,1,0,1,0,0,0,1,1,1,0,0,0,0
428,56796.0,7,1,0,1,0,0,1,0,1,0,1,0,0,0
429,36230.0,5,1,0,0,1,0,0,1,1,0,0,1,0,0
430,70829.0,3,2,0,0,0,0,1,0,1,0,0,0,1,0
431,65991.0,7,1,0,1,0,0,1,0,1,0,0,1,0,0
432,38988.0,8,3,0,1,0,0,1,0,1,0,0,1,0,0
433,89572.0,4,0,0,0,0,0,0,1,0,0,1,0,0,0
434,42207.0,6,1,0,0,1,0,1,0,1,0,0,0,1,0
435,50300.0,2,1,0,1,0,0,1,0,1,1,0,0,0,0
436,66664.0,3,0,0,0,0,0,1,0,0,0,0,0,1,0
437,60597.0,7,1,0,1,0,0,1,0,1,0,1,0,0,0
438,70165.0,1,0,0,1,0,0,0,0,0,0,0,0,0,0
439,50520.0,6,1,0,0,0,1,0,0,1,1,0,0,0,0
440,80124.0,1,0,0,1,0,0,1,0,0,0,1,0,0,0
441,33183.0,7,1,0,1,0,0,1,0,1,0,0,1,0,0
442,66582.0,1,0,0,0,0,1,0,1,0,0,1,0,0,0
443,75261.0,2,0,0,0,0,1,1,0,0,1,0,0,0,0
444,31880.0,8,1,0,1,0,0,0,0,1,0,0,1,0,0
445,53790.0,6,2,0,1,0,0,1,0,1,1,0,0,0,0
446,49269.0,7,1,0,0,0,1,1,0,1,0,0,1,0,0
447,61456.0,4,1,0,1,0,0,1,0,1,0,0,1,0,0
448,37406.0,8,1,0,1,0,0,1,0,1,0,0,0,1,0
449,56937.0,6,1,0,0,0,1,1,0,1,0,0,0,1,0
450,38415.0,7,2,0,1,0,0,1,0,1,0,0,1,0,0
451,20518.0,5,1,0,1,0,0,0,1,1,0,0,0,1,0
452,62503.0,5,1,0,1,0,0,1,0,1,1,0,0,0,0
453,41644.0,3,2,0,0,0,1,0,1,1,0,0,1,0,0
454,55842.0,5,1,0,0,1,0,1,0,1,0,0,1,0,0
455,62010.0,5,1,0,0,0,1,1,0,1,0,0,1,0,0
456,41124.0,8,1,0,1,0,0,1,0,1,0,0,1,0,0
457,38961.0,7,1,0,0,1,0,1,0,1,0,0,1,0,0
458,37760.0,6,1,0,0,1,0,0,0,1,0,0,1,0,0
459,32233.0,9,1,0,1,0,0,0,1,1,0,0,1,0,0
460,43057.0,5,1,0,1,0,0,1,0,1,0,0,1,0,0
461,83151.0,3,0,0,0,1,0,1,0,0,0,1,0,0,0
462,78825.0,3,0,0,0,0,1,0,0,0,0,1,0,0,0
463,65104.0,7,1,0,0,1,0,1,0,1,0,0,1,0,0
464,60093.0,6,1,0,1,0,0,1,0,1,0,0,1,0,0
465,14045.0,7,1,0,1,0,0,1,0,1,0,1,0,0,0
466,28457.0,8,0,0,0,0,0,0,0,0,1,0,0,0,0
467,78952.0,6,1,0,0,0,1,1,0,1,1,0,0,0,0
468,46310.0,8,1,0,1,0,0,0,0,1,0,0,1,0,0
469,76005.0,6,0,0,1,0,0,1,0,0,1,0,0,0,0
470,58308.0,8,1,0,0,1,0,0,1,1,0,1,0,0,0
471,55614.0,7,0,0,0,0,1,0,0,0,0,0,0,0,0
472,59432.0,5,1,0,0,1,0,0,0,1,0,1,0,0,0
473,55563.0,3,1,0,1,0,0,0,0,1,0,0,1,0,0
474,78642.0,6,1,0,0,0,1,1,0,1,0,0,1,0,0
475,67911.0,3,1,0,0,0,1,1,0,1,0,0,0,0,0
476,65275.0,2,0,0,1,0,0,1,0,0,0,0,0,0,0
477,27203.0,8,2,0,1,0,0,1,0,1,1,0,0,0,0
478,48330.0,5,1,0,0,1,0,1,0,1,0,1,0,0,0
479,24279.0,8,0,1,0,0,0,1,0,0,0,0,0,0,1
480,64355.0,8,1,0,0,0,1,1,0,1,0,0,0,1,0
481,50943.0,5,1,0,0,1,0,1,0,1,1,0,0,0,0
482,53653.0,6,0,0,1,0,0,0,0,0,1,0,0,0,0
483,65665.0,3,1,0,1,0,0,1,0,1,0,0,1,0,0
484,81217.0,1,0,0,1,0,0,0,1,0,0,0,0,1,0
485,34935.0,7,0,0,1,0,0,1,0,0,0,0,0,0,1
486,61250.0,5,1,0,1,0,0,0,0,1,1,0,0,0,0
487,39665.0,7,1,0,0,0,1,1,0,1,0,0,0,1,0
488,60152.0,3,1,0,1,0,0,0,1,1,0,0,1,0,0
489,48920.0,7,2,0,1,0,0,1,0,1,0,1,0,0,0
490,89120.0,1,0,0,0,1,0,1,0,0,1,0,0,0,0
491,44124.0,8,1,0,0,0,1,1,0,1,0,0,0,0,0
492,81169.0,2,0,0,0,1,0,0,1,0,0,0,1,0,0
493,36443.0,8,2,0,1,0,0,1,0,1,0,1,0,0,0
494,26095.0,7,1,0,1,0,0,0,1,1,0,0,0,0,1
495,71367.0,2,0,0,1,0,0,1,0,0,1,0,0,0,0
496,80184.0,3,0,0,0,1,0,1,0,0,0,0,0,0,0
497,30630.0,7,2,0,1,0,0,0,0,1,0,1,0,0,0
498,73454.0,5,0,0,0,1,0,0,1,0,0,0,0,1,0
499,42691.0,5,0,0,1,0,0,1,0,0,0,0,0,0,1
500,70503.0,6,0,0,1,0,0,1,0,0,1,0,0,0,0
501,25545.0,6,1,0,1,0,0,1,0,1,0,0,0,1,0
502,32880.0,8,1,0,1,0,0,1,0,1,0,0,0,1,0
503,77863.0,2,0,0,0,0,1,1,0,0,1,0,0,0,0
504,50353.0,3,0,0,0,1,0,1,0,0,0,0,1,0,0
505,61839.0,8,0,0,1,0,0,0,1,0,0,1,0,0,0
506,49154.0,6,2,0,0,0,1,1,0,1,0,1,0,0,0
507,47682.0,5,1,0,0,0,0,0,0,1,0,0,1,0,0
508,72679.0,1,1,0,1,0,0,0,1,1,0,1,0,0,0
509,57954.0,7,2,0,0,1,0,1,0,1,0,0,1,0,0
510,65316.0,4,2,0,1,0,0,1,0,1,0,1,0,0,0
511,28567.0,6,1,0,1,0,0,0,1,1,0,0,0,1,0
512,47352.0,7,1,0,0,1,0,1,0,1,1,0,0,0,0
513,44931.0,5,1,0,1,0,0,1,0,1,0,1,0,0,0
514,76982.0,4,0,0,1,0,0,0,0,0,0,1,0,0,0
515,57247.0,2,1,0,0,0,0,1,0,1,1,0,0,0,0
516,22944.0,7,1,0,0,1,0,0,1,1,0,0,0,1,0
517,25315.0,8,1,0,0,0,0,1,0,1,0,0,1,0,0
518,43638.0,7,1,0,1,0,0,0,0,1,0,1,0,0,0
519,42710.0,6,1,0,0,0,1,0,1,1,0,0,0,1,0
520,84169.0,3,0,0,0,0,1,1,0,0,0,0,0,1,0
521,54058.0,3,1,0,1,0,0,1,0,1,0,0,1,0,0
522,24683.0,5,1,0,0,0,0,1,0,1,0,0,0,0,1
523,85620.0,1,0,0,1,0,0,0,0,0,0,1,0,0,0
524,47850.0,6,1,0,1,0,0,1,0,1,0,0,0,1,0
525,19514.0,8,2,0,1,0,0,1,0,1,0,1,0,0,0
526,27159.0,6,2,0,0,1,0,1,0,1,0,0,1,0,0
527,39548.0,3,2,0,0,0,0,0,1,1,0,1,0,0,0
528,21474.0,7,1,0,1,0,0,0,1,1,0,0,0,1,0
529,60504.0,6,1,0,0,0,1,0,1,1,0,0,1,0,0
530,22419.0,8,0,0,1,0,0,1,0,0,0,1,0,0,0
531,81698.0,1,0,0,0,1,0,1,0,0,0,0,0,0,0
532,43462.0,8,2,0,1,0,0,1,0,1,1,0,0,0,0
533,54880.0,5,1,0,0,0,1,0,1,1,0,0,1,0,0
534,79908.0,2,0,0,1,0,0,1,0,0,0,0,0,1,0
535,15315.0,5,0,0,0,0,0,1,0,0,0,0,1,0,0
536,87771.0,6,1,0,1,0,0,1,0,1,1,0,0,0,0
537,33039.0,5,1,0,1,0,0,1,0,1,0,0,1,0,0
538,81741.0,2,0,0,1,0,0,0,1,0,0,0,0,1,0
539,71499.0,4,1,0,0,1,0,1,0,1,0,0,1,0,0
540,62466.0,4,1,0,0,0,0,1,0,1,0,0,1,0,0
541,48799.0,3,1,0,0,0,1,0,0,1,0,1,0,0,0
542,52157.0,4,1,0,0,0,1,1,0,1,1,0,0,0,0
543,66565.0,8,1,0,1,0,0,0,1,1,0,1,0,0,0
544,29298.0,5,2,0,0,1,0,1,0,1,1,0,0,0,0
545,47691.0,6,1,0,1,0,0,0,1,1,0,0,1,0,0
546,38200.0,7,2,0,1,0,0,1,0,1,0,0,1,0,0
547,44989.0,6,1,0,1,0,0,1,0,1,0,0,1,0,0
548,38443.0,7,2,0,0,0,1,1,0,1,0,1,0,0,0
549,38593.0,8,1,0,0,0,0,0,1,1,0,0,1,0,0
550,64413.0,5,1,0,0,0,1,1,0,1,0,0,1,0,0
551,36959.0,8,1,0,0,1,0,1,0,1,0,0,0,1,0
552,61996.0,5,1,0,0,0,1,1,0,1,0,0,1,0,0
553,51287.0,7,2,0,1,0,0,1,0,1,0,1,0,0,0
554,13260.0,8,2,0,1,0,0,1,0,1,0,0,1,0,0
555,47472.0,5,2,0,0,0,1,1,0,1,0,1,0,0,0
556,54603.0,7,2,0,0,1,0,1,0,1,1,0,0,0,0
557,45207.0,6,2,0,0,0,1,1,0,1,0,0,1,0,0
558,40689.0,8,1,0,1,0,0,1,0,1,1,0,0,0,0
559,47821.0,8,2,0,0,0,0,1,0,1,0,1,0,0,0
560,27450.0,7,0,0,0,1,0,1,0,0,1,0,0,0,0
561,39453.0,6,1,0,1,0,0,1,0,1,0,0,0,1,0
562,26850.0,4,2,0,0,0,0,1,0,1,0,0,1,0,0
563,79800.0,3,0,0,1,0,0,0,0,0,1,0,0,0,0
564,61794.0,2,1,0,0,1,0,1,0,1,0,1,0,0,0
565,53863.0,7,1,0,1,0,0,1,0,1,1,0,0,0,0
566,24221.0,4,0,0,1,0,0,1,0,0,1,0,0,0,0
567,39684.0,7,1,0,0,0,1,0,1,1,0,0,0,1,0
568,92163.0,2,0,0,0,1,0,1,0,0,0,0,1,0,0
569,69882.0,1,0,0,0,1,0,0,1,0,0,1,0,0,0
570,33178.0,4,1,0,1,0,0,1,0,1,0,0,1,0,0
571,59973.0,1,0,0,0,0,1,1,0,0,0,0,1,0,0
572,17459.0,7,1,0,0,1,0,1,0,1,0,0,1,0,0
573,23910.0,7,1,0,1,0,0,0,0,1,0,1,0,0,0
574,42169.0,8,2,0,0,1,0,1,0,1,0,1,0,0,0
575,26224.0,6,1,0,0,0,0,1,0,1,0,0,1,0,0
576,31089.0,8,1,0,1,0,0,1,0,1,0,0,0,1,0
577,30081.0,7,1,0,1,0,0,0,1,1,0,1,0,0,0
578,62807.0,5,1,0,1,0,0,1,0,1,0,1,0,0,0
579,72906.0,1,0,0,1,0,0,0,1,0,1,0,0,0,0
580,61467.0,5,2,0,0,0,1,1,0,1,0,0,0,0,0
581,49618.0,7,2,0,0,1,0,1,0,1,0,1,0,0,0
582,42429.0,5,1,0,1,0,0,0,0,1,0,0,1,0,0
583,26150.0,7,3,0,1,0,0,0,0,1,1,0,0,0,0
584,30801.0,7,1,1,0,0,0,1,0,1,0,0,1,0,0
585,81168.0,3,0,0,1,0,0,1,0,0,0,1,0,0,0
586,26877.0,6,0,0,0,1,0,0,1,0,0,1,0,0,0
587,45006.0,3,0,0,0,1,0,0,0,0,0,0,0,0,0
588,18978.0,8,1,1,0,0,0,1,0,1,0,0,1,0,0
589,22574.0,7,3,0,1,0,0,1,0,1,0,1,0,0,0
590,48240.0,5,0,0,0,0,1,0,1,0,0,1,0,0,0
591,45837.0,7,2,0,1,0,0,1,0,1,0,0,1,0,0
592,35791.0,8,3,0,0,1,0,0,1,1,0,1,0,0,0
593,54162.0,4,2,0,1,0,0,0,0,1,0,0,1,0,0
594,30522.0,2,1,0,0,1,0,1,0,1,0,1,0,0,0
595,54456.0,6,1,0,0,0,1,1,0,1,0,1,0,0,0
596,31632.0,7,0,0,1,0,0,0,1,0,0,0,1,0,0
597,72298.0,1,0,0,1,0,0,0,0,0,0,0,0,0,0
598,36975.0,7,1,0,0,0,0,0,1,1,0,0,1,0,0
599,72635.0,3,0,0,0,0,0,1,0,0,1,0,0,0,0
600,13624.0,6,1,0,1,0,0,1,0,1,0,0,1,0,0
601,84196.0,3,1,0,1,0,0,0,1,1,0,0,1,0,0
602,70971.0,7,1,0,1,0,0,1,0,1,0,1,0,0,0
603,34487.0,9,2,0,0,0,1,0,0,1,0,0,1,0,0
604,28769.0,9,1,0,1,0,0,0,1,1,0,0,1,0,0
605,69084.0,8,1,0,0,0,1,1,0,1,0,0,1,0,0
606,65488.0,1,0,0,0,0,1,1,0,0,1,0,0,0,0
607,62466.0,4,1,0,0,0,0,1,0,1,0,0,1,0,0
608,32218.0,7,0,0,0,0,0,0,1,0,0,1,0,0,0
609,83917.0,3,0,0,1,0,0,0,1,0,0,0,1,0,0
610,46102.0,7,3,0,1,0,0,0,0,1,0,1,0,0,0
611,84574.0,5,0,0,1,0,0,0,1,0,1,0,0,0,0
612,56181.0,4,1,0,1,0,0,1,0,1,0,1,0,0,0
613,63120.0,7,1,0,0,1,0,0,0,1,1,0,0,0,0
614,73691.0,2,1,0,1,0,0,1,0,1,0,0,1,0,0
615,63381.0,2,1,0,1,0,0,1,0,1,0,1,0,0,0
616,76140.0,2,0,0,0,0,1,1,0,0,0,0,0,0,0
617,62859.0,6,1,0,0,0,1,0,0,1,1,0,0,0,0
618,45906.0,5,1,0,1,0,0,0,1,1,0,1,0,0,0
619,77632.0,2,0,0,0,1,0,1,0,0,0,0,0,0,0
620,46463.0,6,2,0,0,0,1,1,0,1,0,0,1,0,0
621,55282.0,4,1,0,0,1,0,0,0,1,0,0,1,0,0
622,78710.0,4,1,0,0,1,0,1,0,1,0,0,1,0,0
623,66886.0,5,1,0,1,0,0,1,0,1,1,0,0,0,0
624,29103.0,9,1,0,1,0,0,1,0,1,0,0,0,1,0
625,67445.0,6,1,0,1,0,0,1,0,1,0,0,1,0,0
626,50616.0,2,1,0,0,0,1,1,0,1,1,0,0,0,0
627,49431.0,8,1,0,1,0,0,0,0,1,1,0,0,0,0
628,61278.0,6,1,0,1,0,0,1,0,1,1,0,0,0,0
629,26490.0,6,0,0,0,0,0,1,0,0,1,0,0,0,0
630,73059.0,4,1,0,0,0,1,1,0,1,0,0,0,0,0
631,46734.0,6,3,0,0,0,1,0,1,1,0,1,0,0,0
632,56253.0,6,1,0,1,0,0,1,0,1,0,1,0,0,0
633,19986.0,7,1,0,1,0,0,1,0,1,0,0,0,1,0
634,58330.0,4,1,0,1,0,0,0,0,1,0,0,1,0,0
635,25965.0,8,0,1,0,0,0,1,0,0,0,0,0,1,0
636,14661.0,6,0,0,0,1,0,1,0,0,1,0,0,0,0
637,18690.0,8,0,0,1,0,0,1,0,0,1,0,0,0,0
638,45068.0,7,1,0,0,0,1,1,0,1,0,0,1,0,0
639,21063.0,6,1,1,0,0,0,0,1,1,0,0,0,1,0
640,29187.0,8,1,0,0,0,1,1,0,1,0,1,0,0,0
641,54690.0,3,2,0,0,0,0,1,0,1,0,0,1,0,0
642,59304.0,5,1,0,0,0,1,1,0,1,0,1,0,0,0
643,59247.0,6,2,0,0,1,0,0,1,1,0,1,0,0,0
644,66731.0,3,1,0,1,0,0,0,0,1,0,0,1,0,0
645,77353.0,4,1,0,1,0,0,1,0,1,0,0,0,1,0
646,52614.0,8,1,0,0,0,1,0,1,1,0,0,1,0,0
647,26751.0,8,2,0,1,0,0,1,0,1,0,0,1,0,0
648,81300.0,5,1,0,0,0,1,1,0,1,0,1,0,0,0
649,70337.0,1,0,0,1,0,0,0,1,0,0,0,1,0,0
650,36145.0,9,1,0,0,0,0,1,0,1,0,0,0,1,0
651,65295.0,2,0,0,0,0,1,0,1,0,0,0,0,1,0
652,68118.0,6,1,0,1,0,0,0,0,1,0,1,0,0,0
653,68743.0,7,0,0,1,0,0,0,0,0,0,1,0,0,0
654,41039.0,8,0,0,0,0,0,1,0,0,0,0,0,1,0
655,38946.0,5,1,0,1,0,0,1,0,1,1,0,0,0,0
656,65777.0,1,0,0,1,0,0,1,0,0,0,1,0,0,0
657,66476.0,4,1,0,0,0,1,0,0,1,0,0,1,0,0
658,86857.0,2,0,0,0,0,1,0,1,0,0,0,1,0,0
659,77845.0,1,0,0,0,0,1,1,0,0,0,0,0,1,0
660,69476.0,2,0,0,0,0,1,1,0,0,0,1,0,0,0
661,50611.0,6,1,0,0,0,1,0,0,1,0,1,0,0,0
662,61209.0,2,0,0,1,0,0,0,1,0,0,0,1,0,0
663,42315.0,3,1,0,0,1,0,1,0,1,1,0,0,0,0
664,13084.0,6,0,1,0,0,0,1,0,0,1,0,0,0,0
665,47570.0,7,2,0,0,1,0,0,0,1,0,0,0,0,0
666,61923.0,3,2,0,0,1,0,1,0,1,0,1,0,0,0
667,34824.0,6,0,0,1,0,0,0,1,0,0,0,0,0,1
668,26518.0,8,2,0,0,0,1,0,1,1,0,0,0,0,0
669,45938.0,6,0,0,1,0,0,0,1,0,0,1,0,0,0
670,78468.0,4,0,0,1,0,0,1,0,0,0,1,0,0,0
671,78901.0,4,1,0,1,0,0,0,0,1,0,0,1,0,0
672,71427.0,4,2,0,1,0,0,1,0,1,0,0,1,0,0
673,71022.0,8,1,0,1,0,0,0,0,1,0,0,1,0,0
674,90247.0,1,0,0,0,1,0,0,1,0,0,0,0,1,0
675,41335.0,7,1,0,0,1,0,0,0,1,0,1,0,0,0
676,71952.0,4,1,0,1,0,0,1,0,1,0,0,0,1,0
677,35682.0,2,1,0,0,0,1,0,0,1,0,0,1,0,0
678,43185.0,8,1,0,1,0,0,0,0,1,1,0,0,0,0
679,66375.0,7,1,0,0,0,1,1,0,1,0,0,0,0,0
680,35178.0,7,1,0,0,1,0,1,0,1,0,0,1,0,0
681,25252.0,8,1,0,1,0,0,1,0,1,0,0,0,1,0
682,55250.0,5,1,0,0,1,0,0,1,1,0,1,0,0,0
683,33249.0,6,1,0,1,0,0,0,1,1,0,0,1,0,0
684,58398.0,4,0,0,1,0,0,1,0,0,1,0,0,0,0
685,50272.0,7,1,0,1,0,0,1,0,1,0,0,0,1,0
686,76618.0,1,0,0,0,0,1,1,0,0,0,0,1,0,0
687,87305.0,2,0,0,0,0,0,0,0,0,0,1,0,0,0
688,25851.0,7,1,0,1,0,0,1,0,1,0,0,1,0,0
689,58710.0,6,1,0,1,0,0,0,0,1,0,0,1,0,0
690,45160.0,7,2,0,1,0,0,0,1,1,1,0,0,0,0
691,74806.0,4,1,0,0,1,0,1,0,1,0,1,0,0,0
692,59111.0,7,0,0,1,0,0,1,0,0,1,0,0,0,0
693,18988.0,7,1,0,0,0,1,1,0,1,0,0,0,1,0
694,72190.0,3,0,0,1,0,0,1,0,0,0,1,0,0,0
695,7500.0,9,1,0,1,0,0,1,0,1,0,0,1,0,0
696,44794.0,6,1,0,1,0,0,1,0,1,0,1,0,0,0
697,80395.0,2,0,0,1,0,0,1,0,0,1,0,0,0,0
698,75012.0,1,0,0,0,1,0,0,0,0,0,0,1,0,0
699,56962.0,7,3,0,0,1,0,1,0,1,0,1,0,0,0
700,89891.0,4,0,0,1,0,0,1,0,0,0,0,0,0,1
701,35946.0,5,2,0,0,0,1,0,0,1,0,0,0,0,0
702,53593.0,8,2,0,0,0,1,1,0,1,1,0,0,0,0
703,66373.0,3,2,0,1,0,0,1,0,1,0,0,1,0,0
704,45072.0,8,3,0,0,0,1,0,0,1,0,0,0,0,0
705,89694.0,5,2,0,1,0,0,0,0,1,0,0,1,0,0
706,72025.0,2,0,0,1,0,0,1,0,0,0,0,0,0,0
707,67432.0,4,1,0,1,0,0,1,0,1,0,0,1,0,0
708,70545.0,2,1,0,0,1,0,1,0,1,1,0,0,0,0
709,17487.0,7,1,1,0,0,0,1,0,1,0,0,0,1,0
710,62882.0,4,1,0,1,0,0,1,0,1,0,1,0,0,0
711,64108.0,5,1,0,0,0,1,0,1,1,1,0,0,0,0
712,34941.0,8,2,0,0,1,0,1,0,1,1,0,0,0,0
713,48767.0,5,3,0,0,0,1,0,1,1,1,0,0,0,0
714,38702.0,6,1,0,0,0,0,1,0,1,0,0,1,0,0
715,82224.0,3,0,0,1,0,0,1,0,0,0,1,0,0,0
716,83844.0,1,0,0,1,0,0,1,0,0,1,0,0,0,0
717,17003.0,5,1,0,0,0,0,1,0,1,0,0,1,0,0
718,71163.0,1,0,0,1,0,0,0,1,0,0,0,0,0,1
719,33697.0,7,1,0,1,0,0,0,1,1,0,0,1,0,0
720,63564.0,6,0,0,0,0,0,1,0,0,1,0,0,0,0
721,83443.0,2,0,0,0,0,1,1,0,0,0,0,1,0,0
722,51518.0,3,1,0,0,0,1,1,0,1,1,0,0,0,0
723,58330.0,4,1,0,1,0,0,0,0,1,0,0,1,0,0
724,80952.0,8,0,0,1,0,0,1,0,0,0,1,0,0,0
725,75507.0,3,0,0,1,0,0,1,0,0,0,0,1,0,0
726,63855.0,4,0,0,0,0,0,1,0,0,0,0,1,0,0
727,62220.0,6,1,0,0,0,1,1,0,1,0,0,1,0,0
728,58512.0,8,1,0,1,0,0,1,0,1,0,1,0,0,0
729,40662.0,4,1,0,0,1,0,1,0,1,0,0,1,0,0
730,38829.0,5,1,0,0,0,1,1,0,1,1,0,0,0,0
731,35523.0,7,1,0,0,0,0,1,0,1,0,0,0,1,0
732,79146.0,6,2,0,1,0,0,0,1,1,0,1,0,0,0
733,78285.0,3,0,0,0,1,0,1,0,0,0,0,0,1,0
734,31626.0,7,1,0,0,0,1,0,1,1,0,0,1,0,0
735,75127.0,1,0,0,1,0,0,0,1,0,1,0,0,0,0
736,48726.0,6,1,0,1,0,0,1,0,1,1,0,0,0,0
737,74985.0,2,0,0,1,0,0,1,0,0,0,0,1,0,0
738,67430.0,6,0,0,1,0,0,1,0,0,0,0,0,1,0
739,46891.0,4,1,0,0,0,0,1,0,1,0,1,0,0,0
740,62058.0,6,1,0,0,1,0,1,0,1,1,0,0,0,0
741,72063.0,2,1,0,1,0,0,1,0,1,0,0,1,0,0
742,78939.0,3,0,0,0,0,1,1,0,0,1,0,0,0,0
743,42720.0,8,2,0,1,0,0,0,1,1,0,1,0,0,0
744,33622.0,7,2,0,1,0,0,1,0,1,0,0,1,0,0
745,41452.0,7,2,0,1,0,0,1,0,1,1,0,0,0,0
746,40760.0,6,1,0,0,0,1,0,1,1,0,1,0,0,0
747,74250.0,1,0,0,0,0,1,1,0,0,1,0,0,0,0
748,51124.0,3,2,0,0,1,0,0,1,1,1,0,0,0,0
749,72258.0,2,1,0,1,0,0,0,1,1,0,0,1,0,0
750,71466.0,1,0,0,0,0,1,0,1,0,0,0,1,0,0
751,36283.0,4,2,0,1,0,0,1,0,1,0,0,1,0,0
752,20587.0,7,1,0,1,0,0,0,1,1,0,0,1,0,0
753,30467.0,7,1,0,1,0,0,1,0,1,0,0,1,0,0
754,31590.0,8,1,0,1,0,0,1,0,1,0,0,1,0,0
755,20425.0,7,1,1,0,0,0,1,0,1,0,0,0,1,0
756,17144.0,7,2,0,0,1,0,1,0,1,0,1,0,0,0
757,42564.0,7,1,0,0,0,1,0,0,1,0,1,0,0,0
758,43783.0,7,1,0,0,1,0,1,0,1,0,0,1,0,0
759,40780.0,9,1,0,1,0,0,0,0,1,0,0,1,0,0
760,62847.0,2,0,0,0,1,0,1,0,0,0,0,0,0,0
761,82017.0,2,0,0,0,0,1,1,0,0,1,0,0,0,0
762,16813.0,7,0,0,1,0,0,0,1,0,1,0,0,0,0
763,51267.0,4,2,0,1,0,0,1,0,1,0,0,1,0,0
764,46524.0,3,1,0,1,0,0,0,1,1,0,1,0,0,0
765,45183.0,7,0,0,0,1,0,0,1,0,0,1,0,0,0
766,70421.0,6,1,0,0,0,1,1,0,1,1,0,0,0,0
767,60161.0,8,1,0,0,0,0,0,0,1,0,1,0,0,0
768,73926.0,3,0,0,1,0,0,1,0,0,0,0,1,0,0
769,19329.0,8,1,0,1,0,0,1,0,1,0,1,0,0,0
770,61872.0,4,1,0,0,1,0,1,0,1,0,0,1,0,0
771,46984.0,5,2,0,1,0,0,0,0,1,1,0,0,0,0
772,34838.0,6,2,0,1,0,0,1,0,1,1,0,0,0,0
773,82716.0,2,0,0,0,0,1,0,1,0,0,0,0,0,0
774,48192.0,8,0,0,1,0,0,1,0,0,1,0,0,0,0
775,49681.0,7,2,0,0,1,0,1,0,1,0,0,1,0,0
776,56850.0,2,1,0,0,1,0,1,0,1,0,0,1,0,0
777,55267.0,3,1,0,1,0,0,1,0,1,1,0,0,0,0
778,59666.0,8,2,0,1,0,0,1,0,1,0,0,1,0,0
779,72504.0,2,1,0,1,0,0,0,1,1,0,0,1,0,0
780,26872.0,6,0,0,1,0,0,1,0,0,0,0,0,1,0
781,21359.0,8,1,0,1,0,0,0,1,1,0,0,1,0,0
782,73170.0,2,0,0,1,0,0,0,1,0,0,0,1,0,0
783,52750.0,4,1,0,0,1,0,1,0,1,1,0,0,0,0
784,91820.0,1,0,0,0,0,1,1,0,0,0,0,0,1,0
785,65968.0,3,1,0,0,0,1,1,0,1,0,0,1,0,0
786,30772.0,6,2,0,1,0,0,1,0,1,0,0,1,0,0
787,22507.0,9,0,0,1,0,0,0,1,0,1,0,0,0,0
788,65685.0,5,1,0,1,0,0,1,0,1,0,0,1,0,0
789,25804.0,8,1,0,0,0,0,1,0,1,0,0,1,0,0
790,76412.0,3,0,0,0,0,1,0,1,0,0,0,0,1,0
791,22063.0,7,1,0,1,0,0,1,0,1,0,0,1,0,0
792,57091.0,5,0,0,1,0,0,0,1,0,0,1,0,0,0
793,22419.0,8,0,0,1,0,0,1,0,0,0,1,0,0,0
794,87771.0,6,1,0,1,0,0,1,0,1,1,0,0,0,0
795,78353.0,8,1,0,0,0,0,0,0,1,1,0,0,0,0
796,93404.0,5,3,0,1,0,0,1,0,1,1,0,0,0,0
797,37859.0,8,3,0,1,0,0,0,0,1,0,1,0,0,0
798,80995.0,4,1,0,0,0,1,0,0,1,1,0,0,0,0
799,16529.0,6,1,0,1,0,0,1,0,1,0,0,0,1,0
800,55412.0,5,2,0,0,0,1,0,0,1,0,0,1,0,0
801,48789.0,6,0,0,1,0,0,0,1,0,0,0,0,0,1
802,56575.0,5,2,0,0,0,1,1,0,1,0,1,0,0,0
803,25130.0,7,1,0,0,0,0,1,0,1,0,0,0,1,0
804,35441.0,8,2,0,1,0,0,1,0,1,0,1,0,0,0
805,71391.0,3,1,0,1,0,0,1,0,1,1,0,0,0,0
806,49494.0,7,1,0,0,1,0,0,1,1,0,0,1,0,0
807,81702.0,3,0,0,1,0,0,0,0,0,0,0,0,1,0
808,45889.0,6,1,0,0,0,0,0,1,1,0,0,0,1,0
809,56628.0,5,1,0,1,0,0,0,1,1,0,0,1,0,0
810,34026.0,5,2,0,1,0,0,1,0,1,1,0,0,0,0
811,40049.0,5,1,0,1,0,0,1,0,1,0,0,1,0,0
812,34176.0,6,1,0,1,0,0,0,1,1,0,0,0,1,0
813,19419.0,9,1,0,1,0,0,1,0,1,0,0,0,1,0
814,82504.0,1,0,0,0,0,0,1,0,0,0,1,0,0,0
815,81205.0,2,0,0,1,0,0,1,0,0,0,0,1,0,0
816,61618.0,3,0,0,0,0,0,0,1,0,0,0,0,0,1
817,55284.0,5,1,0,0,1,0,0,1,1,1,0,0,0,0
818,49980.0,5,1,0,1,0,0,0,1,1,0,1,0,0,0
819,15072.0,5,2,0,1,0,0,1,0,1,0,0,0,1,0
820,49166.0,6,1,0,1,0,0,0,1,1,0,0,1,0,0
821,65324.0,4,1,0,0,0,1,1,0,1,1,0,0,0,0
822,82347.0,3,0,0,0,0,0,1,0,0,1,0,0,0,0
823,30843.0,5,2,0,0,0,1,1,0,1,0,1,0,0,0
824,46374.0,8,1,0,0,0,1,1,0,1,0,0,1,0,0
825,60474.0,7,1,0,1,0,0,0,1,1,0,0,1,0,0
826,38576.0,7,1,0,0,1,0,1,0,1,0,0,1,0,0
827,55357.0,5,2,0,1,0,0,1,0,1,0,0,0,1,0
828,37758.0,8,2,0,1,0,0,1,0,1,0,1,0,0,0
829,85710.0,2,0,0,0,0,0,1,0,0,0,0,0,1,0
830,23228.0,8,1,0,1,0,0,1,0,1,0,1,0,0,0
831,44602.0,8,2,0,0,1,0,1,0,1,0,1,0,0,0
832,7500.0,6,0,0,1,0,0,1,0,0,0,0,0,1,0
833,38683.0,7,1,0,0,0,0,1,0,1,0,0,0,1,0
834,49514.0,7,1,0,0,0,0,0,1,1,0,0,1,0,0
835,57906.0,4,1,0,0,0,1,1,0,1,0,0,1,0,0
836,43456.0,5,1,0,0,1,0,0,1,1,0,1,0,0,0
837,19485.0,7,2,0,0,1,0,0,1,1,0,0,0,1,0
838,53172.0,3,1,0,1,0,0,1,0,1,0,0,1,0,0
839,30545.0,7,1,0,1,0,0,1,0,1,0,0,1,0,0
840,70123.0,3,0,0,0,0,1,1,0,0,0,0,0,1,0
841,62450.0,3,1,0,1,0,0,0,1,1,1,0,0,0,0
842,21675.0,7,1,0,1,0,0,1,0,1,0,0,1,0,0
843,42395.0,7,2,0,0,0,0,0,1,1,0,0,0,1,0
844,61346.0,3,1,0,0,1,0,1,0,1,0,0,1,0,0
845,80812.0,2,0,0,1,0,0,1,0,0,1,0,0,0,0
846,42835.0,6,2,0,0,1,0,0,0,1,0,0,1,0,0
847,39922.0,8,1,0,1,0,0,1,0,1,0,0,0,1,0
848,86424.0,1,0,0,0,1,0,0,1,0,1,0,0,0,0
849,17117.0,9,1,0,0,0,0,1,0,1,0,0,1,0,0
850,24762.0,8,1,0,1,0,0,0,1,1,0,0,1,0,0
851,35797.0,8,1,0,1,0,0,1,0,1,0,0,1,0,0
852,36627.0,5,2,0,1,0,0,0,0,1,0,0,1,0,0
853,51111.0,6,2,0,0,0,0,1,0,1,0,0,0,1,0
854,86857.0,2,0,0,0,0,1,0,1,0,0,0,1,0,0
855,82072.0,1,0,0,0,0,1,1,0,0,0,0,1,0,0
856,46231.0,9,3,0,0,0,1,0,1,1,1,0,0,0,0
857,42243.0,7,2,0,1,0,0,1,0,1,1,0,0,0,0
858,51195.0,8,2,0,1,0,0,1,0,1,0,1,0,0,0
859,68092.0,5,0,0,0,1,0,0,1,0,0,0,1,0,0
860,31814.0,9,1,0,1,0,0,1,0,1,0,0,1,0,0
861,51390.0,5,2,0,0,1,0,0,0,1,0,1,0,0,0
862,76630.0,1,0,0,1,0,0,1,0,0,0,0,0,1,0
863,26868.0,7,1,1,0,0,0,0,1,1,0,0,0,0,1
864,48948.0,6,0,0,0,0,1,0,0,0,0,0,0,0,0
865,55260.0,6,1,0,0,0,1,0,1,1,0,0,1,0,0
866,64090.0,5,1,0,1,0,0,1,0,1,1,0,0,0,0
867,78331.0,4,1,0,1,0,0,0,0,1,1,0,0,0,0
868,37087.0,6,1,0,0,0,1,1,0,1,0,0,1,0,0
869,21846.0,8,1,0,1,0,0,0,0,1,0,0,0,1,0
870,81320.0,2,0,0,1,0,0,1,0,0,1,0,0,0,0
871,54137.0,6,1,0,1,0,0,0,0,1,0,0,1,0,0
872,66825.0,2,0,0,1,0,0,1,0,0,0,1,0,0,0
873,57100.0,3,0,0,1,0,0,1,0,0,0,0,1,0,0
874,58917.0,5,3,0,1,0,0,1,0,1,0,1,0,0,0
875,86429.0,2,0,0,1,0,0,0,1,0,0,1,0,0,0
876,45684.0,7,1,0,1,0,0,0,0,1,0,0,1,0,0
877,47889.0,5,1,0,1,0,0,1,0,1,0,0,1,0,0
878,45921.0,4,0,0,0,0,1,1,0,0,0,0,0,1,0
879,78420.0,1,0,0,0,0,1,0,1,0,0,1,0,0,0
880,75114.0,2,0,0,1,0,0,1,0,0,0,0,0,0,1
881,52278.0,8,1,0,0,0,1,0,0,1,0,1,0,0,0
882,35641.0,7,1,0,0,1,0,1,0,1,0,0,1,0,0
883,62820.0,1,0,0,1,0,0,1,0,0,1,0,0,0,0
884,73113.0,2,0,0,0,1,0,1,0,0,0,1,0,0,0
885,84169.0,3,0,0,0,0,1,1,0,0,0,0,0,1,0
886,42607.0,3,1,0,0,0,0,0,1,1,1,0,0,0,0
887,74637.0,3,0,0,0,0,1,0,1,0,1,0,0,0,0
888,46015.0,7,2,0,0,0,1,1,0,1,1,0,0,0,0
889,72354.0,1,0,0,1,0,0,0,1,0,0,0,0,0,1
890,39858.0,6,1,0,0,1,0,0,1,1,0,1,0,0,0
891,34469.0,4,2,0,0,0,1,1,0,1,0,0,0,0,0
892,83033.0,5,1,0,1,0,0,1,0,1,0,0,0,1,0
893,24401.0,8,0,0,0,1,0,1,0,0,0,0,1,0,0
894,77583.0,2,0,0,1,0,0,1,0,0,0,0,1,0,0
895,74116.0,2,0,0,0,0,0,0,1,0,0,0,0,1,0
896,74293.0,2,0,0,1,0,0,0,1,0,0,0,0,0,1
897,68397.0,3,1,0,0,0,1,1,0,1,0,0,1,0,0
898,79632.0,2,0,0,0,0,1,1,0,0,0,0,1,0,0
899,46107.0,3,1,0,1,0,0,0,1,1,0,0,0,1,0
900,64950.0,7,1,0,0,0,1,0,1,1,1,0,0,0,0
901,25443.0,8,1,1,0,0,0,1,0,1,0,0,0,1,0
902,75127.0,1,0,0,1,0,0,0,1,0,1,0,0,0,0
903,32892.0,8,1,0,0,0,1,1,0,1,0,0,1,0,0
904,71796.0,4,0,0,1,0,0,1,0,0,0,0,1,0,0
905,67536.0,8,1,0,0,0,1,1,0,1,0,0,1,0,0
906,55239.0,5,1,0,1,0,0,0,1,1,0,0,1,0,0
907,60554.0,6,1,0,0,0,1,0,0,1,0,0,1,0,0
908,64831.0,6,2,0,0,0,0,0,1,1,1,0,0,0,0
909,56067.0,5,1,0,0,0,1,1,0,1,0,1,0,0,0
910,82025.0,1,0,0,1,0,0,0,0,0,0,0,0,1,0
911,94384.0,2,0,0,1,0,0,1,0,0,1,0,0,0,0
912,14906.0,7,0,1,0,0,0,0,1,0,0,0,0,1,0
913,51563.0,8,0,0,0,0,1,1,0,0,0,0,0,1,0
914,57937.0,3,1,0,0,0,0,1,0,1,0,0,0,1,0
915,68274.0,3,2,0,1,0,0,0,0,1,0,0,1,0,0
916,39771.0,4,1,0,1,0,0,1,0,1,0,0,1,0,0
917,67893.0,8,1,0,0,0,0,0,0,1,0,0,1,0,0
918,27922.0,4,1,0,0,0,1,1,0,1,0,0,1,0,0
919,52190.0,5,2,0,0,0,1,1,0,1,0,0,1,0,0
920,44051.0,6,2,0,0,1,0,0,0,1,0,0,1,0,0
921,42767.0,8,2,0,0,0,1,0,1,1,0,0,1,0,0
922,46106.0,6,2,0,0,1,0,1,0,1,0,0,1,0,0
923,16927.0,8,2,0,0,0,1,1,0,1,0,0,1,0,0
924,59754.0,5,1,0,1,0,0,1,0,1,0,1,0,0,0
925,53700.0,5,1,0,1,0,0,0,1,1,1,0,0,0,0
926,59041.0,5,2,0,1,0,0,1,0,1,0,0,1,0,0
927,54237.0,6,1,0,0,0,1,0,0,1,1,0,0,0,0
928,70647.0,2,1,0,1,0,0,0,0,1,0,1,0,0,0
929,52597.0,5,1,0,0,0,1,0,1,1,0,1,0,0,0
930,41021.0,6,1,0,0,1,0,1,0,1,0,1,0,0,0
931,40233.0,6,1,0,0,0,1,1,0,1,0,0,1,0,0
932,50183.0,5,2,0,1,0,0,1,0,1,0,0,0,1,0
933,54753.0,4,1,0,1,0,0,1,0,1,1,0,0,0,0
934,92955.0,2,0,0,1,0,0,1,0,0,0,0,1,0,0
935,33471.0,7,1,0,1,0,0,1,0,1,0,0,1,0,0
936,34596.0,8,1,0,0,0,1,1,0,1,0,0,1,0,0
937,44010.0,9,1,0,1,0,0,1,0,1,0,0,0,1,0
938,84219.0,1,0,0,1,0,0,1,0,0,0,0,0,1,0
939,40706.0,7,3,0,0,0,1,1,0,1,0,1,0,0,0
940,15716.0,8,1,0,0,0,0,1,0,1,0,0,0,1,0
941,59052.0,5,1,0,0,0,0,0,0,1,1,0,0,0,0
942,80573.0,2,0,0,0,1,0,1,0,0,0,0,1,0,0
943,82576.0,1,0,0,0,1,0,1,0,0,1,0,0,0,0
944,56962.0,7,3,0,0,1,0,1,0,1,0,1,0,0,0
945,35704.0,4,2,0,1,0,0,1,0,1,1,0,0,0,0
946,53103.0,7,1,0,1,0,0,1,0,1,1,0,0,0,0
947,46779.0,4,2,0,0,0,0,0,0,1,0,1,0,0,0
948,33462.0,7,1,0,0,1,0,0,0,1,0,0,1,0,0
949,63693.0,6,1,0,1,0,0,0,0,1,0,0,1,0,0
950,80763.0,3,0,0,1,0,0,1,0,0,1,0,0,0,0
951,65352.0,4,1,0,0,0,1,1,0,1,0,0,1,0,0
952,82170.0,2,0,0,0,0,1,1,0,0,0,0,1,0,0
953,75759.0,5,0,0,1,0,0,1,0,0,0,1,0,0,0
954,79689.0,2,0,0,0,0,0,0,1,0,0,0,1,0,0
955,35340.0,5,2,0,0,0,1,0,0,1,1,0,0,0,0
956,85683.0,1,0,0,1,0,0,0,0,0,1,0,0,0,0
957,24884.0,7,1,0,0,0,0,1,0,1,0,0,1,0,0
958,42021.0,9,1,0,0,1,0,1,0,1,0,0,0,1,0
959,64449.0,4,1,0,1,0,0,0,1,1,0,0,0,1,0
960,64587.0,3,2,0,1,0,0,0,0,1,1,0,0,0,0
961,34824.0,6,0,0,1,0,0,0,1,0,0,0,0,0,1
962,75437.0,6,0,0,1,0,0,1,0,0,0,0,1,0,0
963,26091.0,5,2,0,1,0,0,1,0,1,1,0,0,0,0
964,52845.0,6,1,0,1,0,0,1,0,1,0,0,1,0,0
965,46086.0,4,1,0,1,0,0,0,0,1,1,0,0,0,0
966,78028.0,7,1,0,0,0,1,0,0,1,1,0,0,0,0
967,56337.0,8,2,0,0,0,0,1,0,1,0,0,0,1,0
968,22434.0,8,1,0,1,0,0,1,0,1,0,0,0,1,0
969,36930.0,8,1,0,0,0,1,1,0,1,1,0,0,0,0
970,36130.0,4,1,0,1,0,0,0,1,1,1,0,0,0,0
971,65569.0,3,1,0,0,1,0,1,0,1,1,0,0,0,0
972,83844.0,1,0,0,1,0,0,1,0,0,1,0,0,0,0
973,19514.0,8,2,0,1,0,0,1,0,1,0,1,0,0,0
974,36736.0,6,2,0,0,0,1,0,1,1,0,1,0,0,0
975,77568.0,5,1,0,1,0,0,1,0,1,0,0,1,0,0
976,49187.0,2,1,0,0,0,1,1,0,1,0,0,1,0,0
977,30168.0,9,1,0,1,0,0,0,1,1,0,0,1,0,0
978,34053.0,8,1,0,0,1,0,1,0,1,0,1,0,0,0
979,38196.0,5,2,0,0,1,0,1,0,1,0,0,1,0,0
980,59412.0,3,0,0,0,1,0,1,0,0,1,0,0,0,0
981,70924.0,3,0,0,0,0,0,1,0,0,0,1,0,0,0
982,54165.0,2,0,0,1,0,0,1,0,0,0,1,0,0,0
983,32300.0,8,1,0,1,0,0,1,0,1,0,0,1,0,0
984,20180.0,7,0,0,1,0,0,0,1,0,0,0,1,0,0
985,34961.0,7,1,0,1,0,0,1,0,1,0,0,1,0,0
986,28440.0,8,1,0,0,0,1,1,0,1,0,0,1,0,0
987,64504.0,7,3,0,0,0,1,1,0,1,1,0,0,0,0
988,33564.0,5,1,0,0,1,0,1,0,1,0,1,0,0,0
989,17345.0,8,1,0,1,0,0,1,0,1,0,0,1,0,0
990,56320.0,4,1,0,0,0,1,1,0,1,0,1,0,0,0
991,28647.0,7,1,0,1,0,0,0,1,1,0,0,1,0,0
992,15038.0,9,1,1,0,0,0,0,1,1,0,0,0,1,0
993,32173.0,4,1,0,0,0,1,0,0,1,1,0,0,0,0
994,68316.0,6,1,0,0,0,0,1,0,1,0,1,0,0,0
995,74538.0,3,0,0,1,0,0,1,0,0,0,0,1,0,0
996,91700.0,3,0,0,1,0,0,0,1,0,0,0,1,0,0
997,68695.0,2,0,0,1,0,0,1,0,0,0,1,0,0,0
998,31056.0,8,1,0,0,0,0,1,0,1,0,0,1,0,0
999,79593.0,2,0,0,1,0,0,1,0,0,0,0,1,0,0
1000,28071.0,8,0,0,1,0,0,0,1,0,0,0,0,1,0
1001,37334.0,4,2,0,0,0,1,1,0,1,1,0,0,0,0
1002,46423.0,7,2,0,0,1,0,0,1,1,0,0,1,0,0
1003,37126.0,6,1,0,0,0,1,1,0,1,0,0,1,0,0
1004,47703.0,5,1,0,1,0,0,1,0,1,1,0,0,0,0
1005,61180.0,3,1,0,1,0,0,1,0,1,1,0,0,0,0
1006,38998.0,8,2,0,1,0,0,1,0,1,1,0,0,0,0
1007,76081.0,2,0,0,1,0,0,1,0,0,0,1,0,0,0
1008,34728.0,6,1,0,1,0,0,1,0,1,0,0,0,1,0
1009,33168.0,7,1,0,0,1,0,0,1,1,0,1,0,0,0
1010,33585.0,4,1,0,0,1,0,1,0,1,0,1,0,0,0
1011,77037.0,3,1,0,0,0,1,1,0,1,0,1,0,0,0
1012,35196.0,8,1,0,1,0,0,1,0,1,0,0,0,1,0
1013,44529.0,5,1,0,1,0,0,1,0,1,0,1,0,0,0
1014,70924.0,3,0,0,0,0,0,1,0,0,0,1,0,0,0
1015,28764.0,8,2,0,0,0,1,1,0,1,0,1,0,0,0
1016,69098.0,5,0,0,0,0,1,1,0,0,0,0,0,0,0
1017,25959.0,6,2,0,0,0,0,0,0,1,0,0,1,0,0
1018,27100.0,7,1,0,0,1,0,1,0,1,0,0,0,1,0
1019,70596.0,2,0,0,1,0,0,0,1,0,0,0,0,1,0
1020,42557.0,8,1,0,1,0,0,1,0,1,0,0,1,0,0
1021,53312.0,7,0,0,0,0,1,1,0,0,1,0,0,0,0
1022,72228.0,3,0,0,1,0,0,0,1,0,1,0,0,0,0
1023,67605.0,1,0,0,1,0,0,1,0,0,0,0,0,1,0
1024,62845.0,8,2,0,0,1,0,1,0,1,0,0,0,0,0
1025,65196.0,5,2,0,1,0,0,1,0,1,1,0,0,0,0
1026,42000.0,5,0,0,0,0,1,0,1,0,0,0,0,1,0
1027,35860.0,5,2,0,0,0,1,0,0,1,0,0,1,0,0
1028,65526.0,2,1,0,0,0,1,1,0,1,0,1,0,0,0
1029,16860.0,7,2,0,1,0,0,1,0,1,0,1,0,0,0
1030,83528.0,1,0,0,1,0,0,0,1,0,0,0,0,0,1
1031,64176.0,6,1,0,0,0,0,0,0,1,0,1,0,0,0
1032,22304.0,8,0,0,1,0,0,0,0,0,1,0,0,0,0
1033,67023.0,2,0,0,1,0,0,1,0,0,0,0,1,0,0
1034,32892.0,8,1,0,0,0,1,1,0,1,0,0,1,0,0
1035,70713.0,3,1,0,1,0,0,1,0,1,0,1,0,0,0
1036,59925.0,6,1,0,1,0,0,1,0,1,1,0,0,0,0
1037,39722.0,5,1,0,1,0,0,1,0,1,1,0,0,0,0
1038,46610.0,6,0,0,1,0,0,1,0,0,1,0,0,0,0
1039,88347.0,1,0,0,1,0,0,1,0,0,0,1,0,0,0
1040,87171.0,2,0,0,0,0,1,1,0,0,0,0,0,1,0
1041,26907.0,7,2,0,0,0,0,1,0,1,0,0,1,0,0
1042,50014.0,5,1,0,0,1,0,0,1,1,0,1,0,0,0
1043,41014.0,7,1,0,0,0,1,1,0,1,0,0,1,0,0
1044,66294.0,2,0,0,1,0,0,0,1,0,0,1,0,0,0
1045,36715.0,9,1,0,1,0,0,1,0,1,0,0,1,0,0
1046,79456.0,3,0,0,1,0,0,1,0,0,1,0,0,0,0
1047,40479.0,4,1,0,1,0,0,1,0,1,0,0,0,1,0
1048,75345.0,3,0,0,0,1,0,0,1,0,0,0,1,0,0
1049,54233.0,8,1,0,1,0,0,1,0,1,0,0,1,0,0
1050,24163.0,4,2,0,1,0,0,0,1,1,0,0,1,0,0
1051,84460.0,5,0,0,0,0,1,1,0,0,1,0,0,0,0
1052,43776.0,6,1,0,1,0,0,1,0,1,0,0,0,1,0
1053,71691.0,2,0,0,0,0,1,0,1,0,1,0,0,0,0
1054,85844.0,2,0,0,0,0,1,1,0,0,0,0,1,0,0
1055,39190.0,5,1,0,0,0,1,0,1,1,0,0,1,0,0
1056,71367.0,2,0,0,1,0,0,1,0,0,1,0,0,0,0
1057,38578.0,8,2,0,0,0,1,0,1,1,0,0,1,0,0
1058,57236.0,3,2,0,0,0,1,1,0,1,0,1,0,0,0
1059,61825.0,4,1,0,1,0,0,0,1,1,0,0,1,0,0
1060,79803.0,1,1,0,1,0,0,0,0,1,1,0,0,0,0
1061,80910.0,1,0,0,0,0,0,0,1,0,0,0,0,1,0
1062,27590.0,7,1,0,0,1,0,1,0,1,0,0,0,1,0
1063,56775.0,5,1,0,1,0,0,1,0,1,0,0,1,0,0
1064,83829.0,1,0,0,1,0,0,0,0,0,0,0,1,0,0
1065,54210.0,5,1,0,0,0,0,1,0,1,0,0,1,0,0
1066,38508.0,8,1,0,1,0,0,1,0,1,0,0,0,1,0
1067,53187.0,5,1,0,1,0,0,1,0,1,0,0,1,0,0
1068,30023.0,8,1,0,1,0,0,1,0,1,0,0,1,0,0
1069,76045.0,2,0,0,0,0,1,0,1,0,0,1,0,0,0
1070,50870.0,5,1,0,0,0,1,1,0,1,1,0,0,0,0
1071,15315.0,5,0,0,0,0,0,1,0,0,0,0,1,0,0
1072,65463.0,5,1,0,0,0,0,1,0,1,0,0,1,0,0
1073,66480.0,4,2,0,1,0,0,1,0,1,0,1,0,0,0
1074,76773.0,1,0,0,1,0,0,0,0,0,1,0,0,0,0
1075,81698.0,5,0,0,0,0,0,0,1,0,0,0,0,1,0
1076,54466.0,5,2,0,0,0,1,0,1,1,0,0,1,0,0
1077,16269.0,8,1,0,0,0,1,0,1,1,0,0,0,1,0
1078,71819.0,6,1,0,1,0,0,1,0,1,0,0,1,0,0
1079,33569.0,8,1,0,0,0,1,1,0,1,0,0,0,1,0
1080,36262.0,6,0,0,0,1,0,1,0,0,0,0,0,1,0
1081,22634.0,8,0,1,0,0,0,1,0,0,0,1,0,0,0
1082,47025.0,9,1,0,0,0,0,1,0,1,0,0,1,0,0
1083,70566.0,3,1,0,1,0,0,0,1,1,0,1,0,0,0
1084,31605.0,7,1,0,0,0,1,1,0,1,0,0,1,0,0
1085,52034.0,7,2,0,0,1,0,0,0,1,0,0,1,0,0
1086,48526.0,3,1,0,1,0,0,0,1,1,0,0,1,0,0
1087,46734.0,7,1,0,1,0,0,1,0,1,1,0,0,0,0
1088,39552.0,8,2,0,1,0,0,0,0,1,0,1,0,0,0
1089,86358.0,8,2,0,1,0,0,0,1,1,0,1,0,0,0
1090,46931.0,3,3,0,1,0,0,1,0,1,0,0,1,0,0
1091,16581.0,4,0,1,0,0,0,0,1,0,0,0,0,1,0
1092,63998.0,4,0,0,0,0,0,0,0,0,1,0,0,0,0
1093,67381.0,7,1,0,0,1,0,1,0,1,1,0,0,0,0
1094,25930.0,7,2,0,1,0,0,0,1,1,0,1,0,0,0
1095,42693.0,5,1,0,1,0,0,1,0,1,0,0,1,0,0
1096,85606.0,3,1,0,1,0,0,1,0,1,0,0,1,0,0
1097,72903.0,4,0,0,1,0,0,0,1,0,0,0,0,1,0
1098,49669.0,6,1,0,0,0,0,1,0,1,0,0,1,0,0
1099,36778.0,9,2,0,0,0,1,1,0,1,0,1,0,0,0
1100,85696.0,1,0,0,0,0,1,0,0,0,0,1,0,0,0
1101,10979.0,5,0,0,0,1,0,0,0,0,0,0,0,1,0
1102,49678.0,7,1,0,1,0,0,1,0,1,0,1,0,0,0
1103,56129.0,4,1,0,0,1,0,1,0,1,1,0,0,0,0
1104,37155.0,5,1,0,1,0,0,1,0,1,0,0,0,1,0
1105,21282.0,6,1,0,0,0,0,0,0,1,0,0,1,0,0
1106,33419.0,7,1,0,0,0,1,0,1,1,0,1,0,0,0
1107,63285.0,3,0,0,1,0,0,0,0,0,0,0,0,0,0
1108,21255.0,4,1,0,0,1,0,1,0,1,0,0,1,0,0
1109,42162.0,6,1,0,1,0,0,1,0,1,0,0,0,1,0
1110,54450.0,8,2,0,1,0,0,1,0,1,1,0,0,0,0
1111,57744.0,8,1,0,0,0,1,1,0,1,1,0,0,0,0
1112,26576.0,9,1,0,1,0,0,0,1,1,0,0,0,1,0
1113,57513.0,6,0,0,0,0,1,0,0,0,0,0,0,0,0
1114,68142.0,6,1,0,1,0,0,1,0,1,0,1,0,0,0
1115,7500.0,8,1,0,1,0,0,1,0,1,0,0,1,0,0
1116,83145.0,2,0,0,1,0,0,1,0,0,0,0,1,0,0
1117,54197.0,1,1,0,0,1,0,1,0,1,0,1,0,0,0
1118,23091.0,7,2,0,0,0,1,0,1,1,0,1,0,0,0
1119,46049.0,7,2,0,1,0,0,1,0,1,0,0,1,0,0
1120,56715.0,4,0,0,1,0,0,1,0,0,0,0,1,0,0
1121,79410.0,1,0,0,1,0,0,1,0,0,0,1,0,0,0
1122,57304.0,5,1,0,1,0,0,1,0,1,1,0,0,0,0
1123,44375.0,5,1,0,1,0,0,1,0,1,0,1,0,0,0
1124,54450.0,8,2,0,1,0,0,1,0,1,1,0,0,0,0
1125,59594.0,7,1,0,1,0,0,1,0,1,0,1,0,0,0
1126,80685.0,2,0,0,1,0,0,1,0,0,0,0,0,0,1
1127,40344.0,7,1,0,0,0,1,1,0,1,0,0,1,0,0
1128,62710.0,4,1,0,1,0,0,1,0,1,0,0,1,0,0
1129,48985.0,3,1,0,0,0,0,1,0,1,0,1,0,0,0
1130,35322.0,8,3,0,1,0,0,1,0,1,0,1,0,0,0
1131,77142.0,2,0,0,1,0,0,1,0,0,0,0,0,0,0
1132,81657.0,1,0,0,1,0,0,0,1,0,0,1,0,0,0
1133,14421.0,5,0,1,0,0,0,1,0,0,0,0,0,0,1
1134,20130.0,8,0,0,0,0,0,1,0,0,0,0,1,0,0
1135,74214.0,5,0,0,0,0,1,1,0,0,0,0,0,0,1
1136,66726.0,7,2,0,0,1,0,1,0,1,1,0,0,0,0
1137,23724.0,8,1,1,0,0,0,1,0,1,0,0,1,0,0
1138,47353.0,5,1,0,0,1,0,1,0,1,0,1,0,0,0
1139,33444.0,8,2,0,0,1,0,1,0,1,1,0,0,0,0
1140,54386.0,3,1,0,1,0,0,1,0,1,0,0,0,1,0
1141,28510.0,5,2,0,1,0,0,0,0,1,0,0,0,1,0
1142,90638.0,1,0,0,0,1,0,0,1,0,0,0,0,0,1
1143,48070.0,7,1,0,1,0,0,1,0,1,1,0,0,0,0
1144,43140.0,6,1,0,1,0,0,1,0,1,1,0,0,0,0
1145,54959.0,7,1,0,0,0,1,0,0,1,0,1,0,0,0
1146,15056.0,5,2,1,0,0,0,0,1,1,1,0,0,0,0
1147,26954.0,7,1,0,1,0,0,0,1,1,0,0,1,0,0
1148,22327.0,5,1,0,1,0,0,0,1,1,0,0,0,1,0
1149,44393.0,4,2,0,1,0,0,1,0,1,0,1,0,0,0
1150,62000.0,4,1,0,0,0,1,0,1,1,1,0,0,0,0
1151,31497.0,8,1,0,0,0,1,1,0,1,0,1,0,0,0
1152,45894.0,5,2,0,0,0,0,1,0,1,0,0,1,0,0
1153,78579.0,3,0,0,0,1,0,0,0,0,0,0,1,0,0
1154,67369.0,4,1,0,0,1,0,0,0,1,0,1,0,0,0
1155,58401.0,4,1,0,1,0,0,0,0,1,0,1,0,0,0
1156,62307.0,5,1,0,1,0,0,0,1,1,1,0,0,0,0
1157,43641.0,6,2,0,0,1,0,1,0,1,0,1,0,0,0
1158,63841.0,6,1,0,0,1,0,0,0,1,0,1,0,0,0
1159,46891.0,4,1,0,0,0,0,1,0,1,0,1,0,0,0
1160,70091.0,8,1,0,0,1,0,1,0,1,0,1,0,0,0
1161,78075.0,1,0,0,0,0,1,1,0,0,0,0,1,0,0
1162,59184.0,5,1,0,0,0,0,0,0,1,0,1,0,0,0
1163,54809.0,4,2,0,1,0,0,1,0,1,0,0,1,0,0
1164,58113.0,7,1,0,1,0,0,1,0,1,1,0,0,0,0
1165,51412.0,4,1,0,0,1,0,1,0,1,1,0,0,0,0
1166,15287.0,7,1,0,1,0,0,0,0,1,0,0,1,0,0
1167,66636.0,1,0,0,0,1,0,1,0,0,1,0,0,0,0
1168,50965.0,8,1,0,0,1,0,1,0,1,1,0,0,0,0
1169,84618.0,2,0,0,0,0,1,1,0,0,0,1,0,0,0
1170,18351.0,7,0,0,1,0,0,1,0,0,0,0,0,0,1
1171,40451.0,5,2,0,0,0,1,1,0,1,1,0,0,0,0
1172,36317.0,7,1,0,1,0,0,1,0,1,0,1,0,0,0
1173,42213.0,7,1,0,1,0,0,1,0,1,1,0,0,0,0
1174,65748.0,1,1,0,1,0,0,1,0,1,1,0,0,0,0
1175,77044.0,4,1,0,1,0,0,1,0,1,0,0,1,0,0
1176,74918.0,3,0,0,1,0,0,1,0,0,0,1,0,0,0
1177,56721.0,6,2,0,1,0,0,1,0,1,0,0,1,0,0
1178,42160.0,6,2,0,1,0,0,0,1,1,0,0,1,0,0
1179,61559.0,3,1,0,1,0,0,0,1,1,0,1,0,0,0
1180,33629.0,9,2,0,0,0,1,1,0,1,0,1,0,0,0
1181,68682.0,2,0,0,0,0,1,1,0,0,0,0,0,0,1
1182,34377.0,7,1,0,1,0,0,0,1,1,0,1,0,0,0
1183,8940.0,8,1,1,0,0,0,0,1,1,0,0,0,1,0
1184,26228.0,8,1,0,1,0,0,1,0,1,0,0,1,0,0
1185,77297.0,4,0,0,0,0,0,0,0,0,1,0,0,0,0
1186,40211.0,8,2,0,1,0,0,1,0,1,0,0,0,1,0
1187,33438.0,5,2,0,0,0,1,0,0,1,1,0,0,0,0
1188,75032.0,3,1,0,0,0,1,1,0,1,1,0,0,0,0
1189,61284.0,6,0,0,0,0,1,0,1,0,1,0,0,0,0
1190,22518.0,5,1,0,1,0,0,1,0,1,0,0,0,1,0
1191,54730.0,4,1,0,0,1,0,1,0,1,0,0,1,0,0
1192,38452.0,7,2,0,0,1,0,1,0,1,1,0,0,0,0
1193,44421.0,8,2,0,1,0,0,0,0,1,0,0,1,0,0
1194,38197.0,5,1,0,0,0,1,1,0,1,0,0,0,1,0
1195,41986.0,4,1,0,1,0,0,0,0,1,0,0,1,0,0
1196,28427.0,8,1,0,1,0,0,1,0,1,0,0,0,1,0
1197,37395.0,6,1,0,0,0,1,1,0,1,0,0,1,0,0
1198,64722.0,6,1,0,1,0,0,1,0,1,0,0,1,0,0
1199,55249.0,3,1,0,0,1,0,1,0,1,1,0,0,0,0
1200,84906.0,2,0,0,1,0,0,1,0,0,0,0,1,0,0
1201,28691.0,8,1,0,1,0,0,1,0,1,0,0,0,1,0
1202,44213.0,6,2,0,1,0,0,0,1,1,1,0,0,0,0
1203,25707.0,7,1,1,0,0,0,0,1,1,0,0,0,1,0
1204,59062.0,4,3,0,0,0,1,1,0,1,0,1,0,0,0
1205,76624.0,1,1,0,1,0,0,0,1,1,0,1,0,0,0
1206,66000.0,1,0,0,0,1,0,1,0,0,0,0,0,0,0
1207,27683.0,8,1,0,0,0,1,1,0,1,0,0,1,0,0
1208,7500.0,9,1,1,0,0,0,0,1,1,0,0,0,0,1
1209,40521.0,5,2,0,1,0,0,1,0,1,0,1,0,0,0
1210,20427.0,8,1,0,0,0,1,1,0,1,0,0,1,0,0
1211,65106.0,6,1,0,1,0,0,1,0,1,0,0,1,0,0
1212,69969.0,3,0,0,0,0,1,1,0,0,0,1,0,0,0
1213,67433.0,4,2,0,1,0,0,1,0,1,1,0,0,0,0
1214,77766.0,6,1,0,0,0,1,1,0,1,0,1,0,0,0
1215,74716.0,4,1,0,1,0,0,1,0,1,0,0,1,0,0
1216,68118.0,6,1,0,1,0,0,0,0,1,0,1,0,0,0
1217,55158.0,7,2,0,0,0,1,1,0,1,0,0,1,0,0
1218,62972.0,6,1,0,0,0,0,1,0,1,1,0,0,0,0
1219,74190.0,2,1,0,1,0,0,1,0,1,0,0,1,0,0
1220,39356.0,6,2,0,1,0,0,1,0,1,0,0,1,0,0
1221,76653.0,2,0,0,1,0,0,1,0,0,0,1,0,0,0
1222,35860.0,5,2,0,0,0,1,0,0,1,0,0,1,0,0
1223,90687.0,2,0,0,0,0,1,0,0,0,0,0,0,1,0
1224,73450.0,3,0,0,0,1,0,1,0,0,0,0,0,1,0
1225,31454.0,8,2,0,1,0,0,1,0,1,0,1,0,0,0
1226,47139.0,7,2,0,1,0,0,0,1,1,1,0,0,0,0
1227,83829.0,1,0,0,1,0,0,0,0,0,0,0,1,0,0
1228,53378.0,8,2,0,0,0,1,1,0,1,0,1,0,0,0
1229,19656.0,7,1,0,1,0,0,1,0,1,0,0,1,0,0
1230,45579.0,6,1,0,0,0,1,1,0,1,0,0,0,0,0
1231,85485.0,2,0,0,0,0,0,0,1,0,1,0,0,0,0
1232,55956.0,4,0,0,1,0,0,1,0,0,0,0,0,0,0
1233,64191.0,3,1,0,0,1,0,0,1,1,0,1,0,0,0
1234,38808.0,8,1,0,1,0,0,0,1,1,0,0,1,0,0
1235,57183.0,8,2,0,0,1,0,1,0,1,0,1,0,0,0
1236,23748.0,8,1,0,0,1,0,0,0,1,0,1,0,0,0
1237,66303.0,8,1,0,1,0,0,1,0,1,0,0,1,0,0
1238,37368.0,6,1,0,0,1,0,1,0,1,0,0,1,0,0
1239,40800.0,7,3,0,1,0,0,1,0,1,0,1,0,0,0
1240,71847.0,3,0,0,1,0,0,0,0,0,0,0,1,0,0
1241,46149.0,5,1,0,1,0,0,1,0,1,0,0,1,0,0
1242,78687.0,2,0,0,1,0,0,1,0,0,0,0,0,1,0
1243,49118.0,7,0,0,0,0,0,0,0,0,0,0,1,0,0
1244,37633.0,9,2,0,0,0,1,1,0,1,1,0,0,0,0
1245,39767.0,8,0,0,0,1,0,1,0,0,1,0,0,0,0
1246,26997.0,7,0,1,0,0,0,1,0,0,1,0,0,0,0
1247,33986.0,7,1,0,1,0,0,0,0,1,0,0,1,0,0
1248,57091.0,7,1,0,0,0,1,1,0,1,0,0,1,0,0
1249,46831.0,4,2,0,0,0,0,1,0,1,0,1,0,0,0
1250,83151.0,2,0,0,0,1,0,1,0,0,0,0,1,0,0
1251,52531.0,6,0,0,1,0,0,1,0,0,0,0,1,0,0
1252,15759.0,7,0,0,1,0,0,1,0,0,1,0,0,0,0
1253,22804.0,9,1,0,1,0,0,0,1,1,0,0,1,0,0
1254,43050.0,5,1,0,0,0,0,1,0,1,0,0,1,0,0
1255,42997.0,7,2,0,0,0,1,0,1,1,0,0,1,0,0
1256,48918.0,4,2,0,0,0,1,0,1,1,0,1,0,0,0
1257,60033.0,2,1,0,0,1,0,1,0,1,1,0,0,0,0
1258,34043.0,9,1,0,0,0,1,1,0,1,0,0,1,0,0
1259,57811.0,5,1,0,1,0,0,1,0,1,0,1,0,0,0
1260,78569.0,1,0,0,1,0,0,1,0,0,0,0,0,0,0
1261,7500.0,6,2,0,1,0,0,0,1,1,0,0,1,0,0
1262,94384.0,2,0,0,1,0,0,1,0,0,1,0,0,0,0
1263,23148.0,7,0,0,0,0,0,1,0,0,0,0,0,1,0
1264,44267.0,9,2,0,1,0,0,0,0,1,0,0,1,0,0
1265,71626.0,3,0,0,1,0,0,1,0,0,0,0,1,0,0
1266,60894.0,7,1,0,1,0,0,1,0,1,0,1,0,0,0
1267,50200.0,8,2,0,1,0,0,1,0,1,0,0,1,0,0
1268,81051.0,2,0,0,0,0,1,1,0,0,0,1,0,0,0
1269,65169.0,6,0,0,1,0,0,1,0,0,0,0,0,1,0
1270,59868.0,6,1,0,1,0,0,1,0,1,0,0,1,0,0
1271,65695.0,4,1,0,0,0,1,1,0,1,0,1,0,0,0
1272,64857.0,4,0,0,0,1,0,0,1,0,1,0,0,0,0
1273,45143.0,7,1,0,0,1,0,1,0,1,0,1,0,0,0
1274,74805.0,2,1,0,0,0,0,1,0,1,1,0,0,0,0
1275,59060.0,4,1,0,0,0,0,1,0,1,0,0,0,1,0
1276,27238.0,9,2,0,0,0,1,0,1,1,0,1,0,0,0
1277,47009.0,4,1,0,1,0,0,1,0,1,0,1,0,0,0
1278,46094.0,7,2,0,0,0,0,1,0,1,0,0,1,0,0
1279,40321.0,7,2,0,1,0,0,1,0,1,0,0,1,0,0
1280,37235.0,4,1,0,1,0,0,1,0,1,0,0,0,1,0
1281,81843.0,3,0,0,0,1,0,1,0,0,0,1,0,0,0
1282,46692.0,6,1,0,0,1,0,1,0,1,1,0,0,0,0
1283,77382.0,1,1,0,1,0,0,1,0,1,0,1,0,0,0
1284,37774.0,9,2,0,1,0,0,0,1,1,0,0,1,0,0
1285,18393.0,8,1,1,0,0,0,1,0,1,0,0,1,0,0
1286,72828.0,7,1,0,0,1,0,1,0,1,0,1,0,0,0
1287,24711.0,7,0,0,1,0,0,1,0,0,0,0,0,1,0
1288,45503.0,5,1,0,0,0,1,1,0,1,0,0,1,0,0
1289,71604.0,4,0,0,0,0,1,1,0,0,0,0,0,0,0
1290,27244.0,7,1,0,1,0,0,1,0,1,0,0,1,0,0
1291,48752.0,9,2,0,1,0,0,1,0,1,0,1,0,0,0
1292,71434.0,4,1,0,1,0,0,1,0,1,0,1,0,0,0
1293,90842.0,1,0,0,1,0,0,0,1,0,0,0,0,0,0
1294,88097.0,9,1,0,0,1,0,1,0,1,0,0,1,0,0
1295,51948.0,5,1,0,1,0,0,1,0,1,0,0,1,0,0
1296,71853.0,1,0,0,1,0,0,1,0,0,0,0,0,1,0
1297,35876.0,6,0,0,0,1,0,1,0,0,0,0,0,1,0
1298,40049.0,6,1,0,1,0,0,0,0,1,1,0,0,0,0
1299,39660.0,9,1,0,1,0,0,0,1,1,0,0,0,1,0
1300,50127.0,6,1,0,1,0,0,1,0,1,0,1,0,0,0
1301,43263.0,5,1,0,0,1,0,1,0,1,0,0,1,0,0
1302,62845.0,8,2,0,0,1,0,1,0,1,0,0,0,0,0
1303,18929.0,6,0,0,1,0,0,1,0,0,0,0,0,0,1
1304,24367.0,9,1,1,0,0,0,0,1,1,0,0,0,1,0
1305,33249.0,6,1,0,1,0,0,0,1,1,0,0,1,0,0
1306,26887.0,6,1,0,0,0,0,1,0,1,1,0,0,0,0
1307,50150.0,5,0,0,0,0,1,1,0,0,0,0,0,1,0
1308,62061.0,6,1,0,1,0,0,1,0,1,0,0,1,0,0
1309,85696.0,1,0,0,0,0,1,0,0,0,0,1,0,0,0
1310,76542.0,2,0,0,0,0,1,1,0,0,1,0,0,0,0
1311,70515.0,2,0,0,1,0,0,0,1,0,0,0,0,0,1
1312,18227.0,8,1,0,1,0,0,1,0,1,0,0,0,1,0
1313,69139.0,4,1,0,1,0,0,1,0,1,0,1,0,0,0
1314,69109.0,4,0,0,1,0,0,1,0,0,0,0,0,1,0
1315,69627.0,5,1,0,1,0,0,0,1,1,0,1,0,0,0
1316,38136.0,8,1,0,1,0,0,1,0,1,0,0,1,0,0
1317,62159.0,4,0,0,0,0,1,0,1,0,0,0,0,0,0
1318,80695.0,2,0,0,1,0,0,0,1,0,0,1,0,0,0
1319,33316.0,6,2,0,0,1,0,0,1,1,0,0,1,0,0
1320,58554.0,7,2,0,1,0,0,1,0,1,0,1,0,0,0
1321,17256.0,8,1,1,0,0,0,1,0,1,0,0,0,0,1
1322,53034.0,8,2,0,1,0,0,0,0,1,0,0,1,0,0
1323,52203.0,6,0,0,0,0,0,1,0,0,1,0,0,0,0
1324,59601.0,8,1,0,0,0,0,0,0,1,0,0,1,0,0
1325,75154.0,3,1,0,0,1,0,0,1,1,1,0,0,0,0
1326,47025.0,6,1,0,1,0,0,0,1,1,0,0,1,0,0
1327,37971.0,8,1,0,1,0,0,1,0,1,0,0,1,0,0
1328,41335.0,7,1,0,0,1,0,0,0,1,0,1,0,0,0
1329,67267.0,2,1,0,1,0,0,1,0,1,1,0,0,0,0
1330,57338.0,5,1,0,1,0,0,0,1,1,0,0,1,0,0
1331,50523.0,6,2,0,0,0,0,1,0,1,0,1,0,0,0
1332,35791.0,8,3,0,0,1,0,0,1,1,0,1,0,0,0
1333,50611.0,6,1,0,0,0,1,0,0,1,0,1,0,0,0
1334,56242.0,6,1,0,0,0,1,1,0,1,0,1,0,0,0
1335,48904.0,8,1,0,1,0,0,0,1,1,0,1,0,0,0
1336,56243.0,5,3,0,1,0,0,0,1,1,0,0,1,0,0
1337,21355.0,6,1,0,1,0,0,1,0,1,0,0,0,1,0
1338,57420.0,7,1,0,0,1,0,1,0,1,0,0,1,0,0
1339,46390.0,7,1,0,0,1,0,0,0,1,1,0,0,0,0
1340,54342.0,6,2,0,0,0,0,1,0,1,1,0,0,0,0
1341,20895.0,9,1,0,1,0,0,1,0,1,0,0,1,0,0
1342,92344.0,1,0,0,1,0,0,1,0,0,0,0,0,0,0
1343,26907.0,7,2,0,0,0,0,1,0,1,0,0,1,0,0
1344,44964.0,8,2,0,1,0,0,1,0,1,0,0,0,1,0
1345,75507.0,3,0,0,1,0,0,1,0,0,0,0,1,0,0
1346,53761.0,5,2,0,0,1,0,1,0,1,0,0,1,0,0
1347,22682.0,4,1,0,1,0,0,1,0,1,0,0,1,0,0
1348,38887.0,7,1,0,0,0,1,1,0,1,0,0,1,0,0
1349,41658.0,4,2,0,0,0,0,0,1,1,0,0,1,0,0
1350,29791.0,5,1,0,0,0,1,1,0,1,0,0,1,0,0
1351,63915.0,5,2,0,0,1,0,1,0,1,1,0,0,0,0
1352,39996.0,6,2,0,1,0,0,0,0,1,0,0,1,0,0
1353,26759.0,6,1,0,1,0,0,0,0,1,0,0,1,0,0
1354,63841.0,6,1,0,0,1,0,0,0,1,0,1,0,0,0
1355,51039.0,7,2,0,0,0,1,1,0,1,0,1,0,0,0
1356,60544.0,6,2,0,1,0,0,1,0,1,0,1,0,0,0
1357,65685.0,5,1,0,1,0,0,1,0,1,0,0,1,0,0
1358,37716.0,7,1,0,1,0,0,1,0,1,1,0,0,0,0
1359,36864.0,8,1,0,1,0,0,0,1,1,1,0,0,0,0
1360,44511.0,8,1,0,0,1,0,1,0,1,0,0,1,0,0
1361,36947.0,9,2,0,0,0,1,1,0,1,0,1,0,0,0
1362,47352.0,7,1,0,0,1,0,1,0,1,1,0,0,0,0
1363,67087.0,4,1,0,0,1,0,1,0,1,1,0,0,0,0
1364,57045.0,3,1,0,1,0,0,1,0,1,1,0,0,0,0
1365,36957.0,9,2,0,0,0,1,0,0,1,1,0,0,0,0
1366,69389.0,4,1,0,0,0,1,1,0,1,0,0,1,0,0
1367,80134.0,6,1,0,1,0,0,1,0,1,0,0,1,0,0
1368,43142.0,7,2,0,0,1,0,1,0,1,0,1,0,0,0
1369,80589.0,1,0,0,1,0,0,1,0,0,0,0,0,0,0
1370,34412.0,9,1,0,1,0,0,0,1,1,0,0,0,0,1
1371,57537.0,4,1,0,1,0,0,0,1,1,0,0,1,0,0
1372,22634.0,8,0,1,0,0,0,1,0,0,0,1,0,0,0
1373,51315.0,2,0,0,1,0,0,1,0,0,0,0,0,0,0
1374,36026.0,6,3,0,1,0,0,1,0,1,0,0,1,0,0
1375,24639.0,6,2,0,1,0,0,1,0,1,0,0,1,0,0
1376,34578.0,6,3,0,0,0,1,1,0,1,0,0,1,0,0
1377,65704.0,1,0,0,0,0,0,0,1,0,0,0,1,0,0
1378,63810.0,8,1,0,1,0,0,0,1,1,0,1,0,0,0
1379,54132.0,7,1,0,0,0,1,1,0,1,0,1,0,0,0
1380,18690.0,8,0,0,1,0,0,1,0,0,1,0,0,0,0
1381,28164.0,7,1,0,1,0,0,1,0,1,0,0,1,0,0
1382,34596.0,8,1,0,0,0,1,1,0,1,0,0,1,0,0
1383,43269.0,8,1,0,0,0,1,1,0,1,0,0,1,0,0
1384,38741.0,7,2,0,0,0,0,0,1,1,1,0,0,0,0
1385,31907.0,7,0,0,1,0,0,0,1,0,0,0,1,0,0
1386,27100.0,7,1,0,0,1,0,1,0,1,0,0,0,1,0
1387,31163.0,6,1,0,0,0,0,0,0,1,0,0,1,0,0
1388,92533.0,2,0,0,1,0,0,1,0,0,0,0,0,1,0
1389,34853.0,6,2,0,1,0,0,0,1,1,0,0,1,0,0
1390,70844.0,7,2,0,1,0,0,0,0,1,0,1,0,0,0
1391,31086.0,8,2,0,0,0,0,1,0,1,0,0,1,0,0
1392,60544.0,6,2,0,1,0,0,1,0,1,0,1,0,0,0
1393,20491.0,7,0,0,0,0,0,1,0,0,0,0,0,1,0
1394,42523.0,2,0,0,1,0,0,1,0,0,0,1,0,0,0
1395,39922.0,8,1,0,1,0,0,1,0,1,0,0,0,1,0
1396,33402.0,8,2,0,1,0,0,1,0,1,1,0,0,0,0
1397,36408.0,6,2,0,0,1,0,1,0,1,0,0,0,0,0
1398,21645.0,9,1,0,1,0,0,1,0,1,0,0,1,0,0
1399,78427.0,3,0,0,0,1,0,0,0,0,0,0,0,0,0
1400,82657.0,4,0,0,1,0,0,1,0,0,0,0,0,0,0
1401,51876.0,1,0,0,1,0,0,1,0,0,1,0,0,0,0
1402,78041.0,2,0,0,0,0,0,1,0,0,0,0,1,0,0
1403,52852.0,8,1,0,1,0,0,1,0,1,1,0,0,0,0
1404,70038.0,2,0,0,0,0,1,1,0,0,0,0,0,1,0
1405,69401.0,2,1,0,0,0,0,1,0,1,0,0,1,0,0
1406,46053.0,5,1,0,1,0,0,1,0,1,0,0,1,0,0
1407,77343.0,1,0,0,1,0,0,1,0,0,0,1,0,0,0
1408,73892.0,1,0,0,1,0,0,0,1,0,1,0,0,0,0
1409,40304.0,7,1,0,0,0,1,0,1,1,0,1,0,0,0
1410,32727.0,8,0,0,0,0,1,1,0,0,0,1,0,0,0
1411,68695.0,2,0,0,1,0,0,1,0,0,0,1,0,0,0
1412,43300.0,8,1,0,1,0,0,0,0,1,0,0,1,0,0
1413,26290.0,6,2,0,1,0,0,1,0,1,0,0,1,0,0
1414,93790.0,2,0,0,1,0,0,0,1,0,0,0,1,0,0
1415,38410.0,6,0,0,0,0,1,1,0,0,0,0,1,0,0
1416,64866.0,5,1,0,0,1,0,0,0,1,1,0,0,0,0
1417,57957.0,3,1,0,1,0,0,1,0,1,1,0,0,0,0
1418,46015.0,7,2,0,0,0,1,1,0,1,1,0,0,0,0
1419,16531.0,7,1,0,1,0,0,1,0,1,0,0,1,0,0
1420,28072.0,7,1,0,0,1,0,1,0,1,0,0,0,1,0
1421,49476.0,2,1,0,0,1,0,0,0,1,0,1,0,0,0
1422,50725.0,8,1,0,1,0,0,1,0,1,1,0,0,0,0
1423,83844.0,1,0,0,1,0,0,1,0,0,1,0,0,0,0
1424,41145.0,3,2,0,0,0,1,1,0,1,1,0,0,0,0
1425,67419.0,5,1,0,1,0,0,1,0,1,0,0,1,0,0
1426,23162.0,6,2,0,0,0,0,1,0,1,0,0,1,0,0
1427,34380.0,8,1,0,1,0,0,1,0,1,0,0,1,0,0
1428,34704.0,5,1,0,1,0,0,0,1,1,0,1,0,0,0
1429,65148.0,4,1,0,1,0,0,1,0,1,1,0,0,0,0
1430,39898.0,7,1,0,1,0,0,1,0,1,1,0,0,0,0
1431,64857.0,4,0,0,0,1,0,0,1,0,1,0,0,0,0
1432,59892.0,3,1,0,0,0,1,1,0,1,0,0,1,0,0
1433,41020.0,3,0,0,0,1,0,0,1,0,0,0,0,1,0
1434,57072.0,5,1,0,0,0,1,1,0,1,0,1,0,0,0
1435,60474.0,7,1,0,1,0,0,0,1,1,0,0,1,0,0
1436,62807.0,5,1,0,1,0,0,1,0,1,0,1,0,0,0
1437,19414.0,8,1,0,0,0,0,1,0,1,0,0,0,1,0
1438,19107.0,7,1,0,1,0,0,1,0,1,0,0,0,1,0
1439,75484.0,4,1,0,0,0,0,1,0,1,0,0,1,0,0
1440,70379.0,4,1,0,0,1,0,0,1,1,0,0,1,0,0
1441,79419.0,2,0,0,0,1,0,1,0,0,0,0,1,0,0
1442,64014.0,7,3,0,0,0,1,1,0,1,0,0,0,0,0
1443,76998.0,6,1,0,1,0,0,1,0,1,1,0,0,0,0
1444,49854.0,6,1,0,0,1,0,1,0,1,0,0,1,0,0
1445,60585.0,5,2,0,0,0,1,1,0,1,0,0,1,0,0
1446,42873.0,8,2,0,0,0,1,0,0,1,1,0,0,0,0
1447,87679.0,4,0,0,1,0,0,1,0,0,0,0,0,1,0
1448,57867.0,6,1,0,1,0,0,1,0,1,0,0,1,0,0
1449,35765.0,6,1,0,1,0,0,1,0,1,0,0,0,0,1
1450,65492.0,2,0,0,1,0,0,1,0,0,1,0,0,0,0
1451,32952.0,7,1,0,1,0,0,0,0,1,0,0,1,0,0
1452,53374.0,9,1,0,0,0,1,1,0,1,0,1,0,0,0
1453,71706.0,5,1,0,1,0,0,1,0,1,1,0,0,0,0
1454,68487.0,4,0,0,1,0,0,1,0,0,0,0,0,1,0
1455,53253.0,5,2,0,0,1,0,1,0,1,0,0,1,0,0
1456,31163.0,6,1,0,0,0,0,0,0,1,0,0,1,0,0
1457,42014.0,8,1,0,1,0,0,1,0,1,0,0,1,0,0
1458,54108.0,8,2,0,0,1,0,1,0,1,0,0,1,0,0
1459,49667.0,8,0,0,0,0,1,0,1,0,1,0,0,0,0
1460,63206.0,2,0,0,0,1,0,1,0,0,0,0,1,0,0
1461,57136.0,6,2,0,0,1,0,1,0,1,0,0,1,0,0
1462,46772.0,8,1,0,0,0,0,1,0,1,0,0,1,0,0
1463,78931.0,1,0,0,0,0,1,1,0,0,0,0,1,0,0
1464,53977.0,5,1,0,1,0,0,1,0,1,1,0,0,0,0
1465,84219.0,1,0,0,1,0,0,1,0,0,0,0,0,1,0
1466,46098.0,8,2,0,0,1,0,0,1,1,0,0,1,0,0
1467,73538.0,7,1,0,1,0,0,1,0,1,0,1,0,0,0
1468,79529.0,2,0,0,1,0,0,1,0,0,0,0,0,1,0
1469,20981.0,8,0,0,0,0,0,1,0,0,0,0,1,0,0
1470,51766.0,5,1,0,1,0,0,0,1,1,0,0,0,1,0
1471,55759.0,8,1,0,1,0,0,1,0,1,0,1,0,0,0
1472,33039.0,5,1,0,1,0,0,1,0,1,0,0,1,0,0
1473,37787.0,8,1,0,0,1,0,1,0,1,0,0,1,0,0
1474,27242.0,9,1,0,1,0,0,0,1,1,0,0,1,0,0
1475,87188.0,3,0,0,0,0,1,0,1,0,0,0,0,1,0
1476,69930.0,3,0,0,1,0,0,1,0,0,0,0,1,0,0
1477,37697.0,6,1,0,1,0,0,0,1,1,0,0,1,0,0
1478,37401.0,7,1,0,0,0,1,1,0,1,0,0,1,0,0
1479,58597.0,7,2,0,1,0,0,1,0,1,0,0,1,0,0
1480,82032.0,1,0,0,0,0,1,0,0,0,0,0,0,0,0
1481,28087.0,7,2,0,1,0,0,1,0,1,1,0,0,0,0
1482,74004.0,3,0,0,0,0,1,0,1,0,0,0,0,1,0
1483,19740.0,5,1,0,1,0,0,1,0,1,0,1,0,0,0
1484,57036.0,9,1,0,0,0,0,1,0,1,0,0,1,0,0
1485,53083.0,7,2,0,0,0,0,1,0,1,1,0,0,0,0
1486,69283.0,5,1,0,0,0,1,1,0,1,0,0,1,0,0
1487,46098.0,8,2,0,0,1,0,0,1,1,0,0,1,0,0
1488,23331.0,8,1,0,0,0,0,1,0,1,0,0,0,1,0
1489,23331.0,9,1,0,0,0,0,0,1,1,0,0,0,1,0
1490,9255.0,8,1,0,1,0,0,0,1,1,0,0,0,1,0
1491,67786.0,1,0,0,0,0,1,0,0,0,1,0,0,0,0
1492,71969.0,8,1,0,0,0,1,1,0,1,0,0,1,0,0
1493,59235.0,7,1,0,0,1,0,0,1,1,0,1,0,0,0
1494,31928.0,7,1,0,1,0,0,1,0,1,0,0,0,1,0
1495,74881.0,5,2,0,0,1,0,1,0,1,0,1,0,0,0
1496,65819.0,3,0,0,1,0,0,1,0,0,0,0,1,0,0
1497,51411.0,5,3,0,0,0,1,0,1,1,1,0,0,0,0
1498,51983.0,7,1,0,1,0,0,0,0,1,0,1,0,0,0
1499,42386.0,8,1,0,0,1,0,1,0,1,0,0,0,1,0
1500,30390.0,6,0,0,0,0,0,1,0,0,0,0,0,1,0
1501,30983.0,8,0,0,1,0,0,0,1,0,0,1,0,0,0
1502,66033.0,7,1,0,1,0,0,0,0,1,1,0,0,0,0
1503,37284.0,6,2,0,0,0,0,1,0,1,0,0,1,0,0
1504,57530.0,1,1,0,0,1,0,0,0,1,1,0,0,0,0
1505,76800.0,1,0,0,0,0,0,1,0,0,0,1,0,0,0
1506,63943.0,5,1,0,1,0,0,1,0,1,1,0,0,0,0
1507,76081.0,2,0,0,1,0,0,1,0,0,0,1,0,0,0
1508,67445.0,6,1,0,1,0,0,1,0,1,0,0,1,0,0
1509,37054.0,7,2,0,0,1,0,1,0,1,0,1,0,0,0
1510,47175.0,8,2,0,0,1,0,1,0,1,0,1,0,0,0
1511,31859.0,7,1,0,1,0,0,0,0,1,0,0,1,0,0
1512,27215.0,6,3,0,1,0,0,0,0,1,0,1,0,0,0
1513,70179.0,5,1,0,0,0,1,0,0,1,0,0,1,0,0
1514,39922.0,8,1,0,1,0,0,1,0,1,0,0,0,1,0
1515,49681.0,7,2,0,0,1,0,1,0,1,0,0,1,0,0
1516,24645.0,8,1,0,1,0,0,1,0,1,0,0,0,1,0
1517,79865.0,1,1,0,1,0,0,0,0,1,1,0,0,0,0
1518,44322.0,8,1,0,1,0,0,1,0,1,0,0,0,1,0
1519,47958.0,5,1,0,1,0,0,0,1,1,1,0,0,0,0
1520,63972.0,4,1,0,0,1,0,0,1,1,0,1,0,0,0
1521,75315.0,2,1,0,1,0,0,1,0,1,1,0,0,0,0
1522,55517.0,9,2,0,0,0,1,1,0,1,1,0,0,0,0
1523,75283.0,4,3,0,0,0,1,1,0,1,1,0,0,0,0
1524,82800.0,3,0,0,0,0,1,0,1,0,0,0,0,0,0
1525,38998.0,8,2,0,1,0,0,1,0,1,1,0,0,0,0
1526,90638.0,1,0,0,0,1,0,0,1,0,0,0,0,0,1
1527,27161.0,7,1,0,0,1,0,1,0,1,0,0,0,1,0
1528,42014.0,8,1,0,1,0,0,1,0,1,0,0,1,0,0
1529,38201.0,8,1,0,0,0,1,1,0,1,0,1,0,0,0
1530,45203.0,6,2,0,1,0,0,1,0,1,0,0,0,1,0
1531,81574.0,1,0,0,0,0,1,1,0,0,0,0,0,0,0
1532,34935.0,7,0,0,1,0,0,1,0,0,0,0,0,0,1
1533,60482.0,7,1,0,0,1,0,0,1,1,0,0,1,0,0
1534,34633.0,6,3,0,1,0,0,1,0,1,1,0,0,0,0
1535,78093.0,1,0,0,0,1,0,1,0,0,0,0,0,0,0
1536,82460.0,1,0,0,1,0,0,0,0,0,1,0,0,0,0
1537,45903.0,4,1,0,0,1,0,1,0,1,0,1,0,0,0
1538,81361.0,1,0,0,1,0,0,0,0,0,0,0,0,1,0
1539,35860.0,5,2,0,0,0,1,0,0,1,0,0,1,0,0
1540,40442.0,7,2,0,0,1,0,1,0,1,1,0,0,0,0
1541,61482.0,2,0,0,1,0,0,1,0,0,0,1,0,0,0
1542,34968.0,7,1,0,1,0,0,1,0,1,0,0,0,1,0
1543,75794.0,3,0,0,1,0,0,1,0,0,0,0,0,1,0
1544,31497.0,8,1,0,0,0,1,1,0,1,0,1,0,0,0
1545,74268.0,2,0,0,1,0,0,1,0,0,1,0,0,0,0
1546,13724.0,9,1,1,0,0,0,1,0,1,0,0,0,1,0
1547,45143.0,7,1,0,0,1,0,1,0,1,0,1,0,0,0
1548,52569.0,3,1,0,0,0,1,0,1,1,0,1,0,0,0
1549,48432.0,8,1,0,0,0,1,0,1,1,0,0,1,0,0
1550,17144.0,7,2,0,0,1,0,1,0,1,0,1,0,0,0
1551,36108.0,9,1,0,1,0,0,0,1,1,0,0,0,1,0
1552,76445.0,6,1,0,1,0,0,1,0,1,0,0,1,0,0
1553,36663.0,2,1,0,0,0,1,1,0,1,0,0,1,0,0
1554,53843.0,7,1,0,0,1,0,1,0,1,0,1,0,0,0
1555,90226.0,2,0,0,0,1,0,1,0,0,1,0,0,0,0
1556,70638.0,3,0,0,0,1,0,0,0,0,1,0,0,0,0
1557,44512.0,4,2,0,1,0,0,1,0,1,0,1,0,0,0
1558,27116.0,7,2,0,1,0,0,1,0,1,0,1,0,0,0
1559,54072.0,8,2,0,0,0,1,1,0,1,0,1,0,0,0
1560,71855.0,3,1,0,1,0,0,1,0,1,0,0,1,0,0
1561,51250.0,9,1,0,0,0,0,0,1,1,0,0,0,0,1
1562,60432.0,6,1,0,0,1,0,1,0,1,0,0,1,0,0
1563,65526.0,2,1,0,0,0,1,1,0,1,0,1,0,0,0
1564,68655.0,3,0,0,1,0,0,0,1,0,0,0,0,1,0
1565,12393.0,9,0,0,0,0,0,1,0,0,0,0,1,0,0
1566,64509.0,4,0,0,1,0,0,0,1,0,0,0,0,0,1
1567,33955.0,8,1,0,1,0,0,0,1,1,0,0,1,0,0
1568,31353.0,8,2,0,1,0,0,1,0,1,0,0,1,0,0
1569,55434.0,4,1,0,1,0,0,1,0,1,0,0,0,1,0
1570,28359.0,7,1,0,1,0,0,1,0,1,0,0,0,1,0
1571,57100.0,3,1,0,1,0,0,0,1,1,0,0,0,1,0
1572,69139.0,4,1,0,1,0,0,1,0,1,0,1,0,0,0
1573,52973.0,8,1,0,0,1,0,1,0,1,1,0,0,0,0
1574,51717.0,7,1,0,0,0,1,1,0,1,0,1,0,0,0
1575,18793.0,8,1,0,1,0,0,1,0,1,0,0,1,0,0
1576,66664.0,3,0,0,0,0,0,1,0,0,0,0,0,1,0
1577,50664.0,9,2,0,1,0,0,0,1,1,1,0,0,0,0
1578,54414.0,4,2,0,1,0,0,1,0,1,0,1,0,0,0
1579,54549.0,7,1,0,0,0,1,1,0,1,1,0,0,0,0
1580,47111.0,9,1,0,0,0,1,0,0,1,0,0,1,0,0
1581,41003.0,6,0,0,0,0,1,0,0,0,0,1,0,0,0
1582,19444.0,7,1,0,1,0,0,1,0,1,0,0,0,1,0
1583,36301.0,7,1,0,0,0,0,1,0,1,0,0,1,0,0
1584,73059.0,4,1,0,0,0,1,1,0,1,0,0,0,0,0
1585,42731.0,5,1,0,0,0,1,1,0,1,0,1,0,0,0
1586,52854.0,5,2,0,0,0,1,1,0,1,1,0,0,0,0
1587,22775.0,8,1,0,1,0,0,1,0,1,0,0,1,0,0
1588,46681.0,5,2,0,0,0,1,1,0,1,0,0,0,0,0
1589,59821.0,8,1,0,0,0,1,1,0,1,1,0,0,0,0
1590,50002.0,7,1,0,1,0,0,0,0,1,1,0,0,0,0
1591,69755.0,1,0,0,1,0,0,1,0,0,0,0,0,0,0
1592,44078.0,5,2,0,1,0,0,1,0,1,0,1,0,0,0
1593,30560.0,7,1,0,0,1,0,1,0,1,0,0,1,0,0
1594,35924.0,5,2,0,0,1,0,1,0,1,0,1,0,0,0
1595,64140.0,5,2,0,0,0,1,0,0,1,0,1,0,0,0
1596,56386.0,9,2,0,1,0,0,1,0,1,0,0,0,1,0
1597,24594.0,5,1,1,0,0,0,1,0,1,0,0,1,0,0
1598,75774.0,4,1,0,0,0,0,1,0,1,0,0,0,1,0
1599,39228.0,4,0,0,0,1,0,0,0,0,0,1,0,0,0
1600,58494.0,6,1,0,0,1,0,1,0,1,0,0,1,0,0
1601,58684.0,2,0,0,1,0,0,0,1,0,0,0,0,1,0
1602,57136.0,6,0,0,1,0,0,0,0,0,0,1,0,0,0
1603,56551.0,4,2,0,0,0,1,0,0,1,1,0,0,0,0
1604,22448.0,3,1,0,1,0,0,1,0,1,0,0,0,1,0
1605,82014.0,6,0,0,1,0,0,0,1,0,0,1,0,0,0
1606,34213.0,9,2,0,1,0,0,0,0,1,0,1,0,0,0
1607,25358.0,6,1,0,0,0,1,0,0,1,0,0,0,0,0
1608,35544.0,7,1,0,0,1,0,0,1,1,0,0,1,0,0
1609,36634.0,7,1,0,0,1,0,1,0,1,1,0,0,0,0
1610,62670.0,3,1,0,0,0,1,1,0,1,1,0,0,0,0
1611,50334.0,6,1,0,0,0,0,1,0,1,0,0,1,0,0
1612,72066.0,2,0,0,1,0,0,0,1,0,0,0,0,1,0
1613,50729.0,6,2,0,0,0,1,0,1,1,1,0,0,0,0
1614,34916.0,9,2,0,1,0,0,1,0,1,0,1,0,0,0
1615,64892.0,4,1,0,1,0,0,0,0,1,0,0,1,0,0
1616,43602.0,6,2,0,1,0,0,0,1,1,0,1,0,0,0
1617,33996.0,4,0,0,0,0,1,0,1,0,0,0,0,1,0
1618,41473.0,7,1,0,0,0,0,0,1,1,0,0,0,1,0
1619,63246.0,4,2,0,0,0,1,1,0,1,0,1,0,0,0
1620,36732.0,2,2,0,0,0,1,1,0,1,1,0,0,0,0
1621,69084.0,8,1,0,0,0,1,1,0,1,0,0,1,0,0
1622,77766.0,6,1,0,0,0,1,1,0,1,0,1,0,0,0
1623,37929.0,7,0,0,0,0,1,0,1,0,0,0,0,1,0
1624,86610.0,2,0,0,1,0,0,1,0,0,1,0,0,0,0
1625,80141.0,6,0,0,0,1,0,1,0,0,0,0,0,1,0
1626,72635.0,3,0,0,0,0,0,1,0,0,1,0,0,0,0
1627,69016.0,5,1,0,1,0,0,1,0,1,0,0,1,0,0
1628,20193.0,4,0,0,0,0,0,1,0,0,0,0,0,0,1
1629,27573.0,8,1,0,1,0,0,1,0,1,0,0,1,0,0
1630,15862.0,8,1,1,0,0,0,0,1,1,0,0,1,0,0
1631,49544.0,7,1,0,0,0,1,1,0,1,0,0,1,0,0
1632,33228.0,7,1,0,1,0,0,1,0,1,0,0,0,1,0
1633,70440.0,3,0,0,1,0,0,1,0,0,0,0,1,0,0
1634,38232.0,5,2,0,1,0,0,1,0,1,0,0,1,0,0
1635,22554.0,5,2,0,0,0,1,1,0,1,1,0,0,0,0
1636,23536.0,3,1,0,0,0,1,1,0,1,0,0,0,1,0
1637,49413.0,5,1,0,1,0,0,1,0,1,1,0,0,0,0
1638,42231.0,5,2,0,1,0,0,1,0,1,0,1,0,0,0
1639,78789.0,2,0,0,0,1,0,0,0,0,0,0,0,1,0
1640,56534.0,8,1,0,1,0,0,1,0,1,0,1,0,0,0
1641,58350.0,6,1,0,1,0,0,0,1,1,0,0,1,0,0
1642,81217.0,1,0,0,1,0,0,0,1,0,0,0,0,1,0
1643,49090.0,7,1,0,1,0,0,0,1,1,1,0,0,0,0
1644,61787.0,5,0,0,0,1,0,0,0,0,0,0,0,1,0
1645,18169.0,8,1,0,0,0,1,1,0,1,0,0,0,1,0
1646,24336.0,7,1,0,0,0,0,0,1,1,0,0,0,1,0
1647,18222.0,8,0,0,1,0,0,1,0,0,0,0,0,0,1
1648,62335.0,2,1,0,1,0,0,0,0,1,1,0,0,0,0
1649,42033.0,7,2,0,0,0,0,1,0,1,0,0,1,0,0
1650,86580.0,1,0,0,0,0,1,1,0,0,0,0,0,1,0
1651,41437.0,7,2,0,0,0,1,0,0,1,1,0,0,0,0
1652,73705.0,5,2,0,0,1,0,0,0,1,1,0,0,0,0
1653,61064.0,6,1,0,1,0,0,1,0,1,0,0,1,0,0
1654,38452.0,7,2,0,0,1,0,1,0,1,1,0,0,0,0
1655,18358.0,7,1,0,1,0,0,0,1,1,0,0,0,1,0
1656,55012.0,5,1,0,0,0,1,1,0,1,0,0,1,0,0
1657,9722.0,8,1,1,0,0,0,1,0,1,0,0,1,0,0
1658,38175.0,7,1,0,0,0,1,1,0,1,0,0,0,1,0
1659,58656.0,6,1,0,0,1,0,1,0,1,1,0,0,0,0
1660,52117.0,7,1,0,1,0,0,1,0,1,0,1,0,0,0
1661,64813.0,5,1,0,1,0,0,1,0,1,0,0,1,0,0
1662,54222.0,3,1,0,0,0,1,1,0,1,0,0,1,0,0
1663,83512.0,1,0,0,1,0,0,1,0,0,0,0,0,1,0
1664,77520.0,4,1,0,0,1,0,1,0,1,1,0,0,0,0
1665,41154.0,5,1,0,1,0,0,1,0,1,0,0,1,0,0
1666,80398.0,3,0,0,1,0,0,1,0,0,0,1,0,0,0
1667,18746.0,6,1,1,0,0,0,0,1,1,0,0,0,0,1
1668,35196.0,8,1,0,1,0,0,1,0,1,0,0,0,1,0
1669,60230.0,5,1,0,1,0,0,0,1,1,1,0,0,0,0
1670,22108.0,7,2,0,1,0,0,1,0,1,0,0,1,0,0
1671,44392.0,7,2,0,1,0,0,1,0,1,0,0,1,0,0
1672,55424.0,6,1,0,0,0,1,1,0,1,0,0,1,0,0
1673,17688.0,8,1,0,1,0,0,1,0,1,0,0,1,0,0
1674,92491.0,3,0,0,0,0,1,1,0,0,0,0,0,1,0
1675,90273.0,2,0,0,1,0,0,0,1,0,0,0,0,0,1
1676,82571.0,2,0,0,0,0,1,0,0,0,0,1,0,0,0
1677,38513.0,8,1,0,0,0,1,0,1,1,0,0,0,1,0
1678,16653.0,6,1,0,0,1,0,0,1,1,0,0,1,0,0
1679,42586.0,8,2,0,1,0,0,1,0,1,1,0,0,0,0
1680,23529.0,6,1,1,0,0,0,0,1,1,0,1,0,0,0
1681,74881.0,5,2,0,0,1,0,1,0,1,0,1,0,0,0
1682,71107.0,4,1,0,1,0,0,1,0,1,1,0,0,0,0
1683,46910.0,6,2,0,0,0,1,1,0,1,0,1,0,0,0
1684,18690.0,8,0,0,1,0,0,1,0,0,1,0,0,0,0
1685,37244.0,7,2,0,1,0,0,0,0,1,1,0,0,0,0
1686,82427.0,1,0,0,1,0,0,1,0,0,0,1,0,0,0
1687,75342.0,4,1,0,0,0,0,0,1,1,1,0,0,0,0
1688,70044.0,5,1,0,1,0,0,0,0,1,1,0,0,0,0
1689,79146.0,6,2,0,1,0,0,0,1,1,0,1,0,0,0
1690,77437.0,1,0,0,1,0,0,1,0,0,0,1,0,0,0
1691,54984.0,7,1,0,1,0,0,1,0,1,1,0,0,0,0
1692,42403.0,8,1,0,0,0,1,1,0,1,0,0,1,0,0
1693,55761.0,6,1,0,1,0,0,1,0,1,0,1,0,0,0
1694,37292.0,8,1,0,1,0,0,1,0,1,0,0,0,1,0
1695,45576.0,8,0,0,0,0,1,0,1,0,0,0,0,0,0
1696,70321.0,4,0,0,1,0,0,1,0,0,0,0,0,0,0
1697,58086.0,8,1,0,0,0,1,0,0,1,0,1,0,0,0
1698,81795.0,2,0,0,1,0,0,1,0,0,1,0,0,0,0
1699,28389.0,7,0,1,0,0,0,1,0,0,0,0,0,0,0
1700,66835.0,2,0,0,0,1,0,1,0,0,0,0,0,0,0
1701,69901.0,5,1,0,1,0,0,0,0,1,0,1,0,0,0
1702,80360.0,2,0,0,0,0,1,1,0,0,0,0,0,0,0
1703,63342.0,6,1,0,0,0,1,1,0,1,0,1,0,0,0
1704,44989.0,6,1,0,1,0,0,1,0,1,0,0,1,0,0
1705,31859.0,7,1,0,0,0,0,0,1,1,0,0,0,1,0
1706,51569.0,8,1,0,0,0,1,0,0,1,0,0,0,0,0
1707,30372.0,7,2,0,1,0,0,0,0,1,0,0,1,0,0
1708,16014.0,3,2,1,0,0,0,0,1,1,0,0,1,0,0
1709,41120.0,6,2,0,1,0,0,1,0,1,0,1,0,0,0
1710,39763.0,9,1,0,0,1,0,0,1,1,0,0,1,0,0
1711,38725.0,4,2,0,0,0,1,1,0,1,1,0,0,0,0
1712,77981.0,5,1,0,1,0,0,1,0,1,0,0,1,0,0
1713,62905.0,4,1,0,0,0,0,1,0,1,0,1,0,0,0
1714,13533.0,7,1,0,0,0,0,0,0,1,0,0,1,0,0
1715,59481.0,2,1,0,1,0,0,1,0,1,0,0,1,0,0
1716,72117.0,5,1,0,1,0,0,1,0,1,0,0,1,0,0
1717,21955.0,6,1,0,0,0,0,1,0,1,0,0,0,1,0
1718,67131.0,6,1,0,1,0,0,1,0,1,1,0,0,0,0
1719,36802.0,5,1,0,0,0,1,0,1,1,0,0,0,1,0
1720,71853.0,1,0,0,1,0,0,1,0,0,0,0,0,1,0
1721,28249.0,6,0,1,0,0,0,1,0,0,0,1,0,0,0
1722,47808.0,7,1,0,0,1,0,1,0,1,0,0,1,0,0
1723,25509.0,9,1,0,0,0,1,0,0,1,0,0,1,0,0
1724,51012.0,6,0,0,0,0,1,1,0,0,0,0,0,0,0
1725,70596.0,2,0,0,1,0,0,0,1,0,0,0,0,1,0
1726,42664.0,6,1,0,1,0,0,1,0,1,0,1,0,0,0
1727,42586.0,8,2,0,1,0,0,1,0,1,1,0,0,0,0
1728,29760.0,8,1,0,1,0,0,0,1,1,0,0,0,1,0
1729,28973.0,8,0,0,0,0,1,1,0,0,0,0,1,0,0
1730,39435.0,7,1,0,0,0,1,1,0,1,0,0,1,0,0
1731,65370.0,1,0,0,0,0,0,1,0,0,0,0,0,1,0
