,Income,NumWebVisitsMonth,TotalChild,Basic,Graduation,Master,PhD,Married,Single,1,1950,1960,1970,1980,1990,MntGoldProds,MntGroceryProducts,MntWines,TotalPurchase
0,58138.0,7,0,0,1,0,0,0,1,0,1,0,0,0,0,88,806,635,25
1,46344.0,5,2,0,1,0,0,0,1,1,1,0,0,0,0,6,9,11,6
2,71613.0,4,0,0,1,0,0,1,0,0,0,1,0,0,0,42,287,426,21
3,26646.0,6,1,0,1,0,0,1,0,1,0,0,0,1,0,5,34,11,8
4,58293.0,5,1,0,0,0,1,1,0,1,0,0,0,1,0,15,207,173,19
5,62513.0,6,1,0,0,1,0,1,0,1,0,1,0,0,0,14,140,520,22
6,55635.0,6,1,0,1,0,0,0,0,1,0,0,1,0,0,27,279,235,21
7,33454.0,8,1,0,0,0,1,1,0,1,0,0,0,1,0,23,69,76,10
8,30351.0,9,1,0,0,0,1,1,0,1,0,0,1,0,0,2,27,14,6
9,7500.0,8,0,1,0,0,0,1,0,0,0,0,1,0,0,16,38,6,6
10,63033.0,2,0,0,1,0,0,0,0,0,1,0,0,0,0,30,766,194,16
11,59354.0,6,2,0,0,1,0,0,0,1,1,0,0,0,0,14,58,233,15
12,17323.0,8,0,0,1,0,0,1,0,0,0,0,0,1,0,5,37,3,5
13,82800.0,3,0,0,0,0,1,0,1,0,0,0,0,0,0,45,196,1006,26
14,41850.0,8,2,0,1,0,0,1,0,1,0,0,0,1,0,4,26,53,9
15,37760.0,7,0,0,1,0,0,1,0,0,0,0,0,0,0,28,193,84,13
16,76995.0,5,1,0,0,1,0,1,0,1,0,0,0,0,0,176,578,1012,26
17,33812.0,6,1,0,0,0,0,0,1,1,0,0,0,1,0,39,66,4,8
18,37040.0,8,0,0,1,0,0,1,0,0,0,0,0,1,0,48,144,86,12
19,58607.0,8,1,0,0,0,1,1,0,1,0,0,0,0,0,19,86,867,17
20,65324.0,4,1,0,0,0,1,1,0,1,1,0,0,0,0,5,123,384,20
21,40689.0,8,1,0,1,0,0,1,0,1,1,0,0,0,0,99,69,270,20
22,18589.0,7,0,0,1,0,0,0,1,0,0,1,0,0,0,13,44,6,8
23,53359.0,7,2,0,1,0,0,1,0,1,0,0,1,0,0,41,37,173,14
24,38360.0,3,1,0,1,0,0,1,0,1,0,0,0,1,0,10,64,36,9
25,84618.0,2,0,0,0,0,1,1,0,0,0,1,0,0,0,0,922,684,26
26,10979.0,5,0,0,0,1,0,0,0,0,0,0,0,1,0,4,16,8,8
27,38620.0,3,0,0,0,1,0,1,0,0,0,1,0,0,0,89,95,112,11
28,40548.0,5,1,0,1,0,0,1,0,1,0,0,1,0,0,3,7,110,9
29,46610.0,6,2,0,0,0,1,0,0,1,1,0,0,0,0,43,141,96,17
30,68657.0,7,0,0,0,1,0,1,0,0,0,0,0,0,0,22,624,482,18
31,49389.0,7,2,0,0,1,0,0,1,1,1,0,0,0,0,3,21,40,6
32,67353.0,2,1,0,0,0,1,1,0,1,0,0,1,0,0,35,168,702,28
33,23718.0,7,1,0,0,0,0,1,0,1,0,0,1,0,0,36,32,6,9
34,42429.0,5,1,0,1,0,0,0,0,1,0,0,1,0,0,4,8,55,7
35,48948.0,6,0,0,0,0,1,0,0,0,0,0,0,0,0,42,374,437,24
36,80011.0,4,1,0,1,0,0,1,0,1,0,0,0,1,0,102,694,421,21
37,20559.0,8,1,0,0,1,0,1,0,1,0,0,0,1,0,7,33,13,7
38,21994.0,5,1,0,1,0,0,1,0,1,1,0,0,0,0,3,9,9,4
39,7500.0,5,1,0,0,1,0,1,0,1,0,0,1,0,0,12,14,3,8
40,79941.0,1,0,0,1,0,0,0,1,0,0,0,1,0,0,174,657,123,16
41,7500.0,9,0,0,0,0,0,1,0,0,0,0,0,0,1,50,47,3,10
42,72550.0,8,2,0,0,0,1,1,0,1,1,0,0,0,0,38,417,826,28
43,65486.0,2,1,0,1,0,0,0,0,1,1,0,0,0,0,14,181,245,17
44,79143.0,3,0,0,0,1,0,1,0,0,0,1,0,0,0,32,844,650,29
45,35790.0,7,1,0,1,0,0,0,1,1,0,0,1,0,0,3,56,12,7
46,82582.0,1,0,0,1,0,0,0,0,0,0,0,1,0,0,241,826,510,21
47,66373.0,3,2,0,1,0,0,1,0,1,0,0,1,0,0,109,145,328,23
48,82384.0,1,0,0,0,1,0,1,0,0,1,0,0,0,0,190,663,984,27
49,70287.0,3,0,0,1,0,0,0,0,0,0,1,0,0,0,40,638,295,21
50,27938.0,3,1,0,1,0,0,0,1,1,0,0,0,1,0,5,10,13,6
51,55954.0,7,1,0,0,0,1,1,0,1,0,1,0,0,0,43,28,447,19
52,75777.0,1,0,0,0,1,0,0,1,0,0,0,0,1,0,80,633,712,21
53,66653.0,3,2,0,1,0,0,1,0,1,0,0,1,0,0,6,136,452,22
54,61823.0,7,1,0,1,0,0,0,1,1,1,0,0,0,0,169,178,523,24
55,67680.0,5,1,0,0,0,1,0,0,1,1,0,0,0,0,6,48,546,19
56,70666.0,4,0,0,1,0,0,1,0,0,0,0,0,0,0,30,526,398,16
57,25721.0,7,1,0,1,0,0,1,0,1,0,0,1,0,0,15,12,1,5
58,32474.0,7,2,0,1,0,0,1,0,1,0,1,0,0,0,0,1,10,4
59,88194.0,5,1,0,0,0,0,0,1,1,0,0,1,0,0,38,524,688,32
60,69096.0,4,1,0,1,0,0,1,0,1,1,0,0,0,0,109,215,247,18
61,74854.0,5,3,0,1,0,0,1,0,1,0,0,1,0,0,73,604,856,19
62,66991.0,3,0,0,0,1,0,1,0,0,1,0,0,0,0,12,685,496,21
63,65031.0,7,1,0,1,0,0,1,0,1,1,0,0,0,0,86,482,258,30
64,60631.0,7,2,0,0,0,1,1,0,1,0,0,1,0,0,19,71,565,24
65,28332.0,2,0,0,1,0,0,1,0,0,1,0,0,0,0,9,27,14,8
66,40246.0,6,1,0,1,0,0,0,0,1,0,0,1,0,0,1,9,2,4
67,75251.0,5,0,0,0,1,0,1,0,0,0,0,1,0,0,18,1133,721,19
68,75825.0,4,0,0,1,0,0,0,1,0,0,0,1,0,0,51,1021,1032,22
69,26326.0,3,0,0,0,0,0,1,0,0,0,0,1,0,0,9,5,1,4
70,56046.0,8,0,0,1,0,0,1,0,0,0,1,0,0,0,51,64,577,21
71,29760.0,8,1,0,1,0,0,0,1,1,0,0,0,1,0,17,79,64,12
72,26304.0,7,1,0,1,0,0,1,0,1,0,1,0,0,0,4,8,4,4
73,23559.0,7,1,0,0,0,0,1,0,1,0,0,1,0,0,23,31,25,9
74,38620.0,3,0,0,0,1,0,1,0,0,0,1,0,0,0,89,95,112,11
75,81361.0,1,0,0,1,0,0,0,0,0,0,0,0,1,0,76,474,163,27
76,29440.0,7,2,0,1,0,0,1,0,1,0,1,0,0,0,3,32,17,7
77,36138.0,7,2,0,0,1,0,1,0,1,0,0,1,0,0,5,16,130,13
78,50388.0,7,1,0,1,0,0,0,1,1,1,0,0,0,0,34,43,292,17
79,79593.0,2,0,0,1,0,0,1,0,0,0,0,1,0,0,145,738,350,19
80,54178.0,2,1,0,1,0,0,1,0,1,0,1,0,0,0,7,52,135,10
81,42394.0,7,1,0,0,1,0,0,1,1,0,0,1,0,0,4,12,15,5
82,23626.0,5,1,0,0,0,1,1,0,1,0,0,1,0,0,0,16,27,10
83,30096.0,6,1,0,1,0,0,1,0,1,0,0,0,1,0,9,26,5,6
84,47916.0,6,1,0,1,0,0,0,0,1,0,1,0,0,0,75,26,505,22
85,51813.0,7,2,0,1,0,0,0,0,1,0,0,1,0,0,2,9,51,7
86,78497.0,2,0,0,0,0,0,1,0,0,1,0,0,0,0,223,548,207,25
87,50150.0,5,0,0,0,0,1,1,0,0,0,0,0,1,0,11,203,135,16
88,47823.0,8,1,0,0,0,0,0,1,1,0,1,0,0,0,10,8,53,7
89,34554.0,6,1,0,0,0,1,0,1,1,1,0,0,0,0,5,9,41,7
90,85693.0,5,1,0,1,0,0,1,0,1,0,0,1,0,0,111,540,386,27
91,65846.0,4,0,0,0,0,1,1,0,0,0,0,0,0,0,81,437,562,16
92,87195.0,1,0,0,1,0,0,1,0,0,1,0,0,0,0,38,816,217,20
93,24594.0,5,1,1,0,0,0,1,0,1,0,0,1,0,0,9,19,1,5
94,49096.0,7,2,0,1,0,0,1,0,1,0,1,0,0,0,7,35,144,13
95,52413.0,6,2,0,1,0,0,1,0,1,0,1,0,0,0,65,452,295,26
96,38557.0,7,1,0,1,0,0,0,1,1,0,0,1,0,0,27,38,76,9
97,89058.0,2,0,0,0,1,0,1,0,0,0,1,0,0,0,43,331,454,14
98,77298.0,3,1,0,1,0,0,1,0,1,0,0,1,0,0,79,430,425,24
99,68126.0,9,0,0,0,0,1,0,1,0,0,0,0,0,1,86,351,1332,17
100,57288.0,6,1,0,0,1,0,1,0,1,0,1,0,0,0,60,21,527,20
101,86037.0,3,0,0,1,0,0,0,1,0,0,0,0,0,1,22,198,490,25
102,43974.0,7,1,0,0,0,1,1,0,1,0,0,0,1,0,72,101,378,21
103,50785.0,6,2,0,1,0,0,0,1,1,0,1,0,0,0,27,22,64,8
104,90765.0,1,0,0,1,0,0,1,0,0,0,0,1,0,0,33,1062,547,15
105,36550.0,9,1,0,0,0,0,1,0,1,0,0,1,0,0,120,307,47,20
106,30753.0,5,2,0,0,0,0,1,0,1,0,1,0,0,0,30,30,12,7
107,21918.0,6,1,0,1,0,0,1,0,1,0,1,0,0,0,3,24,1,7
108,56129.0,4,1,0,0,1,0,1,0,1,1,0,0,0,0,48,220,320,22
109,32557.0,5,1,0,0,1,0,0,1,1,0,1,0,0,0,10,32,34,9
110,19510.0,7,2,0,0,1,0,1,0,1,0,0,0,1,0,7,10,9,6
111,30992.0,7,1,0,1,0,0,0,0,1,0,0,1,0,0,2,21,17,5
112,71488.0,1,0,0,0,0,0,1,0,0,0,1,0,0,0,172,197,162,16
113,79607.0,1,0,0,1,0,0,0,1,0,0,0,0,1,0,216,1257,450,16
114,54348.0,6,2,0,0,1,0,1,0,1,1,0,0,0,0,4,16,70,8
115,77376.0,4,2,0,0,0,1,1,0,1,1,0,0,0,0,12,145,492,23
116,62998.0,5,1,0,1,0,0,1,0,1,1,0,0,0,0,58,196,120,19
117,61331.0,8,2,0,0,1,0,0,1,1,1,0,0,0,0,41,52,534,23
118,73448.0,4,0,0,1,0,0,1,0,0,0,1,0,0,0,130,318,236,19
119,41551.0,8,2,0,0,0,1,1,0,1,0,1,0,0,0,23,36,220,16
120,62981.0,3,0,0,0,0,1,1,0,0,0,1,0,0,0,0,642,796,23
121,9548.0,8,1,1,0,0,0,0,0,1,0,0,1,0,0,9,14,0,6
122,33762.0,8,3,0,0,0,1,1,0,1,1,0,0,0,0,16,37,53,9
123,35860.0,5,2,0,0,0,1,0,1,1,0,0,1,0,0,20,12,15,6
124,36921.0,7,2,0,0,0,1,0,0,1,0,1,0,0,0,4,16,17,7
125,92859.0,2,0,0,0,1,0,0,1,0,0,0,0,0,1,20,1034,962,22
126,65104.0,7,1,0,0,1,0,1,0,1,0,0,1,0,0,50,245,738,17
127,86111.0,2,0,0,1,0,0,1,0,0,0,1,0,0,0,126,820,399,23
128,68352.0,6,1,0,0,0,1,0,1,1,0,0,1,0,0,33,191,614,25
129,41883.0,7,1,0,1,0,0,1,0,1,0,0,0,1,0,116,148,32,12
130,59809.0,8,2,0,1,0,0,1,0,1,0,0,1,0,0,49,189,598,15
131,23957.0,6,1,0,1,0,0,1,0,1,0,0,1,0,0,16,39,2,6
132,38547.0,8,1,0,1,0,0,1,0,1,0,0,0,1,0,4,11,6,4
133,35688.0,8,3,0,0,0,0,1,0,1,0,0,1,0,0,32,105,73,16
134,49605.0,3,0,0,0,1,0,1,0,0,0,1,0,0,0,8,57,42,8
135,59354.0,3,2,0,0,1,0,1,0,1,1,0,0,0,0,13,138,295,16
136,65747.0,6,1,0,1,0,0,1,0,1,0,1,0,0,0,13,88,346,19
137,46344.0,7,1,0,0,0,0,1,0,1,0,0,1,0,0,91,85,233,17
138,34176.0,6,1,0,1,0,0,0,1,1,0,0,0,1,0,20,50,5,11
139,61010.0,5,1,0,0,0,1,1,0,1,1,0,0,0,0,76,57,888,26
140,69372.0,4,0,0,1,0,0,1,0,0,0,0,0,0,0,42,329,997,21
141,49967.0,7,1,0,1,0,0,0,1,1,1,0,0,0,0,3,79,212,15
142,60199.0,4,3,0,1,0,0,0,1,1,0,0,1,0,0,0,10,8,4
143,55375.0,2,1,0,1,0,0,1,0,1,0,0,1,0,0,14,78,42,9
144,80317.0,1,0,0,1,0,0,0,1,0,1,0,0,0,0,57,547,536,18
145,30523.0,7,3,0,0,1,0,0,1,1,1,0,0,0,0,5,3,5,4
146,70356.0,6,0,0,0,0,1,1,0,0,0,0,0,0,0,33,308,1349,27
147,23228.0,8,1,0,1,0,0,1,0,1,0,0,0,1,0,5,59,53,11
148,74165.0,2,0,0,0,0,1,0,0,0,0,0,1,0,0,12,268,1001,20
149,43482.0,6,3,0,1,0,0,1,0,1,0,1,0,0,0,28,39,18,9
150,62551.0,3,0,0,1,0,0,0,0,0,1,0,0,0,0,27,248,125,18
151,52332.0,4,0,0,1,0,0,0,0,0,1,0,0,0,0,2,45,212,12
152,66951.0,1,0,0,1,0,0,0,1,0,0,0,0,1,0,124,640,277,15
153,26091.0,5,2,0,1,0,0,1,0,1,1,0,0,0,0,20,37,15,9
154,33456.0,7,2,0,1,0,0,1,0,1,0,1,0,0,0,7,21,7,6
155,28718.0,8,1,0,1,0,0,1,0,1,0,0,0,1,0,16,21,12,7
156,50447.0,6,2,0,1,0,0,1,0,1,0,0,1,0,0,27,33,85,8
157,53537.0,5,2,0,0,0,1,1,0,1,1,0,0,0,0,6,6,81,8
158,52074.0,4,1,0,1,0,0,0,1,1,0,1,0,0,0,48,12,59,7
159,80427.0,5,1,0,0,0,1,1,0,1,0,0,1,0,0,26,589,1149,28
160,83837.0,4,0,0,0,0,1,1,0,0,0,0,0,0,0,111,271,847,25
161,38853.0,7,2,0,0,0,1,1,0,1,0,0,1,0,0,2,14,29,7
162,38285.0,2,3,0,1,0,0,1,0,1,1,0,0,0,0,1,7,2,4
163,78497.0,2,0,0,0,0,0,1,0,0,1,0,0,0,0,223,548,207,25
164,51650.0,5,1,0,0,0,1,1,0,1,0,0,1,0,0,7,27,152,10
165,16248.0,6,1,0,0,0,0,1,0,1,0,0,0,1,0,9,24,12,9
166,66835.0,2,0,0,0,1,0,1,0,0,0,0,0,0,0,141,255,620,24
167,30477.0,6,1,0,0,1,0,1,0,1,0,0,0,1,0,12,7,47,6
168,28249.0,6,0,1,0,0,0,1,0,0,0,1,0,0,0,10,18,1,6
169,25271.0,9,1,0,1,0,0,1,0,1,0,0,0,1,0,7,29,10,5
170,32303.0,5,1,0,0,0,1,0,1,1,0,0,1,0,0,2,2,35,7
171,61286.0,5,1,0,1,0,0,1,0,1,0,1,0,0,0,117,126,356,18
172,74068.0,2,0,0,1,0,0,1,0,0,0,0,1,0,0,15,707,783,24
173,45759.0,7,2,0,0,0,1,1,0,1,0,1,0,0,0,4,22,42,7
174,24882.0,6,1,1,0,0,0,1,0,1,0,0,1,0,0,36,43,1,5
175,66973.0,3,0,0,0,0,1,1,0,0,0,0,0,1,0,102,601,466,28
176,38872.0,8,1,0,1,0,0,1,0,1,0,0,0,1,0,22,27,23,8
177,51148.0,6,2,0,1,0,0,1,0,1,0,0,1,0,0,12,59,235,16
178,31353.0,8,2,0,1,0,0,1,0,1,0,0,1,0,0,7,13,10,6
179,69661.0,3,0,0,0,1,0,1,0,0,0,0,0,1,0,8,154,656,23
180,80067.0,2,0,0,1,0,0,1,0,0,1,0,0,0,0,51,857,519,17
181,86718.0,2,0,0,1,0,0,1,0,0,1,0,0,0,0,172,721,344,17
182,46854.0,8,2,0,0,0,1,0,1,1,0,0,1,0,0,79,87,96,15
183,69142.0,5,1,0,1,0,0,0,0,1,1,0,0,0,0,39,44,448,19
184,75922.0,1,0,0,1,0,0,0,1,0,0,1,0,0,0,92,915,265,18
185,63693.0,6,1,0,1,0,0,0,0,1,0,0,1,0,0,54,422,587,29
186,40637.0,7,2,0,0,0,1,0,1,1,0,1,0,0,0,3,13,22,6
187,18890.0,6,0,0,0,1,0,0,1,0,0,0,0,1,0,15,12,6,4
188,29604.0,9,1,0,1,0,0,1,0,1,0,0,0,1,0,14,26,7,5
189,48721.0,6,2,0,0,1,0,0,0,1,0,1,0,0,0,21,178,81,17
190,44794.0,6,1,0,1,0,0,1,0,1,0,1,0,0,0,4,7,54,6
191,64497.0,8,1,0,1,0,0,0,0,1,1,0,0,0,0,192,410,1170,29
192,46097.0,4,1,0,1,0,0,1,0,1,1,0,0,0,0,8,157,72,15
193,77972.0,1,0,0,1,0,0,1,0,0,1,0,0,0,0,12,374,613,20
194,44377.0,8,2,0,0,0,1,1,0,1,0,1,0,0,0,10,30,224,19
195,46014.0,7,2,0,0,1,0,1,0,1,0,0,1,0,0,44,78,410,26
196,70951.0,1,0,0,1,0,0,1,0,0,0,0,0,1,0,54,818,239,17
197,41443.0,8,1,0,1,0,0,1,0,1,0,0,1,0,0,89,203,171,20
198,52195.0,8,3,0,0,0,0,0,1,1,0,0,1,0,0,1,4,12,4
199,83790.0,3,0,0,0,1,0,1,0,0,0,0,0,0,0,16,475,1076,25
200,44551.0,7,1,0,0,1,0,0,0,1,1,0,0,0,0,66,37,182,12
201,69508.0,6,1,0,1,0,0,1,0,1,0,0,0,1,0,43,236,824,28
202,45204.0,3,1,0,0,0,0,1,0,1,0,0,0,1,0,18,65,30,7
203,72460.0,1,0,0,1,0,0,1,0,0,0,1,0,0,0,10,630,377,16
204,77622.0,3,2,0,0,0,1,1,0,1,0,0,1,0,0,14,180,520,22
205,30732.0,8,1,0,0,0,1,1,0,1,0,0,0,1,0,3,26,155,13
206,63887.0,6,1,0,1,0,0,0,0,1,0,1,0,0,0,92,245,897,32
207,42011.0,8,1,0,1,0,0,1,0,1,0,0,1,0,0,39,18,131,12
208,51369.0,8,1,0,1,0,0,1,0,1,0,0,1,0,0,182,86,297,16
209,51537.0,8,1,0,1,0,0,0,0,1,1,0,0,0,0,92,224,787,18
210,79930.0,2,0,0,0,0,1,1,0,0,0,0,1,0,0,17,893,792,17
211,34320.0,8,1,0,0,0,1,1,0,1,0,0,0,1,0,0,13,4,4
212,37070.0,7,2,0,1,0,0,0,1,1,0,1,0,0,0,39,148,231,23
213,81975.0,7,1,0,0,0,0,0,0,1,0,1,0,0,0,27,440,983,14
214,38590.0,8,1,0,1,0,0,1,0,1,0,0,1,0,0,3,13,3,4
215,15033.0,3,0,0,1,0,0,0,1,0,1,0,0,0,0,4,15,0,5
216,62745.0,5,1,0,0,0,1,1,0,1,0,1,0,0,0,32,513,562,29
217,22212.0,6,1,0,0,0,0,1,0,1,0,0,1,0,0,21,35,5,8
218,23661.0,7,1,0,0,1,0,1,0,1,0,0,0,1,0,1,4,18,5
219,79761.0,3,1,0,0,0,1,0,1,1,1,0,0,0,0,11,144,415,19
220,7500.0,7,1,0,1,0,0,0,1,1,0,0,1,0,0,20,25,5,11
221,73455.0,3,0,0,1,0,0,0,0,0,0,1,0,0,0,20,1004,901,22
222,64961.0,3,1,0,1,0,0,1,0,1,1,0,0,0,0,38,465,382,16
223,22804.0,9,1,0,1,0,0,0,1,1,0,0,1,0,0,1,10,14,5
224,73687.0,2,0,0,1,0,0,1,0,0,0,0,0,0,1,181,874,559,22
225,61074.0,7,1,0,1,0,0,1,0,1,1,0,0,0,0,152,133,789,31
226,31686.0,6,2,0,0,0,1,1,0,1,0,1,0,0,0,1,5,11,6
227,80134.0,6,1,0,1,0,0,1,0,1,0,0,1,0,0,80,392,1218,16
228,75027.0,5,1,0,1,0,0,1,0,1,1,0,0,0,0,77,376,925,21
229,67546.0,3,0,0,0,0,1,1,0,0,0,0,0,1,0,172,1052,864,20
230,65176.0,6,1,0,0,1,0,1,0,1,0,1,0,0,0,70,431,960,25
231,31160.0,8,1,0,0,1,0,0,1,1,0,0,1,0,0,13,34,16,7
232,29938.0,6,1,0,1,0,0,0,1,1,0,0,0,1,0,11,10,3,6
233,26490.0,6,0,0,0,0,0,1,0,0,1,0,0,0,0,25,120,45,11
234,75702.0,8,2,0,1,0,0,1,0,1,0,1,0,0,0,30,426,650,26
235,30899.0,6,1,0,0,0,1,0,1,1,0,0,1,0,0,1,8,24,6
236,63342.0,6,1,0,0,0,1,1,0,1,0,1,0,0,0,21,152,918,19
237,45989.0,3,1,0,1,0,0,0,1,1,0,1,0,0,0,12,148,138,16
238,18701.0,5,2,0,1,0,0,0,1,1,0,1,0,0,0,10,16,12,10
239,40737.0,8,3,0,0,0,1,0,1,1,1,0,0,0,0,2,4,11,4
240,15287.0,7,1,0,1,0,0,0,0,1,0,0,1,0,0,13,14,1,6
241,69674.0,5,2,0,0,0,1,0,0,1,0,1,0,0,0,24,267,554,25
242,44159.0,5,1,0,0,1,0,1,0,1,0,0,1,0,0,7,88,167,15
243,37717.0,9,1,0,0,0,1,1,0,1,0,0,1,0,0,5,10,9,4
244,43776.0,8,2,0,0,1,0,1,0,1,1,0,0,0,0,20,76,177,17
245,38179.0,7,2,0,0,1,0,1,0,1,0,1,0,0,0,20,30,38,11
246,80124.0,1,0,0,1,0,0,1,0,0,0,1,0,0,0,241,687,483,19
247,38097.0,7,2,0,0,0,1,1,0,1,0,0,1,0,0,69,37,77,11
248,72940.0,1,0,0,1,0,0,1,0,0,0,0,1,0,0,116,534,182,13
249,22070.0,6,1,0,1,0,0,1,0,1,0,0,1,0,0,21,34,10,8
250,69267.0,7,0,0,1,0,0,0,1,0,1,0,0,0,0,146,638,778,14
251,31788.0,5,1,0,0,1,0,0,1,1,0,0,0,1,0,6,30,16,10
252,61905.0,5,1,0,0,0,1,1,0,1,0,0,1,0,0,13,49,167,12
253,29315.0,6,2,0,1,0,0,1,0,1,0,1,0,0,0,4,24,13,10
254,33378.0,7,2,0,1,0,0,0,0,1,0,1,0,0,0,10,49,33,9
255,66313.0,4,1,0,0,0,1,1,0,1,0,1,0,0,0,7,116,625,23
256,60714.0,5,0,0,1,0,0,0,1,0,1,0,0,0,0,162,487,216,23
257,77882.0,1,0,0,0,1,0,1,0,0,0,0,0,1,0,15,713,68,12
258,69867.0,1,0,0,0,0,1,0,1,0,0,0,0,1,0,54,545,196,17
259,63841.0,6,1,0,0,1,0,0,0,1,0,1,0,0,0,131,135,635,22
260,24480.0,7,1,1,0,0,0,1,0,1,0,0,0,1,0,17,56,4,10
261,51369.0,8,1,0,1,0,0,1,0,1,0,0,1,0,0,182,86,297,16
262,37760.0,7,0,0,1,0,0,1,0,0,0,0,0,0,0,28,193,84,13
263,65640.0,2,1,0,0,0,1,1,0,1,0,0,1,0,0,66,176,204,15
264,44319.0,5,2,0,0,1,0,1,0,1,0,0,1,0,0,3,8,26,7
265,30631.0,7,1,0,1,0,0,1,0,1,0,0,1,0,0,20,30,15,7
266,75278.0,3,0,0,1,0,0,1,0,0,1,0,0,0,0,74,478,304,23
267,50898.0,5,2,0,0,1,0,1,0,1,1,0,0,0,0,135,325,285,33
268,79946.0,3,0,0,1,0,0,0,0,0,0,1,0,0,0,28,914,395,22
269,35416.0,8,0,0,0,1,0,0,0,0,0,0,0,0,0,51,88,248,16
270,32414.0,7,0,0,0,0,0,1,0,0,0,0,0,1,0,12,11,20,5
271,38361.0,7,1,0,1,0,0,1,0,1,0,1,0,0,0,14,76,39,10
272,82497.0,4,0,0,1,0,0,1,0,0,0,0,0,1,0,203,918,777,19
273,16626.0,9,2,0,1,0,0,1,0,1,0,0,1,0,0,13,46,8,9
274,29672.0,6,2,0,1,0,0,1,0,1,0,1,0,0,0,8,4,9,4
275,55951.0,8,1,0,0,1,0,1,0,1,1,0,0,0,0,40,80,1241,23
276,35388.0,7,1,0,0,0,0,0,0,1,0,0,0,1,0,8,15,6,5
277,42386.0,8,1,0,0,1,0,1,0,1,0,0,0,1,0,11,20,65,7
278,68627.0,1,0,0,1,0,0,0,1,0,0,0,0,1,0,38,338,395,12
279,57912.0,5,1,0,0,0,1,0,0,1,0,1,0,0,0,35,80,801,28
280,35246.0,5,2,0,1,0,0,0,0,1,1,0,0,0,0,10,14,36,11
281,58821.0,6,1,0,0,0,0,1,0,1,1,0,0,0,0,28,187,513,21
282,46377.0,4,1,0,0,0,1,1,0,1,0,0,1,0,0,0,50,37,7
283,39747.0,8,1,0,1,0,0,0,1,1,0,0,0,1,0,52,128,80,13
284,23976.0,7,1,0,1,0,0,1,0,1,0,0,0,1,0,25,24,14,10
285,80950.0,2,0,0,0,1,0,1,0,0,0,1,0,0,0,63,478,525,23
286,27038.0,9,0,0,1,0,0,0,0,0,0,1,0,0,0,15,68,1,7
287,77457.0,1,0,0,1,0,0,0,1,0,0,0,0,0,0,11,426,675,18
288,64100.0,7,1,0,0,1,0,1,0,1,0,1,0,0,0,10,27,509,18
289,42670.0,4,0,0,0,1,0,1,0,0,0,0,0,0,1,15,68,154,11
290,12571.0,6,1,0,1,0,0,0,0,1,0,0,1,0,0,17,21,3,11
291,22574.0,7,3,0,1,0,0,1,0,1,0,1,0,0,0,2,10,25,7
292,70893.0,3,0,0,0,1,0,0,1,0,0,0,1,0,0,14,682,768,23
293,54198.0,4,2,0,1,0,0,1,0,1,0,1,0,0,0,17,31,185,16
294,28839.0,5,2,0,0,1,0,1,0,1,1,0,0,0,0,1,7,24,7
295,40321.0,7,2,0,1,0,0,1,0,1,0,0,1,0,0,27,31,44,8
296,66503.0,3,1,0,1,0,0,0,1,1,0,0,0,1,0,50,257,91,15
297,30833.0,5,2,0,1,0,0,1,0,1,1,0,0,0,0,6,10,11,6
298,64795.0,2,1,0,1,0,0,1,0,1,0,0,1,0,0,77,162,412,21
299,34421.0,7,1,0,1,0,0,1,0,1,0,0,1,0,0,9,16,3,4
300,47025.0,7,2,0,0,0,1,0,0,1,0,1,0,0,0,1,3,16,4
301,64325.0,7,1,0,0,0,1,0,0,1,0,1,0,0,0,73,491,731,23
302,40464.0,8,1,0,1,0,0,0,1,1,1,0,0,0,0,41,142,424,24
303,62187.0,3,0,0,1,0,0,1,0,0,1,0,0,0,0,126,320,792,18
304,14849.0,8,1,0,0,0,1,0,0,1,0,0,1,0,0,9,33,21,9
305,27255.0,7,1,0,1,0,0,1,0,1,0,0,0,1,0,2,12,22,5
306,54432.0,4,3,0,0,0,1,1,0,1,1,0,0,0,0,0,5,33,5
307,29999.0,8,1,0,0,0,1,0,1,1,0,0,0,1,0,11,76,68,12
308,24072.0,8,1,0,1,0,0,0,1,1,0,0,0,1,0,4,10,9,4
309,33996.0,4,0,0,0,0,1,0,1,0,0,0,0,1,0,6,25,40,6
310,66334.0,5,1,0,0,0,1,1,0,1,1,0,0,0,0,23,229,909,19
311,35178.0,7,1,0,0,1,0,1,0,1,0,0,1,0,0,18,16,23,5
312,22010.0,8,1,0,1,0,0,1,0,1,0,0,0,1,0,8,14,11,7
313,62204.0,3,2,0,1,0,0,0,0,1,0,1,0,0,0,139,444,317,22
314,75693.0,4,0,0,1,0,0,0,0,0,0,1,0,0,0,30,518,797,22
315,30675.0,8,1,0,1,0,0,1,0,1,0,0,1,0,0,21,29,10,5
316,83003.0,3,0,0,1,0,0,1,0,0,0,1,0,0,0,122,671,856,22
317,68655.0,3,0,0,1,0,0,0,1,0,0,0,0,1,0,38,926,456,21
318,41411.0,6,0,0,1,0,0,0,0,0,0,0,0,1,0,18,81,37,8
319,55212.0,8,1,0,0,0,1,1,0,1,0,1,0,0,0,34,45,1103,20
320,59292.0,3,1,0,0,0,1,1,0,1,1,0,0,0,0,14,101,378,18
321,27190.0,8,1,1,0,0,0,1,0,1,0,0,1,0,0,3,13,1,4
322,82623.0,1,0,0,1,0,0,0,0,0,1,0,0,0,0,173,410,204,16
323,44300.0,6,2,0,1,0,0,1,0,1,0,1,0,0,0,3,9,30,6
324,84835.0,1,0,0,1,0,0,0,0,0,0,0,1,0,0,218,594,189,15
325,30372.0,7,2,0,1,0,0,0,0,1,0,0,1,0,0,7,19,15,8
326,33181.0,6,1,0,0,1,0,1,0,1,0,0,1,0,0,4,3,9,4
327,71113.0,4,1,0,1,0,0,1,0,1,1,0,0,0,0,8,299,495,26
328,71952.0,4,1,0,1,0,0,1,0,1,0,0,0,1,0,93,587,656,22
329,69759.0,3,0,0,0,0,1,0,1,0,0,1,0,0,0,0,547,452,18
330,72099.0,1,0,0,1,0,0,1,0,0,0,0,1,0,0,22,620,546,18
331,60000.0,6,1,0,0,0,1,0,1,1,0,0,1,0,0,12,217,1048,24
332,38643.0,7,2,0,1,0,0,0,1,1,0,0,1,0,0,10,16,22,7
333,50737.0,6,1,0,1,0,0,1,0,1,1,0,0,0,0,10,11,78,7
334,68462.0,1,0,0,0,0,1,1,0,0,0,1,0,0,0,48,933,561,15
335,65073.0,2,0,0,0,1,0,1,0,0,0,0,0,0,0,8,263,629,14
336,46681.0,5,2,0,0,0,1,1,0,1,0,0,0,0,0,38,99,269,16
337,78618.0,2,0,0,1,0,0,1,0,0,1,0,0,0,0,61,1193,736,22
338,62187.0,4,1,0,0,0,1,0,0,1,0,1,0,0,0,41,83,512,21
339,28442.0,4,2,0,1,0,0,1,0,1,0,0,1,0,0,6,24,19,10
340,37717.0,9,1,0,0,0,1,1,0,1,0,0,1,0,0,5,10,9,4
341,51479.0,7,2,0,1,0,0,1,0,1,0,1,0,0,0,65,174,247,22
342,54803.0,4,1,0,1,0,0,0,1,1,0,1,0,0,0,142,120,404,19
343,79530.0,2,0,0,1,0,0,1,0,0,0,1,0,0,0,29,944,333,26
344,31615.0,7,1,0,1,0,0,0,0,1,0,0,1,0,0,9,29,2,7
345,72025.0,3,0,0,1,0,0,1,0,0,0,1,0,0,0,233,733,833,16
346,52614.0,8,1,0,0,0,1,0,1,1,0,0,1,0,0,38,154,789,16
347,35684.0,6,1,0,0,0,0,1,0,1,0,0,0,1,0,3,11,10,5
348,48178.0,8,2,0,1,0,0,1,0,1,0,0,1,0,0,38,55,159,16
349,29548.0,4,1,0,0,1,0,0,1,1,0,0,1,0,0,11,10,7,5
350,63810.0,8,1,0,1,0,0,0,1,1,0,1,0,0,0,101,281,977,23
351,38578.0,8,2,0,0,0,1,0,1,1,0,0,1,0,0,3,29,38,9
352,46098.0,8,2,0,0,1,0,0,1,1,0,0,1,0,0,36,27,57,11
353,22585.0,9,0,0,1,0,0,0,1,0,0,0,1,0,0,39,37,3,5
354,30279.0,8,1,0,1,0,0,0,1,1,0,0,0,1,0,1,22,10,5
355,66426.0,6,1,0,0,0,1,1,0,1,0,1,0,0,0,157,153,1043,20
356,30822.0,7,1,0,1,0,0,0,1,1,0,1,0,0,0,12,24,3,5
357,33581.0,8,2,0,0,0,1,1,0,1,0,1,0,0,0,1,5,11,4
358,19986.0,7,1,0,1,0,0,1,0,1,0,0,0,1,0,6,11,3,4
359,27421.0,7,0,0,1,0,0,0,0,0,1,0,0,0,0,55,186,43,14
360,35688.0,8,3,0,0,0,0,1,0,1,0,0,1,0,0,32,105,73,16
361,36143.0,3,1,0,0,1,0,0,1,1,0,0,0,1,0,6,1,12,4
362,10245.0,5,1,0,1,0,0,0,1,1,0,0,1,0,0,13,20,4,8
363,43795.0,7,1,0,0,1,0,1,0,1,0,1,0,0,0,107,68,314,17
364,63381.0,2,1,0,1,0,0,1,0,1,0,1,0,0,0,159,225,571,26
365,38823.0,6,1,0,1,0,0,1,0,1,0,0,0,0,0,23,13,70,7
366,83664.0,5,2,0,0,0,1,0,0,1,0,1,0,0,0,86,200,866,19
367,90300.0,1,0,0,1,0,0,1,0,0,0,0,1,0,0,57,953,594,19
368,62499.0,4,1,0,0,1,0,1,0,1,0,0,1,0,0,4,65,140,12
369,74293.0,2,0,0,1,0,0,0,1,0,0,0,0,0,1,81,580,375,16
370,51012.0,6,0,0,0,0,1,1,0,0,0,0,0,0,0,24,74,102,10
371,70777.0,3,1,0,0,1,0,1,0,1,0,1,0,0,0,78,148,554,23
372,68682.0,2,0,0,0,0,1,1,0,0,0,0,0,0,1,45,604,919,24
373,43824.0,8,2,0,1,0,0,1,0,1,0,0,1,0,0,32,55,96,12
374,15345.0,8,1,0,1,0,0,1,0,1,0,0,0,1,0,19,21,5,6
375,23442.0,7,1,0,1,0,0,0,1,1,0,0,0,1,0,5,14,2,5
376,14515.0,7,1,0,0,0,0,1,0,1,0,0,0,1,0,35,19,6,11
377,31395.0,6,2,0,0,0,0,0,0,1,1,0,0,0,0,7,26,23,10
378,75276.0,5,0,0,1,0,0,1,0,0,0,1,0,0,0,21,367,610,23
379,42373.0,5,2,0,1,0,0,0,1,1,0,0,1,0,0,19,69,67,13
380,30507.0,7,0,0,1,0,0,1,0,0,0,1,0,0,0,110,148,65,11
381,55521.0,7,3,0,0,0,1,0,1,1,1,0,0,0,0,4,26,416,24
382,48006.0,6,2,0,1,0,0,1,0,1,0,1,0,0,0,2,14,23,5
383,27213.0,8,1,0,0,0,1,0,1,1,0,0,1,0,0,3,39,19,9
384,65808.0,6,2,0,0,0,1,0,0,1,0,0,1,0,0,10,100,155,14
385,30351.0,9,1,0,0,0,1,1,0,1,0,0,1,0,0,2,27,14,6
386,50437.0,7,2,0,1,0,0,1,0,1,0,1,0,0,0,4,107,370,19
387,23616.0,8,1,0,0,0,0,0,1,1,0,0,0,1,0,32,36,4,8
388,53858.0,4,1,0,1,0,0,1,0,1,0,0,1,0,0,26,332,407,17
389,66465.0,6,1,0,0,0,1,1,0,1,1,0,0,0,0,14,242,1200,35
390,46923.0,7,1,0,1,0,0,0,1,1,0,0,0,1,0,6,200,85,16
391,75072.0,3,1,0,1,0,0,1,0,1,0,1,0,0,0,125,343,583,19
392,75865.0,1,0,0,0,0,1,1,0,0,0,0,0,0,0,12,747,483,19
393,19789.0,5,1,0,0,0,0,1,0,1,0,0,1,0,0,28,42,2,9
394,80134.0,5,0,0,1,0,0,1,0,0,0,0,0,0,1,26,360,966,21
395,91065.0,3,0,0,1,0,0,0,1,0,0,0,0,1,0,114,401,822,26
396,49505.0,8,2,0,0,1,0,1,0,1,0,0,1,0,0,28,119,604,29
397,37401.0,7,1,0,0,0,1,1,0,1,0,0,1,0,0,3,25,19,7
398,30096.0,6,1,0,1,0,0,1,0,1,0,0,0,1,0,9,26,5,6
399,18492.0,8,1,0,0,1,0,1,0,1,0,0,0,1,0,1,6,2,4
400,82584.0,1,0,0,0,1,0,1,0,0,0,0,1,0,0,68,200,1076,16
401,93027.0,2,0,0,0,0,1,1,0,0,0,0,0,0,0,21,813,1285,22
402,48686.0,8,3,0,1,0,0,1,0,1,1,0,0,0,0,1,9,10,4
403,92910.0,1,0,0,1,0,0,1,0,0,0,0,0,1,0,33,1108,551,27
404,75433.0,6,1,0,1,0,0,1,0,1,0,0,0,1,0,57,297,800,19
405,10404.0,5,1,0,0,0,0,1,0,1,0,0,0,1,0,12,23,2,7
406,61314.0,3,1,0,1,0,0,1,0,1,0,1,0,0,0,172,286,378,24
407,84865.0,4,0,0,0,0,1,0,1,0,0,1,0,0,0,16,408,1248,16
408,42387.0,8,1,0,1,0,0,1,0,1,0,0,0,1,0,191,254,235,21
409,67309.0,7,2,0,0,0,0,1,0,1,0,1,0,0,0,95,377,515,39
410,75236.0,4,1,0,1,0,0,1,0,1,0,1,0,0,0,114,478,438,25
411,30015.0,5,1,0,1,0,0,0,1,1,0,0,1,0,0,5,24,25,7
412,50943.0,5,1,0,0,1,0,1,0,1,1,0,0,0,0,6,9,31,5
413,67272.0,5,1,0,1,0,0,0,0,1,0,1,0,0,0,14,334,357,23
414,51529.0,8,1,0,0,1,0,0,0,1,0,0,0,0,0,22,45,400,17
415,32011.0,7,1,0,0,0,1,1,0,1,0,0,1,0,0,5,17,99,10
416,7500.0,8,1,0,0,0,0,1,0,1,0,0,0,1,0,9,20,1,7
417,28691.0,8,1,0,1,0,0,1,0,1,0,0,0,1,0,4,25,5,5
418,56223.0,4,1,0,0,0,1,1,0,1,0,0,0,0,0,4,75,77,10
419,18100.0,5,0,0,1,0,0,1,0,0,0,0,0,0,0,1,7,3,4
420,30279.0,8,1,0,1,0,0,0,1,1,0,0,0,1,0,1,22,10,5
421,20130.0,8,0,0,0,0,0,1,0,0,0,0,1,0,0,12,16,0,5
422,23295.0,8,0,0,1,0,0,0,0,0,1,0,0,0,0,5,3,0,4
423,42618.0,8,1,0,0,1,0,0,0,1,0,0,1,0,0,10,101,76,11
424,81246.0,1,0,0,1,0,0,0,1,0,0,1,0,0,0,37,788,398,17
425,24027.0,8,1,0,1,0,0,1,0,1,0,0,1,0,0,5,29,14,7
426,55707.0,3,1,0,0,0,1,1,0,1,1,0,0,0,0,35,119,208,16
427,57959.0,3,1,0,1,0,0,0,1,1,1,0,0,0,0,33,381,430,27
428,56796.0,7,1,0,1,0,0,1,0,1,0,1,0,0,0,37,261,656,27
429,36230.0,5,1,0,0,1,0,0,1,1,0,0,1,0,0,3,40,14,7
430,70829.0,3,2,0,0,0,0,1,0,1,0,0,0,1,0,23,248,141,16
431,65991.0,7,1,0,1,0,0,1,0,1,0,0,1,0,0,9,408,507,27
432,38988.0,8,3,0,1,0,0,1,0,1,0,0,1,0,0,42,139,164,19
433,89572.0,4,0,0,0,0,0,0,1,0,0,1,0,0,0,64,1195,606,24
434,42207.0,6,1,0,0,1,0,1,0,1,0,0,0,1,0,46,86,116,14
435,50300.0,2,1,0,1,0,0,1,0,1,1,0,0,0,0,5,99,143,13
436,66664.0,3,0,0,0,0,0,1,0,0,0,0,0,1,0,32,763,398,19
437,60597.0,7,1,0,1,0,0,1,0,1,0,1,0,0,0,66,289,522,16
438,70165.0,1,0,0,1,0,0,0,0,0,0,0,0,0,0,122,452,161,22
439,50520.0,6,1,0,0,0,1,0,0,1,1,0,0,0,0,14,8,112,9
440,80124.0,1,0,0,1,0,0,1,0,0,0,1,0,0,0,241,687,483,19
441,33183.0,7,1,0,1,0,0,1,0,1,0,0,1,0,0,37,61,7,9
442,66582.0,1,0,0,0,0,1,0,1,0,0,1,0,0,0,0,461,789,20
443,75261.0,2,0,0,0,0,1,1,0,0,1,0,0,0,0,17,453,1239,17
444,31880.0,8,1,0,1,0,0,0,0,1,0,0,1,0,0,3,8,4,4
445,53790.0,6,2,0,1,0,0,1,0,1,1,0,0,0,0,5,197,335,20
446,49269.0,7,1,0,0,0,1,1,0,1,0,0,1,0,0,58,185,639,25
447,61456.0,4,1,0,1,0,0,1,0,1,0,0,1,0,0,89,544,563,33
448,37406.0,8,1,0,1,0,0,1,0,1,0,0,0,1,0,3,10,2,4
449,56937.0,6,1,0,0,0,1,1,0,1,0,0,0,1,0,8,144,746,30
450,38415.0,7,2,0,1,0,0,1,0,1,0,0,1,0,0,4,18,22,6
451,20518.0,5,1,0,1,0,0,0,1,1,0,0,0,1,0,9,11,4,5
452,62503.0,5,1,0,1,0,0,1,0,1,1,0,0,0,0,117,303,478,26
453,41644.0,3,2,0,0,0,1,0,1,1,0,0,1,0,0,2,9,20,6
454,55842.0,5,1,0,0,1,0,1,0,1,0,0,1,0,0,24,39,451,17
455,62010.0,5,1,0,0,0,1,1,0,1,0,0,1,0,0,92,67,371,19
456,41124.0,8,1,0,1,0,0,1,0,1,0,0,1,0,0,119,106,281,21
457,38961.0,7,1,0,0,1,0,1,0,1,0,0,1,0,0,24,26,19,6
458,37760.0,6,1,0,0,1,0,0,0,1,0,0,1,0,0,0,18,26,6
459,32233.0,9,1,0,1,0,0,0,1,1,0,0,1,0,0,72,75,138,12
460,43057.0,5,1,0,1,0,0,1,0,1,0,0,1,0,0,5,46,213,15
461,83151.0,3,0,0,0,1,0,1,0,0,0,1,0,0,0,18,248,407,19
462,78825.0,3,0,0,0,0,1,0,0,0,0,1,0,0,0,18,357,483,29
463,65104.0,7,1,0,0,1,0,1,0,1,0,0,1,0,0,50,245,738,17
464,60093.0,6,1,0,1,0,0,1,0,1,0,0,1,0,0,90,137,502,21
465,14045.0,7,1,0,1,0,0,1,0,1,0,1,0,0,0,1,7,11,5
466,28457.0,8,0,0,0,0,0,0,0,0,1,0,0,0,0,14,138,24,10
467,78952.0,6,1,0,0,0,1,1,0,1,1,0,0,0,0,134,712,1170,21
468,46310.0,8,1,0,1,0,0,0,0,1,0,0,1,0,0,14,105,185,14
469,76005.0,6,0,0,1,0,0,1,0,0,1,0,0,0,0,40,649,983,22
470,58308.0,8,1,0,0,1,0,0,1,1,0,1,0,0,0,130,79,691,15
471,55614.0,7,0,0,0,0,1,0,0,0,0,0,0,0,0,26,152,504,20
472,59432.0,5,1,0,0,1,0,0,0,1,0,1,0,0,0,12,315,317,22
473,55563.0,3,1,0,1,0,0,0,0,1,0,0,1,0,0,2,12,29,6
474,78642.0,6,1,0,0,0,1,1,0,1,0,0,1,0,0,17,368,1396,18
475,67911.0,3,1,0,0,0,1,1,0,1,0,0,0,0,0,0,419,529,27
476,65275.0,2,0,0,1,0,0,1,0,0,0,0,0,0,0,21,323,388,21
477,27203.0,8,2,0,1,0,0,1,0,1,1,0,0,0,0,24,27,13,6
478,48330.0,5,1,0,0,1,0,1,0,1,0,1,0,0,0,0,4,28,5
479,24279.0,8,0,1,0,0,0,1,0,0,0,0,0,0,1,108,77,16,9
480,64355.0,8,1,0,0,0,1,1,0,1,0,0,0,1,0,153,207,1047,21
481,50943.0,5,1,0,0,1,0,1,0,1,1,0,0,0,0,6,9,31,5
482,53653.0,6,0,0,1,0,0,0,0,0,1,0,0,0,0,108,277,815,28
483,65665.0,3,1,0,1,0,0,1,0,1,0,0,1,0,0,29,655,225,24
484,81217.0,1,0,0,1,0,0,0,1,0,0,0,0,1,0,84,540,493,22
485,34935.0,7,0,0,1,0,0,1,0,0,0,0,0,0,1,20,73,34,8
486,61250.0,5,1,0,1,0,0,0,0,1,1,0,0,0,0,59,263,382,25
487,39665.0,7,1,0,0,0,1,1,0,1,0,0,0,1,0,31,57,127,12
488,60152.0,3,1,0,1,0,0,0,1,1,0,0,1,0,0,91,469,325,23
489,48920.0,7,2,0,1,0,0,1,0,1,0,1,0,0,0,6,93,238,16
490,89120.0,1,0,0,0,1,0,1,0,0,1,0,0,0,0,55,572,1168,19
491,44124.0,8,1,0,0,0,1,1,0,1,0,0,0,0,0,52,55,284,17
492,81169.0,2,0,0,0,1,0,0,1,0,0,0,1,0,0,27,713,1288,22
493,36443.0,8,2,0,1,0,0,1,0,1,0,1,0,0,0,20,50,65,11
494,26095.0,7,1,0,1,0,0,0,1,1,0,0,0,0,1,11,19,11,5
495,71367.0,2,0,0,1,0,0,1,0,0,1,0,0,0,0,75,454,227,17
496,80184.0,3,0,0,0,1,0,1,0,0,0,0,0,0,0,0,829,1035,20
497,30630.0,7,2,0,1,0,0,0,0,1,0,1,0,0,0,10,15,27,7
498,73454.0,5,0,0,0,1,0,0,1,0,0,0,0,1,0,175,480,982,13
499,42691.0,5,0,0,1,0,0,1,0,0,0,0,0,0,1,58,104,179,13
500,70503.0,6,0,0,1,0,0,1,0,0,1,0,0,0,0,66,249,1379,16
501,25545.0,6,1,0,1,0,0,1,0,1,0,0,0,1,0,85,81,32,10
502,32880.0,8,1,0,1,0,0,1,0,1,0,0,0,1,0,2,26,8,5
503,77863.0,2,0,0,0,0,1,1,0,0,1,0,0,0,0,12,373,881,20
504,50353.0,3,0,0,0,1,0,1,0,0,0,0,1,0,0,35,235,141,15
505,61839.0,8,0,0,1,0,0,0,1,0,0,1,0,0,0,120,758,1000,17
506,49154.0,6,2,0,0,0,1,1,0,1,0,1,0,0,0,71,107,206,19
507,47682.0,5,1,0,0,0,0,0,0,1,0,0,1,0,0,61,241,162,19
508,72679.0,1,1,0,1,0,0,0,1,1,0,1,0,0,0,54,441,619,17
509,57954.0,7,2,0,0,1,0,1,0,1,0,0,1,0,0,9,28,456,23
510,65316.0,4,2,0,1,0,0,1,0,1,0,1,0,0,0,38,101,112,12
511,28567.0,6,1,0,1,0,0,0,1,1,0,0,0,1,0,6,27,11,7
512,47352.0,7,1,0,0,1,0,1,0,1,1,0,0,0,0,15,132,172,16
513,44931.0,5,1,0,1,0,0,1,0,1,0,1,0,0,0,7,11,78,7
514,76982.0,4,0,0,1,0,0,0,0,0,0,1,0,0,0,30,508,464,16
515,57247.0,2,1,0,0,0,0,1,0,1,1,0,0,0,0,6,73,99,12
516,22944.0,7,1,0,0,1,0,0,1,1,0,0,0,1,0,26,26,19,9
517,25315.0,8,1,0,0,0,0,1,0,1,0,0,1,0,0,22,28,1,9
518,43638.0,7,1,0,1,0,0,0,0,1,0,1,0,0,0,19,100,63,11
519,42710.0,6,1,0,0,0,1,0,1,1,0,0,0,1,0,102,49,252,14
520,84169.0,3,0,0,0,0,1,1,0,0,0,0,0,1,0,0,422,1478,20
521,54058.0,3,1,0,1,0,0,1,0,1,0,0,1,0,0,54,302,198,20
522,24683.0,5,1,0,0,0,0,1,0,1,0,0,0,0,1,6,20,8,8
523,85620.0,1,0,0,1,0,0,0,0,0,0,1,0,0,0,46,1031,416,14
524,47850.0,6,1,0,1,0,0,1,0,1,0,0,0,1,0,10,70,42,8
525,19514.0,8,2,0,1,0,0,1,0,1,0,1,0,0,0,28,26,14,10
526,27159.0,6,2,0,0,1,0,1,0,1,0,0,1,0,0,1,3,17,6
527,39548.0,3,2,0,0,0,0,0,1,1,0,1,0,0,0,18,17,15,7
528,21474.0,7,1,0,1,0,0,0,1,1,0,0,0,1,0,34,51,6,8
529,60504.0,6,1,0,0,0,1,0,1,1,0,0,1,0,0,34,30,458,18
530,22419.0,8,0,0,1,0,0,1,0,0,0,1,0,0,0,42,69,30,8
531,81698.0,1,0,0,0,1,0,1,0,0,0,0,0,0,0,47,659,179,25
532,43462.0,8,2,0,1,0,0,1,0,1,1,0,0,0,0,15,129,90,16
533,54880.0,5,1,0,0,0,1,0,1,1,0,0,1,0,0,118,324,308,21
534,79908.0,2,0,0,1,0,0,1,0,0,0,0,0,1,0,111,919,557,19
535,15315.0,5,0,0,0,0,0,1,0,0,0,0,1,0,0,17,32,7,8
536,87771.0,6,1,0,1,0,0,1,0,1,1,0,0,0,0,33,375,1492,20
537,33039.0,5,1,0,1,0,0,1,0,1,0,0,1,0,0,12,28,30,7
538,81741.0,2,0,0,1,0,0,0,1,0,0,0,0,1,0,38,1151,249,19
539,71499.0,4,1,0,0,1,0,1,0,1,0,0,1,0,0,37,293,465,26
540,62466.0,4,1,0,0,0,0,1,0,1,0,0,1,0,0,83,556,129,26
541,48799.0,3,1,0,0,0,1,0,0,1,0,1,0,0,0,24,127,174,15
542,52157.0,4,1,0,0,0,1,1,0,1,1,0,0,0,0,40,34,189,12
543,66565.0,8,1,0,1,0,0,0,1,1,0,1,0,0,0,42,236,747,19
544,29298.0,5,2,0,0,1,0,1,0,1,1,0,0,0,0,1,4,6,4
545,47691.0,6,1,0,1,0,0,0,1,1,0,0,1,0,0,4,3,14,4
546,38200.0,7,2,0,1,0,0,1,0,1,0,0,1,0,0,1,4,12,4
547,44989.0,6,1,0,1,0,0,1,0,1,0,0,1,0,0,106,155,98,16
548,38443.0,7,2,0,0,0,1,1,0,1,0,1,0,0,0,1,5,32,6
549,38593.0,8,1,0,0,0,0,0,1,1,0,0,1,0,0,24,78,51,11
550,64413.0,5,1,0,0,0,1,1,0,1,0,0,1,0,0,20,49,200,12
551,36959.0,8,1,0,0,1,0,1,0,1,0,0,0,1,0,0,37,25,7
552,61996.0,5,1,0,0,0,1,1,0,1,0,0,1,0,0,24,156,1050,21
553,51287.0,7,2,0,1,0,0,1,0,1,0,1,0,0,0,30,35,117,11
554,13260.0,8,2,0,1,0,0,1,0,1,0,0,1,0,0,7,31,9,10
555,47472.0,5,2,0,0,0,1,1,0,1,0,1,0,0,0,8,11,56,8
556,54603.0,7,2,0,0,1,0,1,0,1,1,0,0,0,0,4,76,145,16
557,45207.0,6,2,0,0,0,1,1,0,1,0,0,1,0,0,2,10,203,15
558,40689.0,8,1,0,1,0,0,1,0,1,1,0,0,0,0,99,69,270,20
559,47821.0,8,2,0,0,0,0,1,0,1,0,1,0,0,0,10,22,9,5
560,27450.0,7,0,0,0,1,0,1,0,0,1,0,0,0,0,52,43,37,7
561,39453.0,6,1,0,1,0,0,1,0,1,0,0,0,1,0,2,7,46,7
562,26850.0,4,2,0,0,0,0,1,0,1,0,0,1,0,0,9,21,31,11
563,79800.0,3,0,0,1,0,0,0,0,0,1,0,0,0,0,224,583,1060,22
564,61794.0,2,1,0,0,1,0,1,0,1,0,1,0,0,0,11,289,264,20
565,53863.0,7,1,0,1,0,0,1,0,1,1,0,0,0,0,30,40,399,18
566,24221.0,4,0,0,1,0,0,1,0,0,1,0,0,0,0,22,20,8,6
567,39684.0,7,1,0,0,0,1,0,1,1,0,0,0,1,0,17,41,19,7
568,92163.0,2,0,0,0,1,0,1,0,0,0,0,1,0,0,20,1086,817,21
569,69882.0,1,0,0,0,1,0,0,1,0,0,1,0,0,0,165,894,292,20
570,33178.0,4,1,0,1,0,0,1,0,1,0,0,1,0,0,16,19,12,5
571,59973.0,1,0,0,0,0,1,1,0,0,0,0,1,0,0,0,218,130,15
572,17459.0,7,1,0,0,1,0,1,0,1,0,0,1,0,0,30,23,6,9
573,23910.0,7,1,0,1,0,0,0,0,1,0,1,0,0,0,13,37,16,6
574,42169.0,8,2,0,0,1,0,1,0,1,0,1,0,0,0,2,9,19,6
575,26224.0,6,1,0,0,0,0,1,0,1,0,0,1,0,0,15,35,4,9
576,31089.0,8,1,0,1,0,0,1,0,1,0,0,0,1,0,4,36,31,10
577,30081.0,7,1,0,1,0,0,0,1,1,0,1,0,0,0,4,2,36,5
578,62807.0,5,1,0,1,0,0,1,0,1,0,1,0,0,0,99,173,526,23
579,72906.0,1,0,0,1,0,0,0,1,0,1,0,0,0,0,54,622,400,17
580,61467.0,5,2,0,0,0,1,1,0,1,0,0,0,0,0,49,130,410,20
581,49618.0,7,2,0,0,1,0,1,0,1,0,1,0,0,0,14,33,80,11
582,42429.0,5,1,0,1,0,0,0,0,1,0,0,1,0,0,4,8,55,7
583,26150.0,7,3,0,1,0,0,0,0,1,1,0,0,0,0,1,17,5,5
584,30801.0,7,1,1,0,0,0,1,0,1,0,0,1,0,0,11,24,8,6
585,81168.0,3,0,0,1,0,0,1,0,0,0,1,0,0,0,22,739,410,18
586,26877.0,6,0,0,0,1,0,0,1,0,0,1,0,0,0,40,109,101,12
587,45006.0,3,0,0,0,1,0,0,0,0,0,0,0,0,0,10,94,162,12
588,18978.0,8,1,1,0,0,0,1,0,1,0,0,1,0,0,15,13,2,5
589,22574.0,7,3,0,1,0,0,1,0,1,0,1,0,0,0,2,10,25,7
590,48240.0,5,0,0,0,0,1,0,1,0,0,1,0,0,0,41,403,389,25
591,45837.0,7,2,0,1,0,0,1,0,1,0,0,1,0,0,24,117,215,18
592,35791.0,8,3,0,0,1,0,0,1,1,0,1,0,0,0,3,5,27,6
593,54162.0,4,2,0,1,0,0,0,0,1,0,0,1,0,0,10,22,5,5
594,30522.0,2,1,0,0,1,0,1,0,1,0,1,0,0,0,26,110,179,17
595,54456.0,6,1,0,0,0,1,1,0,1,0,1,0,0,0,15,37,352,17
596,31632.0,7,0,0,1,0,0,0,1,0,0,0,1,0,0,32,31,17,6
597,72298.0,1,0,0,1,0,0,0,0,0,0,0,0,0,0,35,262,625,14
598,36975.0,7,1,0,0,0,0,0,1,1,0,0,1,0,0,2,17,10,5
599,72635.0,3,0,0,0,0,0,1,0,0,1,0,0,0,0,107,449,390,21
600,13624.0,6,1,0,1,0,0,1,0,1,0,0,1,0,0,6,19,10,7
601,84196.0,3,1,0,1,0,0,0,1,1,0,0,1,0,0,190,801,215,20
602,70971.0,7,1,0,1,0,0,1,0,1,0,1,0,0,0,17,682,1001,34
603,34487.0,9,2,0,0,0,1,0,0,1,0,0,1,0,0,8,75,19,9
604,28769.0,9,1,0,1,0,0,0,1,1,0,0,1,0,0,3,144,41,12
605,69084.0,8,1,0,0,0,1,1,0,1,0,0,1,0,0,30,345,1181,25
606,65488.0,1,0,0,0,0,1,1,0,0,1,0,0,0,0,54,288,603,14
607,62466.0,4,1,0,0,0,0,1,0,1,0,0,1,0,0,83,556,129,26
608,32218.0,7,0,0,0,0,0,0,1,0,0,1,0,0,0,30,52,10,7
609,83917.0,3,0,0,1,0,0,0,1,0,0,0,1,0,0,79,796,514,21
610,46102.0,7,3,0,1,0,0,0,0,1,0,1,0,0,0,1,1,14,4
611,84574.0,5,0,0,1,0,0,0,1,0,1,0,0,0,0,163,771,387,32
612,56181.0,4,1,0,1,0,0,1,0,1,0,1,0,0,0,48,180,121,14
613,63120.0,7,1,0,0,1,0,0,0,1,1,0,0,0,0,69,402,965,26
614,73691.0,2,1,0,1,0,0,1,0,1,0,0,1,0,0,73,356,707,18
615,63381.0,2,1,0,1,0,0,1,0,1,0,1,0,0,0,159,225,571,26
616,76140.0,2,0,0,0,0,1,1,0,0,0,0,0,0,0,26,736,586,21
617,62859.0,6,1,0,0,0,1,0,0,1,1,0,0,0,0,25,207,1063,23
618,45906.0,5,1,0,1,0,0,0,1,1,0,1,0,0,0,144,34,305,15
619,77632.0,2,0,0,0,1,0,1,0,0,0,0,0,0,0,147,863,1200,13
620,46463.0,6,2,0,0,0,1,1,0,1,0,0,1,0,0,11,50,163,17
621,55282.0,4,1,0,0,1,0,0,0,1,0,0,1,0,0,19,87,125,11
622,78710.0,4,1,0,0,1,0,1,0,1,0,0,1,0,0,50,271,721,28
623,66886.0,5,1,0,1,0,0,1,0,1,1,0,0,0,0,146,107,315,17
624,29103.0,9,1,0,1,0,0,1,0,1,0,0,0,1,0,6,23,16,6
625,67445.0,6,1,0,1,0,0,1,0,1,0,0,1,0,0,11,326,757,32
626,50616.0,2,1,0,0,0,1,1,0,1,1,0,0,0,0,9,27,30,7
627,49431.0,8,1,0,1,0,0,0,0,1,1,0,0,0,0,17,129,219,15
628,61278.0,6,1,0,1,0,0,1,0,1,1,0,0,0,0,15,33,111,10
629,26490.0,6,0,0,0,0,0,1,0,0,1,0,0,0,0,25,120,45,11
630,73059.0,4,1,0,0,0,1,1,0,1,0,0,0,0,0,71,532,410,26
631,46734.0,6,3,0,0,0,1,0,1,1,0,1,0,0,0,76,46,100,12
632,56253.0,6,1,0,1,0,0,1,0,1,0,1,0,0,0,5,72,509,22
633,19986.0,7,1,0,1,0,0,1,0,1,0,0,0,1,0,6,11,3,4
634,58330.0,4,1,0,1,0,0,0,0,1,0,0,1,0,0,151,370,445,24
635,25965.0,8,0,1,0,0,0,1,0,0,0,0,0,1,0,11,54,2,6
636,14661.0,6,0,0,0,1,0,1,0,0,1,0,0,0,0,2,18,4,5
637,18690.0,8,0,0,1,0,0,1,0,0,1,0,0,0,0,19,31,6,5
638,45068.0,7,1,0,0,0,1,1,0,1,0,0,1,0,0,3,3,14,4
639,21063.0,6,1,1,0,0,0,0,1,1,0,0,0,1,0,15,40,1,7
640,29187.0,8,1,0,0,0,1,1,0,1,0,1,0,0,0,2,6,26,5
641,54690.0,3,2,0,0,0,0,1,0,1,0,0,1,0,0,18,60,111,12
642,59304.0,5,1,0,0,0,1,1,0,1,0,1,0,0,0,10,569,418,28
643,59247.0,6,2,0,0,1,0,0,1,1,0,1,0,0,0,83,150,327,21
644,66731.0,3,1,0,1,0,0,0,0,1,0,0,1,0,0,141,411,371,17
645,77353.0,4,1,0,1,0,0,1,0,1,0,0,0,1,0,59,235,275,20
646,52614.0,8,1,0,0,0,1,0,1,1,0,0,1,0,0,38,154,789,16
647,26751.0,8,2,0,1,0,0,1,0,1,0,0,1,0,0,1,6,1,4
648,81300.0,5,1,0,0,0,1,1,0,1,0,1,0,0,0,36,189,1004,21
649,70337.0,1,0,0,1,0,0,0,1,0,0,0,1,0,0,91,255,187,17
650,36145.0,9,1,0,0,0,0,1,0,1,0,0,0,1,0,18,97,56,12
651,65295.0,2,0,0,0,0,1,0,1,0,0,0,0,1,0,6,183,365,20
652,68118.0,6,1,0,1,0,0,0,0,1,0,1,0,0,0,154,156,595,23
653,68743.0,7,0,0,1,0,0,0,0,0,0,1,0,0,0,115,693,1132,30
654,41039.0,8,0,0,0,0,0,1,0,0,0,0,0,1,0,45,327,34,15
655,38946.0,5,1,0,1,0,0,1,0,1,1,0,0,0,0,41,94,116,12
656,65777.0,1,0,0,1,0,0,1,0,0,0,1,0,0,0,54,495,565,17
657,66476.0,4,1,0,0,0,1,0,0,1,0,0,1,0,0,78,191,372,20
658,86857.0,2,0,0,0,0,1,0,1,0,0,0,1,0,0,40,1073,899,22
659,77845.0,1,0,0,0,0,1,1,0,0,0,0,0,1,0,26,520,760,21
660,69476.0,2,0,0,0,0,1,1,0,0,0,1,0,0,0,67,708,260,15
661,50611.0,6,1,0,0,0,1,0,0,1,0,1,0,0,0,4,30,459,22
662,61209.0,2,0,0,1,0,0,0,1,0,0,0,1,0,0,99,343,466,13
663,42315.0,3,1,0,0,1,0,1,0,1,1,0,0,0,0,80,112,67,12
664,13084.0,6,0,1,0,0,0,1,0,0,1,0,0,0,0,10,10,2,5
665,47570.0,7,2,0,0,1,0,0,0,1,0,0,0,0,0,31,21,67,9
666,61923.0,3,2,0,0,1,0,1,0,1,0,1,0,0,0,6,25,92,8
667,34824.0,6,0,0,1,0,0,0,1,0,0,0,0,0,1,4,15,4,4
668,26518.0,8,2,0,0,0,1,0,1,1,0,0,0,0,0,2,32,20,8
669,45938.0,6,0,0,1,0,0,0,1,0,0,1,0,0,0,29,251,273,20
670,78468.0,4,0,0,1,0,0,1,0,0,0,1,0,0,0,34,514,434,28
671,78901.0,4,1,0,1,0,0,0,0,1,0,0,1,0,0,34,353,321,20
672,71427.0,4,2,0,1,0,0,1,0,1,0,0,1,0,0,23,315,212,20
673,71022.0,8,1,0,1,0,0,0,0,1,0,0,1,0,0,242,290,909,21
674,90247.0,1,0,0,0,1,0,0,1,0,0,0,0,1,0,16,405,1184,15
675,41335.0,7,1,0,0,1,0,0,0,1,0,1,0,0,0,5,56,112,12
676,71952.0,4,1,0,1,0,0,1,0,1,0,0,0,1,0,93,587,656,22
677,35682.0,2,1,0,0,0,1,0,0,1,0,0,1,0,0,18,14,23,6
678,43185.0,8,1,0,1,0,0,0,0,1,1,0,0,0,0,30,64,537,20
679,66375.0,7,1,0,0,0,1,1,0,1,0,0,0,0,0,191,45,712,14
680,35178.0,7,1,0,0,1,0,1,0,1,0,0,1,0,0,18,16,23,5
681,25252.0,8,1,0,1,0,0,1,0,1,0,0,0,1,0,6,9,1,4
682,55250.0,5,1,0,0,1,0,0,1,1,0,1,0,0,0,66,173,664,26
683,33249.0,6,1,0,1,0,0,0,1,1,0,0,1,0,0,42,50,6,8
684,58398.0,4,0,0,1,0,0,1,0,0,1,0,0,0,0,49,227,299,20
685,50272.0,7,1,0,1,0,0,1,0,1,0,0,0,1,0,4,122,99,13
686,76618.0,1,0,0,0,0,1,1,0,0,0,0,1,0,0,147,455,749,11
687,87305.0,2,0,0,0,0,0,0,0,0,0,1,0,0,0,80,589,345,17
688,25851.0,7,1,0,1,0,0,1,0,1,0,0,1,0,0,5,29,9,7
689,58710.0,6,1,0,1,0,0,0,0,1,0,0,1,0,0,174,449,440,31
690,45160.0,7,2,0,1,0,0,0,1,1,1,0,0,0,0,3,10,8,4
691,74806.0,4,1,0,0,1,0,1,0,1,0,1,0,0,0,9,258,670,16
692,59111.0,7,0,0,1,0,0,1,0,0,1,0,0,0,0,155,162,524,21
693,18988.0,7,1,0,0,0,1,1,0,1,0,0,0,1,0,1,8,6,6
694,72190.0,3,0,0,1,0,0,1,0,0,0,1,0,0,0,249,935,597,16
695,7500.0,9,1,0,1,0,0,1,0,1,0,0,1,0,0,32,25,7,12
696,44794.0,6,1,0,1,0,0,1,0,1,0,1,0,0,0,4,7,54,6
697,80395.0,2,0,0,1,0,0,1,0,0,1,0,0,0,0,48,811,445,24
698,75012.0,1,0,0,0,1,0,0,0,0,0,0,1,0,0,151,524,294,23
699,56962.0,7,3,0,0,1,0,1,0,1,0,1,0,0,0,26,90,292,21
700,89891.0,4,0,0,1,0,0,1,0,0,0,0,0,0,1,183,213,412,26
701,35946.0,5,2,0,0,0,1,0,0,1,0,0,0,0,0,0,3,8,4
702,53593.0,8,2,0,0,0,1,1,0,1,1,0,0,0,0,43,88,349,23
703,66373.0,3,2,0,1,0,0,1,0,1,0,0,1,0,0,109,145,328,23
704,45072.0,8,3,0,0,0,1,0,0,1,0,0,0,0,0,30,108,144,16
705,89694.0,5,2,0,1,0,0,0,0,1,0,0,1,0,0,42,276,1126,14
706,72025.0,2,0,0,1,0,0,1,0,0,0,0,0,0,0,0,660,967,26
707,67432.0,4,1,0,1,0,0,1,0,1,0,0,1,0,0,170,597,432,19
708,70545.0,2,1,0,0,1,0,1,0,1,1,0,0,0,0,21,157,138,13
709,17487.0,7,1,1,0,0,0,1,0,1,0,0,0,1,0,6,8,0,4
710,62882.0,4,1,0,1,0,0,1,0,1,0,1,0,0,0,97,708,509,20
711,64108.0,5,1,0,0,0,1,0,1,1,1,0,0,0,0,21,109,948,30
712,34941.0,8,2,0,0,1,0,1,0,1,1,0,0,0,0,24,31,39,8
713,48767.0,5,3,0,0,0,1,0,1,1,1,0,0,0,0,10,25,28,9
714,38702.0,6,1,0,0,0,0,1,0,1,0,0,1,0,0,40,48,13,9
715,82224.0,3,0,0,1,0,0,1,0,0,0,1,0,0,0,40,524,307,21
716,83844.0,1,0,0,1,0,0,1,0,0,1,0,0,0,0,191,451,901,20
717,17003.0,5,1,0,0,0,0,1,0,1,0,0,1,0,0,7,21,2,9
718,71163.0,1,0,0,1,0,0,0,1,0,0,0,0,0,1,44,527,283,24
719,33697.0,7,1,0,1,0,0,0,1,1,0,0,1,0,0,11,10,4,4
720,63564.0,6,0,0,0,0,0,1,0,0,1,0,0,0,0,65,347,769,28
721,83443.0,2,0,0,0,0,1,1,0,0,0,0,1,0,0,84,839,518,22
722,51518.0,3,1,0,0,0,1,1,0,1,1,0,0,0,0,4,91,350,17
723,58330.0,4,1,0,1,0,0,0,0,1,0,0,1,0,0,151,370,445,24
724,80952.0,8,0,0,1,0,0,1,0,0,0,1,0,0,0,44,908,778,25
725,75507.0,3,0,0,1,0,0,1,0,0,0,0,1,0,0,80,571,709,21
726,63855.0,4,0,0,0,0,0,1,0,0,0,0,1,0,0,89,442,359,24
727,62220.0,6,1,0,0,0,1,1,0,1,0,0,1,0,0,12,403,799,23
728,58512.0,8,1,0,1,0,0,1,0,1,0,1,0,0,0,152,124,895,20
729,40662.0,4,1,0,0,1,0,1,0,1,0,0,1,0,0,23,25,40,8
730,38829.0,5,1,0,0,0,1,1,0,1,1,0,0,0,0,16,7,76,8
731,35523.0,7,1,0,0,0,0,1,0,1,0,0,0,1,0,11,39,11,8
732,79146.0,6,2,0,1,0,0,0,1,1,0,1,0,0,0,16,260,245,19
733,78285.0,3,0,0,0,1,0,1,0,0,0,0,0,1,0,40,673,647,21
734,31626.0,7,1,0,0,0,1,0,1,1,0,0,1,0,0,34,12,39,6
735,75127.0,1,0,0,1,0,0,0,1,0,1,0,0,0,0,227,386,203,19
736,48726.0,6,1,0,1,0,0,1,0,1,1,0,0,0,0,59,45,138,12
737,74985.0,2,0,0,1,0,0,1,0,0,0,0,1,0,0,86,1196,587,17
738,67430.0,6,0,0,1,0,0,1,0,0,0,0,0,1,0,121,515,595,29
739,46891.0,4,1,0,0,0,0,1,0,1,0,1,0,0,0,61,64,43,8
740,62058.0,6,1,0,0,1,0,1,0,1,1,0,0,0,0,58,91,301,18
741,72063.0,2,1,0,1,0,0,1,0,1,0,0,1,0,0,90,456,180,21
742,78939.0,3,0,0,0,0,1,1,0,0,1,0,0,0,0,205,508,794,20
743,42720.0,8,2,0,1,0,0,0,1,1,0,1,0,0,0,112,124,392,25
744,33622.0,7,2,0,1,0,0,1,0,1,0,0,1,0,0,12,26,39,9
745,41452.0,7,2,0,1,0,0,1,0,1,1,0,0,0,0,0,3,13,4
746,40760.0,6,1,0,0,0,1,0,1,1,0,1,0,0,0,6,17,70,8
747,74250.0,1,0,0,0,0,1,1,0,0,1,0,0,0,0,0,478,680,18
748,51124.0,3,2,0,0,1,0,0,1,1,1,0,0,0,0,4,12,26,6
749,72258.0,2,1,0,1,0,0,0,1,1,0,0,1,0,0,134,749,522,22
750,71466.0,1,0,0,0,0,1,0,1,0,0,0,1,0,0,0,636,412,19
751,36283.0,4,2,0,1,0,0,1,0,1,0,0,1,0,0,5,18,6,6
752,20587.0,7,1,0,1,0,0,0,1,1,0,0,1,0,0,9,13,2,5
753,30467.0,7,1,0,1,0,0,1,0,1,0,0,1,0,0,5,13,1,4
754,31590.0,8,1,0,1,0,0,1,0,1,0,0,1,0,0,3,23,6,5
755,20425.0,7,1,1,0,0,0,1,0,1,0,0,0,1,0,17,20,4,7
756,17144.0,7,2,0,0,1,0,1,0,1,0,1,0,0,0,6,21,18,12
757,42564.0,7,1,0,0,0,1,0,0,1,0,1,0,0,0,198,273,324,24
758,43783.0,7,1,0,0,1,0,1,0,1,0,0,1,0,0,139,159,327,22
759,40780.0,9,1,0,1,0,0,0,0,1,0,0,1,0,0,34,111,229,17
760,62847.0,2,0,0,0,1,0,1,0,0,0,0,0,0,0,61,954,521,14
761,82017.0,2,0,0,0,0,1,1,0,0,1,0,0,0,0,23,499,184,17
762,16813.0,7,0,0,1,0,0,0,1,0,1,0,0,0,0,13,31,4,6
763,51267.0,4,2,0,1,0,0,1,0,1,0,0,1,0,0,12,73,183,15
764,46524.0,3,1,0,1,0,0,0,1,1,0,1,0,0,0,52,80,31,9
765,45183.0,7,0,0,0,1,0,0,1,0,0,1,0,0,0,12,75,219,13
766,70421.0,6,1,0,0,0,1,1,0,1,1,0,0,0,0,35,239,479,23
767,60161.0,8,1,0,0,0,0,0,0,1,0,1,0,0,0,177,302,584,26
768,73926.0,3,0,0,1,0,0,1,0,0,0,0,1,0,0,15,847,627,24
769,19329.0,8,1,0,1,0,0,1,0,1,0,1,0,0,0,5,29,24,10
770,61872.0,4,1,0,0,1,0,1,0,1,0,0,1,0,0,16,200,330,21
771,46984.0,5,2,0,1,0,0,0,0,1,1,0,0,0,0,8,13,19,5
772,34838.0,6,2,0,1,0,0,1,0,1,1,0,0,0,0,47,81,28,10
773,82716.0,2,0,0,0,0,1,0,1,0,0,0,0,0,0,22,391,606,28
774,48192.0,8,0,0,1,0,0,1,0,0,1,0,0,0,0,29,400,1039,25
775,49681.0,7,2,0,0,1,0,1,0,1,0,0,1,0,0,21,26,411,21
776,56850.0,2,1,0,0,1,0,1,0,1,0,0,1,0,0,0,22,34,6
777,55267.0,3,1,0,1,0,0,1,0,1,1,0,0,0,0,45,196,161,17
778,59666.0,8,2,0,1,0,0,1,0,1,0,0,1,0,0,133,254,623,20
779,72504.0,2,1,0,1,0,0,0,1,1,0,0,1,0,0,94,619,604,22
780,26872.0,6,0,0,1,0,0,1,0,0,0,0,0,1,0,32,21,3,5
781,21359.0,8,1,0,1,0,0,0,1,1,0,0,1,0,0,10,25,12,7
782,73170.0,2,0,0,1,0,0,0,1,0,0,0,1,0,0,32,480,184,16
783,52750.0,4,1,0,0,1,0,1,0,1,1,0,0,0,0,69,329,393,27
784,91820.0,1,0,0,0,0,1,1,0,0,0,0,0,1,0,30,896,410,22
785,65968.0,3,1,0,0,0,1,1,0,1,0,0,1,0,0,4,111,376,18
786,30772.0,6,2,0,1,0,0,1,0,1,0,0,1,0,0,4,8,7,4
787,22507.0,9,0,0,1,0,0,0,1,0,1,0,0,0,0,68,277,68,19
788,65685.0,5,1,0,1,0,0,1,0,1,0,0,1,0,0,57,63,642,21
789,25804.0,8,1,0,0,0,0,1,0,1,0,0,1,0,0,12,29,8,7
790,76412.0,3,0,0,0,0,1,0,1,0,0,0,0,1,0,17,880,840,18
791,22063.0,7,1,0,1,0,0,1,0,1,0,0,1,0,0,11,26,7,7
792,57091.0,5,0,0,1,0,0,0,1,0,0,1,0,0,0,37,76,464,18
793,22419.0,8,0,0,1,0,0,1,0,0,0,1,0,0,0,42,69,30,8
794,87771.0,6,1,0,1,0,0,1,0,1,1,0,0,0,0,33,375,1492,20
795,78353.0,8,1,0,0,0,0,0,0,1,1,0,0,0,0,34,637,752,24
796,93404.0,5,3,0,1,0,0,1,0,1,1,0,0,0,0,15,322,1279,17
797,37859.0,8,3,0,1,0,0,0,0,1,0,1,0,0,0,2,11,22,6
798,80995.0,4,1,0,0,0,1,0,0,1,1,0,0,0,0,56,510,860,22
799,16529.0,6,1,0,1,0,0,1,0,1,0,0,0,1,0,1,18,3,5
800,55412.0,5,2,0,0,0,1,0,0,1,0,0,1,0,0,8,44,10,6
801,48789.0,6,0,0,1,0,0,0,1,0,0,0,0,0,1,145,179,351,18
802,56575.0,5,2,0,0,0,1,1,0,1,0,1,0,0,0,10,95,421,20
803,25130.0,7,1,0,0,0,0,1,0,1,0,0,0,1,0,18,12,2,7
804,35441.0,8,2,0,1,0,0,1,0,1,0,1,0,0,0,1,12,25,6
805,71391.0,3,1,0,1,0,0,1,0,1,1,0,0,0,0,141,443,336,28
806,49494.0,7,1,0,0,1,0,0,1,1,0,0,1,0,0,82,106,191,14
807,81702.0,3,0,0,1,0,0,0,0,0,0,0,0,1,0,187,852,563,27
808,45889.0,6,1,0,0,0,0,0,1,1,0,0,0,1,0,8,6,31,5
809,56628.0,5,1,0,1,0,0,0,1,1,0,0,1,0,0,171,94,479,20
810,34026.0,5,2,0,1,0,0,1,0,1,1,0,0,0,0,17,33,18,9
811,40049.0,5,1,0,1,0,0,1,0,1,0,0,1,0,0,28,127,91,14
812,34176.0,6,1,0,1,0,0,0,1,1,0,0,0,1,0,20,50,5,11
813,19419.0,9,1,0,1,0,0,1,0,1,0,0,0,1,0,7,58,2,11
814,82504.0,1,0,0,0,0,0,1,0,0,0,1,0,0,0,54,615,362,17
815,81205.0,2,0,0,1,0,0,1,0,0,0,0,1,0,0,130,1100,724,19
816,61618.0,3,0,0,0,0,0,0,1,0,0,0,0,0,1,205,490,605,19
817,55284.0,5,1,0,0,1,0,0,1,1,1,0,0,0,0,63,147,547,23
818,49980.0,5,1,0,1,0,0,0,1,1,0,1,0,0,0,14,68,104,11
819,15072.0,5,2,0,1,0,0,1,0,1,0,0,0,1,0,18,17,8,11
820,49166.0,6,1,0,1,0,0,0,1,1,0,0,1,0,0,110,34,224,13
821,65324.0,4,1,0,0,0,1,1,0,1,1,0,0,0,0,5,123,384,20
822,82347.0,3,0,0,0,0,0,1,0,0,1,0,0,0,0,63,1101,556,25
823,30843.0,5,2,0,0,0,1,1,0,1,0,1,0,0,0,9,2,24,6
824,46374.0,8,1,0,0,0,1,1,0,1,0,0,1,0,0,17,21,408,18
825,60474.0,7,1,0,1,0,0,0,1,1,0,0,1,0,0,170,736,265,31
826,38576.0,7,1,0,0,1,0,1,0,1,0,0,1,0,0,0,7,34,5
827,55357.0,5,2,0,1,0,0,1,0,1,0,0,0,1,0,64,264,374,22
828,37758.0,8,2,0,1,0,0,1,0,1,0,1,0,0,0,1,12,27,6
829,85710.0,2,0,0,0,0,0,1,0,0,0,0,0,1,0,33,399,600,26
830,23228.0,8,1,0,1,0,0,1,0,1,0,1,0,0,0,0,26,13,7
831,44602.0,8,2,0,0,1,0,1,0,1,0,1,0,0,0,34,91,167,17
832,7500.0,6,0,0,1,0,0,1,0,0,0,0,0,1,0,5,9,0,4
833,38683.0,7,1,0,0,0,0,1,0,1,0,0,0,1,0,66,188,46,17
834,49514.0,7,1,0,0,0,0,0,1,1,0,0,1,0,0,93,175,88,13
835,57906.0,4,1,0,0,0,1,1,0,1,0,0,1,0,0,15,140,243,17
836,43456.0,5,1,0,0,1,0,0,1,1,0,1,0,0,0,7,104,275,17
837,19485.0,7,2,0,0,1,0,0,1,1,0,0,0,1,0,0,4,6,4
838,53172.0,3,1,0,1,0,0,1,0,1,0,0,1,0,0,125,220,121,16
839,30545.0,7,1,0,1,0,0,1,0,1,0,0,1,0,0,12,46,4,7
840,70123.0,3,0,0,0,0,1,1,0,0,0,0,0,1,0,0,419,1308,17
841,62450.0,3,1,0,1,0,0,0,1,1,1,0,0,0,0,38,376,515,16
842,21675.0,7,1,0,1,0,0,1,0,1,0,0,1,0,0,4,33,4,10
843,42395.0,7,2,0,0,0,0,0,1,1,0,0,0,1,0,25,94,48,12
844,61346.0,3,1,0,0,1,0,1,0,1,0,0,1,0,0,142,269,562,23
845,80812.0,2,0,0,1,0,0,1,0,0,1,0,0,0,0,33,732,769,18
846,42835.0,6,2,0,0,1,0,0,0,1,0,0,1,0,0,98,109,379,23
847,39922.0,8,1,0,1,0,0,1,0,1,0,0,0,1,0,36,90,29,9
848,86424.0,1,0,0,0,1,0,0,1,0,1,0,0,0,0,68,726,387,28
849,17117.0,9,1,0,0,0,0,1,0,1,0,0,1,0,0,7,91,12,11
850,24762.0,8,1,0,1,0,0,0,1,1,0,0,1,0,0,40,25,6,9
851,35797.0,8,1,0,1,0,0,1,0,1,0,0,1,0,0,21,19,27,7
852,36627.0,5,2,0,1,0,0,0,0,1,0,0,1,0,0,1,6,9,4
853,51111.0,6,2,0,0,0,0,1,0,1,0,0,0,1,0,3,25,22,7
854,86857.0,2,0,0,0,0,1,0,1,0,0,0,1,0,0,40,1073,899,22
855,82072.0,1,0,0,0,0,1,1,0,0,0,0,1,0,0,129,908,889,19
856,46231.0,9,3,0,0,0,1,0,1,1,1,0,0,0,0,12,57,189,15
857,42243.0,7,2,0,1,0,0,1,0,1,1,0,0,0,0,5,2,48,7
858,51195.0,8,2,0,1,0,0,1,0,1,0,1,0,0,0,58,252,230,24
859,68092.0,5,0,0,0,1,0,0,1,0,0,0,1,0,0,48,345,852,20
860,31814.0,9,1,0,1,0,0,1,0,1,0,0,1,0,0,20,27,35,7
861,51390.0,5,2,0,0,1,0,0,0,1,0,1,0,0,0,56,90,205,18
862,76630.0,1,0,0,1,0,0,1,0,0,0,0,0,1,0,175,517,255,25
863,26868.0,7,1,1,0,0,0,0,1,1,0,0,0,0,1,2,9,0,4
864,48948.0,6,0,0,0,0,1,0,0,0,0,0,0,0,0,42,374,437,24
865,55260.0,6,1,0,0,0,1,0,1,1,0,0,1,0,0,242,72,825,25
866,64090.0,5,1,0,1,0,0,1,0,1,1,0,0,0,0,135,295,316,20
867,78331.0,4,1,0,1,0,0,0,0,1,1,0,0,0,0,61,652,756,25
868,37087.0,6,1,0,0,0,1,1,0,1,0,0,1,0,0,3,204,194,17
869,21846.0,8,1,0,1,0,0,0,0,1,0,0,0,1,0,26,41,7,11
870,81320.0,2,0,0,1,0,0,1,0,0,1,0,0,0,0,57,585,183,18
871,54137.0,6,1,0,1,0,0,0,0,1,0,0,1,0,0,20,11,171,11
872,66825.0,2,0,0,1,0,0,1,0,0,0,1,0,0,0,40,535,243,16
873,57100.0,3,0,0,1,0,0,1,0,0,0,0,1,0,0,96,129,181,13
874,58917.0,5,3,0,1,0,0,1,0,1,0,1,0,0,0,28,96,151,16
875,86429.0,2,0,0,1,0,0,0,1,0,0,1,0,0,0,37,930,464,18
876,45684.0,7,1,0,1,0,0,0,0,1,0,0,1,0,0,7,16,5,4
877,47889.0,5,1,0,1,0,0,1,0,1,0,0,1,0,0,4,29,29,6
878,45921.0,4,0,0,0,0,1,1,0,0,0,0,0,1,0,12,82,102,10
879,78420.0,1,0,0,0,0,1,0,1,0,0,1,0,0,0,28,793,604,22
880,75114.0,2,0,0,1,0,0,1,0,0,0,0,0,0,1,24,598,571,19
881,52278.0,8,1,0,0,0,1,0,0,1,0,1,0,0,0,174,71,953,31
882,35641.0,7,1,0,0,1,0,1,0,1,0,0,1,0,0,28,78,63,10
883,62820.0,1,0,0,1,0,0,1,0,0,1,0,0,0,0,53,464,398,14
884,73113.0,2,0,0,0,1,0,1,0,0,0,1,0,0,0,28,223,741,15
885,84169.0,3,0,0,0,0,1,1,0,0,0,0,0,1,0,0,422,1478,20
886,42607.0,3,1,0,0,0,0,0,1,1,1,0,0,0,0,47,115,156,14
887,74637.0,3,0,0,0,0,1,0,1,0,1,0,0,0,0,16,674,960,25
888,46015.0,7,2,0,0,0,1,1,0,1,1,0,0,0,0,6,2,38,5
889,72354.0,1,0,0,1,0,0,0,1,0,0,0,0,0,1,182,719,315,19
890,39858.0,6,1,0,0,1,0,0,1,1,0,1,0,0,0,26,47,15,7
891,34469.0,4,2,0,0,0,1,1,0,1,0,0,0,0,0,12,26,19,9
892,83033.0,5,1,0,1,0,0,1,0,1,0,0,0,1,0,33,767,812,26
893,24401.0,8,0,0,0,1,0,1,0,0,0,0,1,0,0,115,255,73,16
894,77583.0,2,0,0,1,0,0,1,0,0,0,0,1,0,0,108,657,372,19
895,74116.0,2,0,0,0,0,0,0,1,0,0,0,0,1,0,166,960,871,19
896,74293.0,2,0,0,1,0,0,0,1,0,0,0,0,0,1,81,580,375,16
897,68397.0,3,1,0,0,0,1,1,0,1,0,0,1,0,0,80,563,760,21
898,79632.0,2,0,0,0,0,1,1,0,0,0,0,1,0,0,12,609,471,20
899,46107.0,3,1,0,1,0,0,0,1,1,0,0,0,1,0,33,52,31,7
900,64950.0,7,1,0,0,0,1,0,1,1,1,0,0,0,0,63,84,819,25
901,25443.0,8,1,1,0,0,0,1,0,1,0,0,0,1,0,7,15,1,5
902,75127.0,1,0,0,1,0,0,0,1,0,1,0,0,0,0,227,386,203,19
903,32892.0,8,1,0,0,0,1,1,0,1,0,0,1,0,0,2,17,26,8
904,71796.0,4,0,0,1,0,0,1,0,0,0,0,1,0,0,32,499,354,17
905,67536.0,8,1,0,0,0,1,1,0,1,0,0,1,0,0,35,470,1253,30
906,55239.0,5,1,0,1,0,0,0,1,1,0,0,1,0,0,106,278,371,26
907,60554.0,6,1,0,0,0,1,0,0,1,0,0,1,0,0,15,193,588,23
908,64831.0,6,2,0,0,0,0,0,1,1,1,0,0,0,0,144,410,480,22
909,56067.0,5,1,0,0,0,1,1,0,1,0,1,0,0,0,120,82,517,20
910,82025.0,1,0,0,1,0,0,0,0,0,0,0,0,1,0,98,752,267,12
911,94384.0,2,0,0,1,0,0,1,0,0,1,0,0,0,0,172,974,1111,18
912,14906.0,7,0,1,0,0,0,0,1,0,0,0,0,1,0,15,28,7,9
913,51563.0,8,0,0,0,0,1,1,0,0,0,0,0,1,0,36,48,1166,19
914,57937.0,3,1,0,0,0,0,1,0,1,0,0,0,1,0,133,241,261,20
915,68274.0,3,2,0,1,0,0,0,0,1,0,0,1,0,0,46,99,135,13
916,39771.0,4,1,0,1,0,0,1,0,1,0,0,1,0,0,14,22,6,6
917,67893.0,8,1,0,0,0,0,0,0,1,0,0,1,0,0,47,219,711,16
918,27922.0,4,1,0,0,0,1,1,0,1,0,0,1,0,0,11,15,11,6
919,52190.0,5,2,0,0,0,1,1,0,1,0,0,1,0,0,18,17,42,9
920,44051.0,6,2,0,0,1,0,0,0,1,0,0,1,0,0,18,71,79,12
921,42767.0,8,2,0,0,0,1,0,1,1,0,0,1,0,0,38,68,20,7
922,46106.0,6,2,0,0,1,0,1,0,1,0,0,1,0,0,14,10,30,5
923,16927.0,8,2,0,0,0,1,1,0,1,0,0,1,0,0,4,28,20,12
924,59754.0,5,1,0,1,0,0,1,0,1,0,1,0,0,0,139,75,115,16
925,53700.0,5,1,0,1,0,0,0,1,1,1,0,0,0,0,83,307,263,22
926,59041.0,5,2,0,1,0,0,1,0,1,0,0,1,0,0,6,19,69,8
927,54237.0,6,1,0,0,0,1,0,0,1,1,0,0,0,0,57,37,267,16
928,70647.0,2,1,0,1,0,0,0,0,1,0,1,0,0,0,114,281,561,26
929,52597.0,5,1,0,0,0,1,0,1,1,0,1,0,0,0,42,44,492,20
930,41021.0,6,1,0,0,1,0,1,0,1,0,1,0,0,0,12,22,14,7
931,40233.0,6,1,0,0,0,1,1,0,1,0,0,1,0,0,2,50,80,13
932,50183.0,5,2,0,1,0,0,1,0,1,0,0,0,1,0,15,109,97,17
933,54753.0,4,1,0,1,0,0,1,0,1,1,0,0,0,0,131,341,197,21
934,92955.0,2,0,0,1,0,0,1,0,0,0,0,1,0,0,84,977,693,23
935,33471.0,7,1,0,1,0,0,1,0,1,0,0,1,0,0,12,29,43,10
936,34596.0,8,1,0,0,0,1,1,0,1,0,0,1,0,0,7,2,14,4
937,44010.0,9,1,0,1,0,0,1,0,1,0,0,0,1,0,48,356,186,24
938,84219.0,1,0,0,1,0,0,1,0,0,0,0,0,1,0,45,582,434,18
939,40706.0,7,3,0,0,0,1,1,0,1,0,1,0,0,0,5,15,59,11
940,15716.0,8,1,0,0,0,0,1,0,1,0,0,0,1,0,26,43,16,10
941,59052.0,5,1,0,0,0,0,0,0,1,1,0,0,0,0,31,173,230,18
942,80573.0,2,0,0,0,1,0,1,0,0,0,0,1,0,0,15,628,829,24
943,82576.0,1,0,0,0,1,0,1,0,0,1,0,0,0,0,18,668,1206,19
944,56962.0,7,3,0,0,1,0,1,0,1,0,1,0,0,0,26,90,292,21
945,35704.0,4,2,0,1,0,0,1,0,1,1,0,0,0,0,30,23,30,9
946,53103.0,7,1,0,1,0,0,1,0,1,1,0,0,0,0,195,161,729,28
947,46779.0,4,2,0,0,0,0,0,0,1,0,1,0,0,0,7,4,12,4
948,33462.0,7,1,0,0,1,0,0,0,1,0,0,1,0,0,11,21,22,6
949,63693.0,6,1,0,1,0,0,0,0,1,0,0,1,0,0,54,422,587,29
950,80763.0,3,0,0,1,0,0,1,0,0,1,0,0,0,0,231,468,674,23
951,65352.0,4,1,0,0,0,1,1,0,1,0,0,1,0,0,23,91,284,16
952,82170.0,2,0,0,0,0,1,1,0,0,0,0,1,0,0,37,793,1023,19
953,75759.0,5,0,0,1,0,0,1,0,0,0,1,0,0,0,182,819,1394,26
954,79689.0,2,0,0,0,0,0,0,1,0,0,0,1,0,0,121,846,311,27
955,35340.0,5,2,0,0,0,1,0,0,1,1,0,0,0,0,5,12,27,7
956,85683.0,1,0,0,1,0,0,0,0,0,1,0,0,0,0,51,373,1296,17
957,24884.0,7,1,0,0,0,0,1,0,1,0,0,1,0,0,3,13,3,4
958,42021.0,9,1,0,0,1,0,1,0,1,0,0,0,1,0,27,148,393,22
959,64449.0,4,1,0,1,0,0,0,1,1,0,0,0,1,0,70,482,218,24
960,64587.0,3,2,0,1,0,0,0,0,1,1,0,0,0,0,20,16,66,8
961,34824.0,6,0,0,1,0,0,0,1,0,0,0,0,0,1,4,15,4,4
962,75437.0,6,0,0,1,0,0,1,0,0,0,0,1,0,0,0,640,795,23
963,26091.0,5,2,0,1,0,0,1,0,1,1,0,0,0,0,20,37,15,9
964,52845.0,6,1,0,1,0,0,1,0,1,0,0,1,0,0,64,447,384,25
965,46086.0,4,1,0,1,0,0,0,0,1,1,0,0,0,0,50,47,244,16
966,78028.0,7,1,0,0,0,1,0,0,1,1,0,0,0,0,38,332,158,20
967,56337.0,8,2,0,0,0,0,1,0,1,0,0,0,1,0,182,188,349,22
968,22434.0,8,1,0,1,0,0,1,0,1,0,0,0,1,0,15,26,4,7
969,36930.0,8,1,0,0,0,1,1,0,1,1,0,0,0,0,39,33,223,16
970,36130.0,4,1,0,1,0,0,0,1,1,1,0,0,0,0,37,238,157,21
971,65569.0,3,1,0,0,1,0,1,0,1,1,0,0,0,0,70,354,397,23
972,83844.0,1,0,0,1,0,0,1,0,0,1,0,0,0,0,191,451,901,20
973,19514.0,8,2,0,1,0,0,1,0,1,0,1,0,0,0,28,26,14,10
974,36736.0,6,2,0,0,0,1,0,1,1,0,1,0,0,0,4,3,10,4
975,77568.0,5,1,0,1,0,0,1,0,1,0,0,1,0,0,158,628,1230,21
976,49187.0,2,1,0,0,0,1,1,0,1,0,0,1,0,0,0,34,81,8
977,30168.0,9,1,0,1,0,0,0,1,1,0,0,1,0,0,27,86,154,18
978,34053.0,8,1,0,0,1,0,1,0,1,0,1,0,0,0,12,28,63,7
979,38196.0,5,2,0,0,1,0,1,0,1,0,0,1,0,0,3,11,30,9
980,59412.0,3,0,0,0,1,0,1,0,0,1,0,0,0,0,11,262,90,15
981,70924.0,3,0,0,0,0,0,1,0,0,0,1,0,0,0,76,500,635,20
982,54165.0,2,0,0,1,0,0,1,0,0,0,1,0,0,0,11,92,127,11
983,32300.0,8,1,0,1,0,0,1,0,1,0,0,1,0,0,6,15,13,5
984,20180.0,7,0,0,1,0,0,0,1,0,0,0,1,0,0,18,81,18,8
985,34961.0,7,1,0,1,0,0,1,0,1,0,0,1,0,0,1,32,45,10
986,28440.0,8,1,0,0,0,1,1,0,1,0,0,1,0,0,0,25,38,6
987,64504.0,7,3,0,0,0,1,1,0,1,1,0,0,0,0,108,220,986,25
988,33564.0,5,1,0,0,1,0,1,0,1,0,1,0,0,0,7,3,61,6
989,17345.0,8,1,0,1,0,0,1,0,1,0,0,1,0,0,12,42,4,7
990,56320.0,4,1,0,0,0,1,1,0,1,0,1,0,0,0,83,341,201,21
991,28647.0,7,1,0,1,0,0,0,1,1,0,0,1,0,0,26,37,19,7
992,15038.0,9,1,1,0,0,0,0,1,1,0,0,0,1,0,26,38,4,7
993,32173.0,4,1,0,0,0,1,0,0,1,1,0,0,0,0,2,2,18,5
994,68316.0,6,1,0,0,0,0,1,0,1,0,1,0,0,0,33,361,806,32
995,74538.0,3,0,0,1,0,0,1,0,0,0,0,1,0,0,28,941,380,22
996,91700.0,3,0,0,1,0,0,0,1,0,0,0,1,0,0,19,1258,576,20
997,68695.0,2,0,0,1,0,0,1,0,0,0,1,0,0,0,40,543,458,16
998,31056.0,8,1,0,0,0,0,1,0,1,0,0,1,0,0,16,26,5,5
999,79593.0,2,0,0,1,0,0,1,0,0,0,0,1,0,0,145,738,350,19
1000,28071.0,8,0,0,1,0,0,0,1,0,0,0,0,1,0,44,204,39,13
1001,37334.0,4,2,0,0,0,1,1,0,1,1,0,0,0,0,15,19,26,11
1002,46423.0,7,2,0,0,1,0,0,1,1,0,0,1,0,0,8,16,68,9
1003,37126.0,6,1,0,0,0,1,1,0,1,0,0,1,0,0,7,16,45,6
1004,47703.0,5,1,0,1,0,0,1,0,1,1,0,0,0,0,123,147,359,21
1005,61180.0,3,1,0,1,0,0,1,0,1,1,0,0,0,0,218,59,403,18
1006,38998.0,8,2,0,1,0,0,1,0,1,1,0,0,0,0,5,15,34,8
1007,76081.0,2,0,0,1,0,0,1,0,0,0,1,0,0,0,200,508,292,14
1008,34728.0,6,1,0,1,0,0,1,0,1,0,0,0,1,0,6,16,14,5
1009,33168.0,7,1,0,0,1,0,0,1,1,0,1,0,0,0,3,38,80,10
1010,33585.0,4,1,0,0,1,0,1,0,1,0,1,0,0,0,29,57,30,7
1011,77037.0,3,1,0,0,0,1,1,0,1,0,1,0,0,0,10,597,463,27
1012,35196.0,8,1,0,1,0,0,1,0,1,0,0,0,1,0,187,196,75,18
1013,44529.0,5,1,0,1,0,0,1,0,1,0,1,0,0,0,26,121,538,25
1014,70924.0,3,0,0,0,0,0,1,0,0,0,1,0,0,0,76,500,635,20
1015,28764.0,8,2,0,0,0,1,1,0,1,0,1,0,0,0,1,3,8,4
1016,69098.0,5,0,0,0,0,1,1,0,0,0,0,0,0,0,178,947,1315,25
1017,25959.0,6,2,0,0,0,0,0,0,1,0,0,1,0,0,26,21,4,7
1018,27100.0,7,1,0,0,1,0,1,0,1,0,0,0,1,0,10,15,12,5
1019,70596.0,2,0,0,1,0,0,0,1,0,0,0,0,1,0,26,595,347,21
1020,42557.0,8,1,0,1,0,0,1,0,1,0,0,1,0,0,15,58,192,15
1021,53312.0,7,0,0,0,0,1,1,0,0,1,0,0,0,0,25,12,241,12
1022,72228.0,3,0,0,1,0,0,0,1,0,1,0,0,0,0,56,549,631,22
1023,67605.0,1,0,0,1,0,0,1,0,0,0,0,0,1,0,54,494,336,17
1024,62845.0,8,2,0,0,1,0,1,0,1,0,0,0,0,0,34,45,1099,28
1025,65196.0,5,2,0,1,0,0,1,0,1,1,0,0,0,0,200,212,743,26
1026,42000.0,5,0,0,0,0,1,0,1,0,0,0,0,1,0,35,435,124,20
1027,35860.0,5,2,0,0,0,1,0,0,1,0,0,1,0,0,20,12,15,6
1028,65526.0,2,1,0,0,0,1,1,0,1,0,1,0,0,0,9,100,397,17
1029,16860.0,7,2,0,1,0,0,1,0,1,0,1,0,0,0,14,11,10,8
1030,83528.0,1,0,0,1,0,0,0,1,0,0,0,0,0,1,147,929,530,23
1031,64176.0,6,1,0,0,0,0,0,0,1,0,1,0,0,0,149,346,1215,33
1032,22304.0,8,0,0,1,0,0,0,0,0,1,0,0,0,0,2,9,3,4
1033,67023.0,2,0,0,1,0,0,1,0,0,0,0,1,0,0,17,437,444,24
1034,32892.0,8,1,0,0,0,1,1,0,1,0,0,1,0,0,2,17,26,8
1035,70713.0,3,1,0,1,0,0,1,0,1,0,1,0,0,0,190,475,736,25
1036,59925.0,6,1,0,1,0,0,1,0,1,1,0,0,0,0,56,216,473,23
1037,39722.0,5,1,0,1,0,0,1,0,1,1,0,0,0,0,8,7,32,7
1038,46610.0,6,0,0,1,0,0,1,0,0,1,0,0,0,0,125,44,288,14
1039,88347.0,1,0,0,1,0,0,1,0,0,0,1,0,0,0,118,810,1050,21
1040,87171.0,2,0,0,0,0,1,1,0,0,0,0,0,1,0,44,209,1001,25
1041,26907.0,7,2,0,0,0,0,1,0,1,0,0,1,0,0,2,8,9,6
1042,50014.0,5,1,0,0,1,0,0,1,1,0,1,0,0,0,42,110,234,15
1043,41014.0,7,1,0,0,0,1,1,0,1,0,0,1,0,0,3,10,7,4
1044,66294.0,2,0,0,1,0,0,0,1,0,0,1,0,0,0,117,507,251,13
1045,36715.0,9,1,0,1,0,0,1,0,1,0,0,1,0,0,16,156,172,19
1046,79456.0,3,0,0,1,0,0,1,0,0,1,0,0,0,0,99,654,565,16
1047,40479.0,4,1,0,1,0,0,1,0,1,0,0,0,1,0,0,10,5,4
1048,75345.0,3,0,0,0,1,0,0,1,0,0,0,1,0,0,133,998,918,20
1049,54233.0,8,1,0,1,0,0,1,0,1,0,0,1,0,0,142,187,652,26
1050,24163.0,4,2,0,1,0,0,0,1,1,0,0,1,0,0,2,10,4,6
1051,84460.0,5,0,0,0,0,1,1,0,0,1,0,0,0,0,81,236,152,22
1052,43776.0,6,1,0,1,0,0,1,0,1,0,0,0,1,0,3,11,8,4
1053,71691.0,2,0,0,0,0,1,0,1,0,1,0,0,0,0,43,781,336,17
1054,85844.0,2,0,0,0,0,1,1,0,0,0,0,1,0,0,38,887,938,20
1055,39190.0,5,1,0,0,0,1,0,1,1,0,0,1,0,0,12,45,68,9
1056,71367.0,2,0,0,1,0,0,1,0,0,1,0,0,0,0,75,454,227,17
1057,38578.0,8,2,0,0,0,1,0,1,1,0,0,1,0,0,3,29,38,9
1058,57236.0,3,2,0,0,0,1,1,0,1,0,1,0,0,0,4,11,105,10
1059,61825.0,4,1,0,1,0,0,0,1,1,0,0,1,0,0,27,205,162,15
1060,79803.0,1,1,0,1,0,0,0,0,1,1,0,0,0,0,33,245,574,13
1061,80910.0,1,0,0,0,0,0,0,1,0,0,0,0,1,0,41,516,160,15
1062,27590.0,7,1,0,0,1,0,1,0,1,0,0,0,1,0,1,5,6,4
1063,56775.0,5,1,0,1,0,0,1,0,1,0,0,1,0,0,35,253,614,25
1064,83829.0,1,0,0,1,0,0,0,0,0,0,0,1,0,0,27,777,897,17
1065,54210.0,5,1,0,0,0,0,1,0,1,0,0,1,0,0,45,243,70,14
1066,38508.0,8,1,0,1,0,0,1,0,1,0,0,0,1,0,54,250,120,20
1067,53187.0,5,1,0,1,0,0,1,0,1,0,0,1,0,0,10,39,211,13
1068,30023.0,8,1,0,1,0,0,1,0,1,0,0,1,0,0,21,23,11,6
1069,76045.0,2,0,0,0,0,1,0,1,0,0,1,0,0,0,0,470,760,21
1070,50870.0,5,1,0,0,0,1,1,0,1,1,0,0,0,0,2,8,53,6
1071,15315.0,5,0,0,0,0,0,1,0,0,0,0,1,0,0,17,32,7,8
1072,65463.0,5,1,0,0,0,0,1,0,1,0,0,1,0,0,16,123,391,19
1073,66480.0,4,2,0,1,0,0,1,0,1,0,1,0,0,0,6,86,199,19
1074,76773.0,1,0,0,1,0,0,0,0,0,1,0,0,0,0,16,591,516,16
1075,81698.0,5,0,0,0,0,0,0,1,0,0,0,0,1,0,45,190,709,16
1076,54466.0,5,2,0,0,0,1,0,1,1,0,0,1,0,0,0,4,12,4
1077,16269.0,8,1,0,0,0,1,0,1,1,0,0,0,1,0,0,24,19,9
1078,71819.0,6,1,0,1,0,0,1,0,1,0,0,1,0,0,168,168,1224,14
1079,33569.0,8,1,0,0,0,1,1,0,1,0,0,0,1,0,24,23,16,5
1080,36262.0,6,0,0,0,1,0,1,0,0,0,0,0,1,0,153,157,88,12
1081,22634.0,8,0,1,0,0,0,1,0,0,0,1,0,0,0,46,42,2,6
1082,47025.0,9,1,0,0,0,0,1,0,1,0,0,1,0,0,29,93,508,23
1083,70566.0,3,1,0,1,0,0,0,1,1,0,1,0,0,0,21,327,381,22
1084,31605.0,7,1,0,0,0,1,1,0,1,0,0,1,0,0,6,44,74,9
1085,52034.0,7,2,0,0,1,0,0,0,1,0,0,1,0,0,73,100,146,16
1086,48526.0,3,1,0,1,0,0,0,1,1,0,0,1,0,0,9,83,23,8
1087,46734.0,7,1,0,1,0,0,1,0,1,1,0,0,0,0,29,168,110,14
1088,39552.0,8,2,0,1,0,0,0,0,1,0,1,0,0,0,41,154,165,20
1089,86358.0,8,2,0,1,0,0,0,1,1,0,1,0,0,0,95,623,957,18
1090,46931.0,3,3,0,1,0,0,1,0,1,0,0,1,0,0,16,20,41,7
1091,16581.0,4,0,1,0,0,0,0,1,0,0,0,0,1,0,11,9,1,4
1092,63998.0,4,0,0,0,0,0,0,0,0,1,0,0,0,0,112,847,176,25
1093,67381.0,7,1,0,0,1,0,1,0,1,1,0,0,0,0,70,72,815,17
1094,25930.0,7,2,0,1,0,0,0,1,1,0,1,0,0,0,4,5,6,4
1095,42693.0,5,1,0,1,0,0,1,0,1,0,0,1,0,0,16,30,8,5
1096,85606.0,3,1,0,1,0,0,1,0,1,0,0,1,0,0,84,1125,717,24
1097,72903.0,4,0,0,1,0,0,0,1,0,0,0,0,1,0,39,888,1067,21
1098,49669.0,6,1,0,0,0,0,1,0,1,0,0,1,0,0,29,123,166,14
1099,36778.0,9,2,0,0,0,1,1,0,1,0,1,0,0,0,4,40,29,9
1100,85696.0,1,0,0,0,0,1,0,0,0,0,1,0,0,0,12,587,714,20
1101,10979.0,5,0,0,0,1,0,0,0,0,0,0,0,1,0,4,16,8,8
1102,49678.0,7,1,0,1,0,0,1,0,1,0,1,0,0,0,20,64,229,14
1103,56129.0,4,1,0,0,1,0,1,0,1,1,0,0,0,0,48,220,320,22
1104,37155.0,5,1,0,1,0,0,1,0,1,0,0,0,1,0,3,33,23,7
1105,21282.0,6,1,0,0,0,0,0,0,1,0,0,1,0,0,20,17,1,7
1106,33419.0,7,1,0,0,0,1,0,1,1,0,1,0,0,0,18,12,56,8
1107,63285.0,3,0,0,1,0,0,0,0,0,0,0,0,0,0,134,423,508,25
1108,21255.0,4,1,0,0,1,0,1,0,1,0,0,1,0,0,3,27,29,11
1109,42162.0,6,1,0,1,0,0,1,0,1,0,0,0,1,0,27,68,46,9
1110,54450.0,8,2,0,1,0,0,1,0,1,1,0,0,0,0,32,179,454,31
1111,57744.0,8,1,0,0,0,1,1,0,1,1,0,0,0,0,19,42,350,16
1112,26576.0,9,1,0,1,0,0,0,1,1,0,0,0,1,0,9,8,10,4
1113,57513.0,6,0,0,0,0,1,0,0,0,0,0,0,0,0,30,275,735,27
1114,68142.0,6,1,0,1,0,0,1,0,1,0,1,0,0,0,37,413,897,24
1115,7500.0,8,1,0,1,0,0,1,0,1,0,0,1,0,0,5,8,5,4
1116,83145.0,2,0,0,1,0,0,1,0,0,0,0,1,0,0,114,805,777,26
1117,54197.0,1,1,0,0,1,0,1,0,1,0,1,0,0,0,13,49,162,12
1118,23091.0,7,2,0,0,0,1,0,1,1,0,1,0,0,0,2,11,35,10
1119,46049.0,7,2,0,1,0,0,1,0,1,0,0,1,0,0,19,140,342,26
1120,56715.0,4,0,0,1,0,0,1,0,0,0,0,1,0,0,9,581,258,15
1121,79410.0,1,0,0,1,0,0,1,0,0,0,1,0,0,0,13,686,658,11
1122,57304.0,5,1,0,1,0,0,1,0,1,1,0,0,0,0,106,547,356,25
1123,44375.0,5,1,0,1,0,0,1,0,1,0,1,0,0,0,41,40,213,12
1124,54450.0,8,2,0,1,0,0,1,0,1,1,0,0,0,0,32,179,454,31
1125,59594.0,7,1,0,1,0,0,1,0,1,0,1,0,0,0,9,33,457,17
1126,80685.0,2,0,0,1,0,0,1,0,0,0,0,0,0,1,54,683,241,21
1127,40344.0,7,1,0,0,0,1,1,0,1,0,0,1,0,0,2,6,210,12
1128,62710.0,4,1,0,1,0,0,1,0,1,0,0,1,0,0,11,125,441,22
1129,48985.0,3,1,0,0,0,0,1,0,1,0,1,0,0,0,8,41,19,6
1130,35322.0,8,3,0,1,0,0,1,0,1,0,1,0,0,0,13,58,28,9
1131,77142.0,2,0,0,1,0,0,1,0,0,0,0,0,0,0,97,266,476,17
1132,81657.0,1,0,0,1,0,0,0,1,0,0,1,0,0,0,50,623,364,16
1133,14421.0,5,0,1,0,0,0,1,0,0,0,0,0,0,1,8,5,0,4
1134,20130.0,8,0,0,0,0,0,1,0,0,0,0,1,0,0,12,16,0,5
1135,74214.0,5,0,0,0,0,1,1,0,0,0,0,0,0,1,33,716,863,16
1136,66726.0,7,2,0,0,1,0,1,0,1,1,0,0,0,0,47,42,349,17
1137,23724.0,8,1,1,0,0,0,1,0,1,0,0,1,0,0,14,38,5,7
1138,47353.0,5,1,0,0,1,0,1,0,1,0,1,0,0,0,4,29,184,13
1139,33444.0,8,2,0,0,1,0,1,0,1,1,0,0,0,0,2,8,8,4
1140,54386.0,3,1,0,1,0,0,1,0,1,0,0,0,1,0,25,147,277,17
1141,28510.0,5,2,0,1,0,0,0,0,1,0,0,0,1,0,19,24,44,9
1142,90638.0,1,0,0,0,1,0,0,1,0,0,0,0,0,1,96,1129,1156,18
1143,48070.0,7,1,0,1,0,0,1,0,1,1,0,0,0,0,19,103,373,19
1144,43140.0,6,1,0,1,0,0,1,0,1,1,0,0,0,0,11,90,134,11
1145,54959.0,7,1,0,0,0,1,0,0,1,0,1,0,0,0,24,60,1148,21
1146,15056.0,5,2,1,0,0,0,0,1,1,1,0,0,0,0,40,36,6,12
1147,26954.0,7,1,0,1,0,0,0,1,1,0,0,1,0,0,1,12,4,4
1148,22327.0,5,1,0,1,0,0,0,1,1,0,0,0,1,0,5,14,5,5
1149,44393.0,4,2,0,1,0,0,1,0,1,0,1,0,0,0,10,24,24,7
1150,62000.0,4,1,0,0,0,1,0,1,1,1,0,0,0,0,20,101,899,26
1151,31497.0,8,1,0,0,0,1,1,0,1,0,1,0,0,0,4,42,108,10
1152,45894.0,5,2,0,0,0,0,1,0,1,0,0,1,0,0,13,9,27,5
1153,78579.0,3,0,0,0,1,0,0,0,0,0,0,1,0,0,99,831,816,16
1154,67369.0,4,1,0,0,1,0,0,0,1,0,1,0,0,0,42,107,1298,25
1155,58401.0,4,1,0,1,0,0,0,0,1,0,1,0,0,0,29,28,10,6
1156,62307.0,5,1,0,1,0,0,0,1,1,1,0,0,0,0,10,57,87,9
1157,43641.0,6,2,0,0,1,0,1,0,1,0,1,0,0,0,23,57,57,10
1158,63841.0,6,1,0,0,1,0,0,0,1,0,1,0,0,0,131,135,635,22
1159,46891.0,4,1,0,0,0,0,1,0,1,0,1,0,0,0,61,64,43,8
1160,70091.0,8,1,0,0,1,0,1,0,1,0,1,0,0,0,11,186,964,19
1161,78075.0,1,0,0,0,0,1,1,0,0,0,0,1,0,0,80,301,572,14
1162,59184.0,5,1,0,0,0,0,0,0,1,0,1,0,0,0,66,514,341,27
1163,54809.0,4,2,0,1,0,0,1,0,1,0,0,1,0,0,22,76,63,12
1164,58113.0,7,1,0,1,0,0,1,0,1,1,0,0,0,0,84,375,221,22
1165,51412.0,4,1,0,0,1,0,1,0,1,1,0,0,0,0,14,36,140,11
1166,15287.0,7,1,0,1,0,0,0,0,1,0,0,1,0,0,13,14,1,6
1167,66636.0,1,0,0,0,1,0,1,0,0,1,0,0,0,0,0,783,291,17
1168,50965.0,8,1,0,0,1,0,1,0,1,1,0,0,0,0,29,106,544,22
1169,84618.0,2,0,0,0,0,1,1,0,0,0,1,0,0,0,0,922,684,26
1170,18351.0,7,0,0,1,0,0,1,0,0,0,0,0,0,1,7,21,1,6
1171,40451.0,5,2,0,0,0,1,1,0,1,1,0,0,0,0,10,4,35,5
1172,36317.0,7,1,0,1,0,0,1,0,1,0,1,0,0,0,13,31,87,9
1173,42213.0,7,1,0,1,0,0,1,0,1,1,0,0,0,0,20,31,309,15
1174,65748.0,1,1,0,1,0,0,1,0,1,1,0,0,0,0,34,261,172,18
1175,77044.0,4,1,0,1,0,0,1,0,1,0,0,1,0,0,76,330,625,31
1176,74918.0,3,0,0,1,0,0,1,0,0,0,1,0,0,0,59,997,972,21
1177,56721.0,6,2,0,1,0,0,1,0,1,0,0,1,0,0,75,51,157,15
1178,42160.0,6,2,0,1,0,0,0,1,1,0,0,1,0,0,20,57,48,11
1179,61559.0,3,1,0,1,0,0,0,1,1,0,1,0,0,0,34,203,279,17
1180,33629.0,9,2,0,0,0,1,1,0,1,0,1,0,0,0,4,16,132,13
1181,68682.0,2,0,0,0,0,1,1,0,0,0,0,0,0,1,45,604,919,24
1182,34377.0,7,1,0,1,0,0,0,1,1,0,1,0,0,0,26,25,62,8
1183,8940.0,8,1,1,0,0,0,0,1,1,0,0,0,1,0,42,52,1,10
1184,26228.0,8,1,0,1,0,0,1,0,1,0,0,1,0,0,9,13,2,4
1185,77297.0,4,0,0,0,0,0,0,0,0,1,0,0,0,0,41,218,408,22
1186,40211.0,8,2,0,1,0,0,1,0,1,0,0,0,1,0,25,10,51,7
1187,33438.0,5,2,0,0,0,1,0,0,1,1,0,0,0,0,6,20,62,11
1188,75032.0,3,1,0,0,0,1,1,0,1,1,0,0,0,0,12,239,952,20
1189,61284.0,6,0,0,0,0,1,0,1,0,1,0,0,0,0,45,141,618,22
1190,22518.0,5,1,0,1,0,0,1,0,1,0,0,0,1,0,27,21,11,7
1191,54730.0,4,1,0,0,1,0,1,0,1,0,0,1,0,0,56,24,318,18
1192,38452.0,7,2,0,0,1,0,1,0,1,1,0,0,0,0,2,14,56,9
1193,44421.0,8,2,0,1,0,0,0,0,1,0,0,1,0,0,7,71,110,14
1194,38197.0,5,1,0,0,0,1,1,0,1,0,0,0,1,0,3,13,23,5
1195,41986.0,4,1,0,1,0,0,0,0,1,0,0,1,0,0,12,21,27,10
1196,28427.0,8,1,0,1,0,0,1,0,1,0,0,0,1,0,6,25,18,7
1197,37395.0,6,1,0,0,0,1,1,0,1,0,0,1,0,0,11,9,18,5
1198,64722.0,6,1,0,1,0,0,1,0,1,0,0,1,0,0,15,340,303,25
1199,55249.0,3,1,0,0,1,0,1,0,1,1,0,0,0,0,11,22,97,8
1200,84906.0,2,0,0,1,0,0,1,0,0,0,0,1,0,0,76,528,997,24
1201,28691.0,8,1,0,1,0,0,1,0,1,0,0,0,1,0,4,25,5,5
1202,44213.0,6,2,0,1,0,0,0,1,1,1,0,0,0,0,7,46,95,12
1203,25707.0,7,1,1,0,0,0,0,1,1,0,0,0,1,0,3,11,1,5
1204,59062.0,4,3,0,0,0,1,1,0,1,0,1,0,0,0,9,16,46,7
1205,76624.0,1,1,0,1,0,0,0,1,1,0,1,0,0,0,66,307,411,23
1206,66000.0,1,0,0,0,1,0,1,0,0,0,0,0,0,0,45,422,244,10
1207,27683.0,8,1,0,0,0,1,1,0,1,0,0,1,0,0,45,142,152,16
1208,7500.0,9,1,1,0,0,0,0,1,1,0,0,0,0,1,40,43,10,11
1209,40521.0,5,2,0,1,0,0,1,0,1,0,1,0,0,0,4,5,12,4
1210,20427.0,8,1,0,0,0,1,1,0,1,0,0,1,0,0,1,4,5,4
1211,65106.0,6,1,0,1,0,0,1,0,1,0,0,1,0,0,19,164,790,27
1212,69969.0,3,0,0,0,0,1,1,0,0,0,1,0,0,0,44,581,882,13
1213,67433.0,4,2,0,1,0,0,1,0,1,1,0,0,0,0,30,299,615,28
1214,77766.0,6,1,0,0,0,1,1,0,1,0,1,0,0,0,27,439,1004,34
1215,74716.0,4,1,0,1,0,0,1,0,1,0,0,1,0,0,71,461,133,17
1216,68118.0,6,1,0,1,0,0,0,0,1,0,1,0,0,0,154,156,595,23
1217,55158.0,7,2,0,0,0,1,1,0,1,0,0,1,0,0,23,91,293,18
1218,62972.0,6,1,0,0,0,0,1,0,1,1,0,0,0,0,192,82,313,16
1219,74190.0,2,1,0,1,0,0,1,0,1,0,0,1,0,0,64,335,151,19
1220,39356.0,6,2,0,1,0,0,1,0,1,0,0,1,0,0,6,2,15,4
1221,76653.0,2,0,0,1,0,0,1,0,0,0,1,0,0,0,126,1228,736,23
1222,35860.0,5,2,0,0,0,1,0,0,1,0,0,1,0,0,20,12,15,6
1223,90687.0,2,0,0,0,0,1,0,0,0,0,0,0,1,0,51,712,982,17
1224,73450.0,3,0,0,0,1,0,1,0,0,0,0,0,1,0,37,556,1142,27
1225,31454.0,8,2,0,1,0,0,1,0,1,0,1,0,0,0,9,11,28,8
1226,47139.0,7,2,0,1,0,0,0,1,1,1,0,0,0,0,23,12,46,7
1227,83829.0,1,0,0,1,0,0,0,0,0,0,0,1,0,0,27,777,897,17
1228,53378.0,8,2,0,0,0,1,1,0,1,0,1,0,0,0,132,166,489,29
1229,19656.0,7,1,0,1,0,0,1,0,1,0,0,1,0,0,32,19,25,9
1230,45579.0,6,1,0,0,0,1,1,0,1,0,0,0,0,0,1,36,145,10
1231,85485.0,2,0,0,0,0,0,0,1,0,1,0,0,0,0,54,681,630,19
1232,55956.0,4,0,0,1,0,0,1,0,0,0,0,0,0,0,38,192,760,16
1233,64191.0,3,1,0,0,1,0,0,1,1,0,1,0,0,0,15,352,420,24
1234,38808.0,8,1,0,1,0,0,0,1,1,0,0,1,0,0,30,72,125,14
1235,57183.0,8,2,0,0,1,0,1,0,1,0,1,0,0,0,70,76,464,25
1236,23748.0,8,1,0,0,1,0,0,0,1,0,1,0,0,0,8,47,6,9
1237,66303.0,8,1,0,1,0,0,1,0,1,0,0,1,0,0,60,124,1090,22
1238,37368.0,6,1,0,0,1,0,1,0,1,0,0,1,0,0,10,15,3,4
1239,40800.0,7,3,0,1,0,0,1,0,1,0,1,0,0,0,10,35,24,8
1240,71847.0,3,0,0,1,0,0,0,0,0,0,0,1,0,0,210,182,737,22
1241,46149.0,5,1,0,1,0,0,1,0,1,0,0,1,0,0,27,81,254,18
1242,78687.0,2,0,0,1,0,0,1,0,0,0,0,0,1,0,241,1017,817,19
1243,49118.0,7,0,0,0,0,0,0,0,0,0,0,1,0,0,119,392,620,28
1244,37633.0,9,2,0,0,0,1,1,0,1,1,0,0,0,0,1,24,13,6
1245,39767.0,8,0,0,0,1,0,1,0,0,1,0,0,0,0,47,299,113,17
1246,26997.0,7,0,1,0,0,0,1,0,0,1,0,0,0,0,144,234,7,13
1247,33986.0,7,1,0,1,0,0,0,0,1,0,0,1,0,0,5,22,16,5
1248,57091.0,7,1,0,0,0,1,1,0,1,0,0,1,0,0,4,30,462,18
1249,46831.0,4,2,0,0,0,0,1,0,1,0,1,0,0,0,34,18,22,7
1250,83151.0,2,0,0,0,1,0,1,0,0,0,0,1,0,0,210,1126,968,23
1251,52531.0,6,0,0,1,0,0,1,0,0,0,0,1,0,0,125,314,283,21
1252,15759.0,7,0,0,1,0,0,1,0,0,1,0,0,0,0,3,13,1,4
1253,22804.0,9,1,0,1,0,0,0,1,1,0,0,1,0,0,1,10,14,5
1254,43050.0,5,1,0,0,0,0,1,0,1,0,0,1,0,0,8,35,30,8
1255,42997.0,7,2,0,0,0,1,0,1,1,0,0,1,0,0,5,5,4,4
1256,48918.0,4,2,0,0,0,1,0,1,1,0,1,0,0,0,1,9,52,7
1257,60033.0,2,1,0,0,1,0,1,0,1,1,0,0,0,0,48,77,62,10
1258,34043.0,9,1,0,0,0,1,1,0,1,0,0,1,0,0,10,19,20,5
1259,57811.0,5,1,0,1,0,0,1,0,1,0,1,0,0,0,78,158,545,25
1260,78569.0,1,0,0,1,0,0,1,0,0,0,0,0,0,0,95,908,558,15
1261,7500.0,6,2,0,1,0,0,0,1,1,0,0,1,0,0,25,22,6,10
1262,94384.0,2,0,0,1,0,0,1,0,0,1,0,0,0,0,172,974,1111,18
1263,23148.0,7,0,0,0,0,0,1,0,0,0,0,0,1,0,10,20,4,6
1264,44267.0,9,2,0,1,0,0,0,0,1,0,0,1,0,0,49,73,183,16
1265,71626.0,3,0,0,1,0,0,1,0,0,0,0,1,0,0,72,542,546,19
1266,60894.0,7,1,0,1,0,0,1,0,1,0,1,0,0,0,54,172,606,26
1267,50200.0,8,2,0,1,0,0,1,0,1,0,0,1,0,0,64,65,266,19
1268,81051.0,2,0,0,0,0,1,1,0,0,0,1,0,0,0,14,316,1142,23
1269,65169.0,6,0,0,1,0,0,1,0,0,0,0,0,1,0,46,69,1074,28
1270,59868.0,6,1,0,1,0,0,1,0,1,0,0,1,0,0,154,259,771,32
1271,65695.0,4,1,0,0,0,1,1,0,1,0,1,0,0,0,6,221,371,21
1272,64857.0,4,0,0,0,1,0,0,1,0,1,0,0,0,0,43,941,556,23
1273,45143.0,7,1,0,0,1,0,1,0,1,0,1,0,0,0,14,90,202,15
1274,74805.0,2,1,0,0,0,0,1,0,1,1,0,0,0,0,37,412,209,26
1275,59060.0,4,1,0,0,0,0,1,0,1,0,0,0,1,0,12,187,35,14
1276,27238.0,9,2,0,0,0,1,0,1,1,0,1,0,0,0,3,17,37,9
1277,47009.0,4,1,0,1,0,0,1,0,1,0,1,0,0,0,90,177,171,17
1278,46094.0,7,2,0,0,0,0,1,0,1,0,0,1,0,0,5,25,12,5
1279,40321.0,7,2,0,1,0,0,1,0,1,0,0,1,0,0,27,31,44,8
1280,37235.0,4,1,0,1,0,0,1,0,1,0,0,0,1,0,20,15,20,5
1281,81843.0,3,0,0,0,1,0,1,0,0,0,1,0,0,0,138,657,779,27
1282,46692.0,6,1,0,0,1,0,1,0,1,1,0,0,0,0,88,127,170,15
1283,77382.0,1,1,0,1,0,0,1,0,1,0,1,0,0,0,134,391,491,26
1284,37774.0,9,2,0,1,0,0,0,1,1,0,0,1,0,0,176,122,173,16
1285,18393.0,8,1,1,0,0,0,1,0,1,0,0,1,0,0,4,39,7,8
1286,72828.0,7,1,0,0,1,0,1,0,1,0,1,0,0,0,205,254,1205,28
1287,24711.0,7,0,0,1,0,0,1,0,0,0,0,0,1,0,7,38,10,7
1288,45503.0,5,1,0,0,0,1,1,0,1,0,0,1,0,0,18,54,97,9
1289,71604.0,4,0,0,0,0,1,1,0,0,0,0,0,0,0,97,679,345,17
1290,27244.0,7,1,0,1,0,0,1,0,1,0,0,1,0,0,46,25,6,8
1291,48752.0,9,2,0,1,0,0,1,0,1,0,1,0,0,0,0,228,73,17
1292,71434.0,4,1,0,1,0,0,1,0,1,0,1,0,0,0,168,425,711,21
1293,90842.0,1,0,0,1,0,0,0,1,0,0,0,0,0,0,93,370,774,27
1294,88097.0,9,1,0,0,1,0,1,0,1,0,0,1,0,0,75,480,163,20
1295,51948.0,5,1,0,1,0,0,1,0,1,0,0,1,0,0,41,158,82,13
1296,71853.0,1,0,0,1,0,0,1,0,0,0,0,0,1,0,32,662,358,17
1297,35876.0,6,0,0,0,1,0,1,0,0,0,0,0,1,0,14,46,66,8
1298,40049.0,6,1,0,1,0,0,0,0,1,1,0,0,0,0,3,13,13,5
1299,39660.0,9,1,0,1,0,0,0,1,1,0,0,0,1,0,36,111,139,14
1300,50127.0,6,1,0,1,0,0,1,0,1,0,1,0,0,0,15,25,274,13
1301,43263.0,5,1,0,0,1,0,1,0,1,0,0,1,0,0,102,67,262,16
1302,62845.0,8,2,0,0,1,0,1,0,1,0,0,0,0,0,34,45,1099,28
1303,18929.0,6,0,0,1,0,0,1,0,0,0,0,0,0,1,18,31,32,6
1304,24367.0,9,1,1,0,0,0,0,1,1,0,0,0,1,0,5,6,2,4
1305,33249.0,6,1,0,1,0,0,0,1,1,0,0,1,0,0,42,50,6,8
1306,26887.0,6,1,0,0,0,0,1,0,1,1,0,0,0,0,6,14,6,5
1307,50150.0,5,0,0,0,0,1,1,0,0,0,0,0,1,0,11,203,135,16
1308,62061.0,6,1,0,1,0,0,1,0,1,0,0,1,0,0,38,91,641,24
1309,85696.0,1,0,0,0,0,1,0,0,0,0,1,0,0,0,12,587,714,20
1310,76542.0,2,0,0,0,0,1,1,0,0,1,0,0,0,0,14,646,794,23
1311,70515.0,2,0,0,1,0,0,0,1,0,0,0,0,0,1,140,634,420,17
1312,18227.0,8,1,0,1,0,0,1,0,1,0,0,0,1,0,11,13,1,4
1313,69139.0,4,1,0,1,0,0,1,0,1,0,1,0,0,0,6,120,86,11
1314,69109.0,4,0,0,1,0,0,1,0,0,0,0,0,1,0,95,608,823,20
1315,69627.0,5,1,0,1,0,0,0,1,1,0,1,0,0,0,53,547,231,23
1316,38136.0,8,1,0,1,0,0,1,0,1,0,0,1,0,0,33,42,8,8
1317,62159.0,4,0,0,0,0,1,0,1,0,0,0,0,0,0,29,353,182,19
1318,80695.0,2,0,0,1,0,0,0,1,0,0,1,0,0,0,18,1306,557,19
1319,33316.0,6,2,0,0,1,0,0,1,1,0,0,1,0,0,12,36,79,10
1320,58554.0,7,2,0,1,0,0,1,0,1,0,1,0,0,0,88,130,368,22
1321,17256.0,8,1,1,0,0,0,1,0,1,0,0,0,0,1,22,26,6,7
1322,53034.0,8,2,0,1,0,0,0,0,1,0,0,1,0,0,50,226,160,22
1323,52203.0,6,0,0,0,0,0,1,0,0,1,0,0,0,0,28,315,488,27
1324,59601.0,8,1,0,0,0,0,0,0,1,0,0,1,0,0,23,76,691,15
1325,75154.0,3,1,0,0,1,0,0,1,1,1,0,0,0,0,82,375,543,16
1326,47025.0,6,1,0,1,0,0,0,1,1,0,0,1,0,0,26,135,254,17
1327,37971.0,8,1,0,1,0,0,1,0,1,0,0,1,0,0,7,16,5,5
1328,41335.0,7,1,0,0,1,0,0,0,1,0,1,0,0,0,5,56,112,12
1329,67267.0,2,1,0,1,0,0,1,0,1,1,0,0,0,0,30,85,134,11
1330,57338.0,5,1,0,1,0,0,0,1,1,0,0,1,0,0,17,69,143,12
1331,50523.0,6,2,0,0,0,0,1,0,1,0,1,0,0,0,1,32,51,8
1332,35791.0,8,3,0,0,1,0,0,1,1,0,1,0,0,0,3,5,27,6
1333,50611.0,6,1,0,0,0,1,0,0,1,0,1,0,0,0,4,30,459,22
1334,56242.0,6,1,0,0,0,1,1,0,1,0,1,0,0,0,88,186,689,28
1335,48904.0,8,1,0,1,0,0,0,1,1,0,1,0,0,0,27,48,283,17
1336,56243.0,5,3,0,1,0,0,0,1,1,0,0,1,0,0,7,39,347,20
1337,21355.0,6,1,0,1,0,0,1,0,1,0,0,0,1,0,31,27,5,7
1338,57420.0,7,1,0,0,1,0,1,0,1,0,0,1,0,0,24,18,280,15
1339,46390.0,7,1,0,0,1,0,0,0,1,1,0,0,0,0,38,80,95,10
1340,54342.0,6,2,0,0,0,0,1,0,1,1,0,0,0,0,28,55,84,12
1341,20895.0,9,1,0,1,0,0,1,0,1,0,0,1,0,0,4,23,18,6
1342,92344.0,1,0,0,1,0,0,1,0,0,0,0,0,0,0,119,769,992,20
1343,26907.0,7,2,0,0,0,0,1,0,1,0,0,1,0,0,2,8,9,6
1344,44964.0,8,2,0,1,0,0,1,0,1,0,0,0,1,0,2,20,19,5
1345,75507.0,3,0,0,1,0,0,1,0,0,0,0,1,0,0,80,571,709,21
1346,53761.0,5,2,0,0,1,0,1,0,1,0,0,1,0,0,71,89,158,17
1347,22682.0,4,1,0,1,0,0,1,0,1,0,0,1,0,0,36,47,10,10
1348,38887.0,7,1,0,0,0,1,1,0,1,0,0,1,0,0,3,14,25,5
1349,41658.0,4,2,0,0,0,0,0,1,1,0,0,1,0,0,29,31,8,6
1350,29791.0,5,1,0,0,0,1,1,0,1,0,0,1,0,0,0,6,14,7
1351,63915.0,5,2,0,0,1,0,1,0,1,1,0,0,0,0,15,152,622,23
1352,39996.0,6,2,0,1,0,0,0,0,1,0,0,1,0,0,1,3,11,4
1353,26759.0,6,1,0,1,0,0,0,0,1,0,0,1,0,0,2,27,25,8
1354,63841.0,6,1,0,0,1,0,0,0,1,0,1,0,0,0,131,135,635,22
1355,51039.0,7,2,0,0,0,1,1,0,1,0,1,0,0,0,109,208,100,14
1356,60544.0,6,2,0,1,0,0,1,0,1,0,1,0,0,0,35,48,201,15
1357,65685.0,5,1,0,1,0,0,1,0,1,0,0,1,0,0,57,63,642,21
1358,37716.0,7,1,0,1,0,0,1,0,1,1,0,0,0,0,41,48,97,10
1359,36864.0,8,1,0,1,0,0,0,1,1,1,0,0,0,0,89,61,204,14
1360,44511.0,8,1,0,0,1,0,1,0,1,0,0,1,0,0,14,186,513,26
1361,36947.0,9,2,0,0,0,1,1,0,1,0,1,0,0,0,29,28,88,11
1362,47352.0,7,1,0,0,1,0,1,0,1,1,0,0,0,0,15,132,172,16
1363,67087.0,4,1,0,0,1,0,1,0,1,1,0,0,0,0,43,387,329,22
1364,57045.0,3,1,0,1,0,0,1,0,1,1,0,0,0,0,17,128,296,18
1365,36957.0,9,2,0,0,0,1,0,0,1,1,0,0,0,0,31,20,100,11
1366,69389.0,4,1,0,0,0,1,1,0,1,0,0,1,0,0,15,314,422,22
1367,80134.0,6,1,0,1,0,0,1,0,1,0,0,1,0,0,80,392,1218,16
1368,43142.0,7,2,0,0,1,0,1,0,1,0,1,0,0,0,4,10,5,4
1369,80589.0,1,0,0,1,0,0,1,0,0,0,0,0,0,0,26,855,507,21
1370,34412.0,9,1,0,1,0,0,0,1,1,0,0,0,0,1,55,66,52,11
1371,57537.0,4,1,0,1,0,0,0,1,1,0,0,1,0,0,100,246,191,19
1372,22634.0,8,0,1,0,0,0,1,0,0,0,1,0,0,0,46,42,2,6
1373,51315.0,2,0,0,1,0,0,1,0,0,0,0,0,0,0,41,83,68,10
1374,36026.0,6,3,0,1,0,0,1,0,1,0,0,1,0,0,17,20,20,7
1375,24639.0,6,2,0,1,0,0,1,0,1,0,0,1,0,0,1,19,20,9
1376,34578.0,6,3,0,0,0,1,1,0,1,0,0,1,0,0,0,1,7,4
1377,65704.0,1,0,0,0,0,0,0,1,0,0,0,1,0,0,246,284,279,23
1378,63810.0,8,1,0,1,0,0,0,1,1,0,1,0,0,0,101,281,977,23
1379,54132.0,7,1,0,0,0,1,1,0,1,0,1,0,0,0,3,9,30,5
1380,18690.0,8,0,0,1,0,0,1,0,0,1,0,0,0,0,19,31,6,5
1381,28164.0,7,1,0,1,0,0,1,0,1,0,0,1,0,0,12,55,3,9
1382,34596.0,8,1,0,0,0,1,1,0,1,0,0,1,0,0,7,2,14,4
1383,43269.0,8,1,0,0,0,1,1,0,1,0,0,1,0,0,1,8,10,4
1384,38741.0,7,2,0,0,0,0,0,1,1,1,0,0,0,0,13,35,7,7
1385,31907.0,7,0,0,1,0,0,0,1,0,0,0,1,0,0,74,326,33,14
1386,27100.0,7,1,0,0,1,0,1,0,1,0,0,0,1,0,10,15,12,5
1387,31163.0,6,1,0,0,0,0,0,0,1,0,0,1,0,0,10,24,2,5
1388,92533.0,2,0,0,1,0,0,1,0,0,0,0,0,1,0,42,249,693,23
1389,34853.0,6,2,0,1,0,0,0,1,1,0,0,1,0,0,2,20,9,7
1390,70844.0,7,2,0,1,0,0,0,0,1,0,1,0,0,0,2,96,129,17
1391,31086.0,8,2,0,0,0,0,1,0,1,0,0,1,0,0,16,16,16,6
1392,60544.0,6,2,0,1,0,0,1,0,1,0,1,0,0,0,35,48,201,15
1393,20491.0,7,0,0,0,0,0,1,0,0,0,0,0,1,0,10,13,5,4
1394,42523.0,2,0,0,1,0,0,1,0,0,0,1,0,0,0,35,50,14,7
1395,39922.0,8,1,0,1,0,0,1,0,1,0,0,0,1,0,36,90,29,9
1396,33402.0,8,2,0,1,0,0,1,0,1,1,0,0,0,0,8,31,26,9
1397,36408.0,6,2,0,0,1,0,1,0,1,0,0,0,0,0,3,8,9,4
1398,21645.0,9,1,0,1,0,0,1,0,1,0,0,1,0,0,19,27,14,9
1399,78427.0,3,0,0,0,1,0,0,0,0,0,0,0,0,0,138,794,972,23
1400,82657.0,4,0,0,1,0,0,1,0,0,0,0,0,0,0,126,1086,966,23
1401,51876.0,1,0,0,1,0,0,1,0,0,1,0,0,0,0,6,157,99,13
1402,78041.0,2,0,0,0,0,0,1,0,0,0,0,1,0,0,17,660,482,18
1403,52852.0,8,1,0,1,0,0,1,0,1,1,0,0,0,0,47,118,714,26
1404,70038.0,2,0,0,0,0,1,1,0,0,0,0,0,1,0,130,473,587,17
1405,69401.0,2,1,0,0,0,0,1,0,1,0,0,1,0,0,39,244,399,17
1406,46053.0,5,1,0,1,0,0,1,0,1,0,0,1,0,0,25,121,56,12
1407,77343.0,1,0,0,1,0,0,1,0,0,0,1,0,0,0,31,822,227,17
1408,73892.0,1,0,0,1,0,0,0,1,0,1,0,0,0,0,43,703,703,23
1409,40304.0,7,1,0,0,0,1,0,1,1,0,1,0,0,0,3,17,37,6
1410,32727.0,8,0,0,0,0,1,1,0,0,0,1,0,0,0,70,279,167,17
1411,68695.0,2,0,0,1,0,0,1,0,0,0,1,0,0,0,40,543,458,16
1412,43300.0,8,1,0,1,0,0,0,0,1,0,0,1,0,0,31,57,91,11
1413,26290.0,6,2,0,1,0,0,1,0,1,0,0,1,0,0,22,35,15,10
1414,93790.0,2,0,0,1,0,0,0,1,0,0,0,1,0,0,45,888,1302,25
1415,38410.0,6,0,0,0,0,1,1,0,0,0,0,1,0,0,14,303,153,18
1416,64866.0,5,1,0,0,1,0,0,0,1,1,0,0,0,0,10,33,508,21
1417,57957.0,3,1,0,1,0,0,1,0,1,1,0,0,0,0,29,313,290,25
1418,46015.0,7,2,0,0,0,1,1,0,1,1,0,0,0,0,6,2,38,5
1419,16531.0,7,1,0,1,0,0,1,0,1,0,0,1,0,0,11,26,2,9
1420,28072.0,7,1,0,0,1,0,1,0,1,0,0,0,1,0,5,12,30,5
1421,49476.0,2,1,0,0,1,0,0,0,1,0,1,0,0,0,196,172,386,22
1422,50725.0,8,1,0,1,0,0,1,0,1,1,0,0,0,0,48,85,443,21
1423,83844.0,1,0,0,1,0,0,1,0,0,1,0,0,0,0,191,451,901,20
1424,41145.0,3,2,0,0,0,1,1,0,1,1,0,0,0,0,1,3,9,4
1425,67419.0,5,1,0,1,0,0,1,0,1,0,0,1,0,0,42,527,846,25
1426,23162.0,6,2,0,0,0,0,1,0,1,0,0,1,0,0,22,31,8,8
1427,34380.0,8,1,0,1,0,0,1,0,1,0,0,1,0,0,24,78,72,12
1428,34704.0,5,1,0,1,0,0,0,1,1,0,1,0,0,0,5,5,29,5
1429,65148.0,4,1,0,1,0,0,1,0,1,1,0,0,0,0,153,490,460,21
1430,39898.0,7,1,0,1,0,0,1,0,1,1,0,0,0,0,12,46,69,9
1431,64857.0,4,0,0,0,1,0,0,1,0,1,0,0,0,0,43,941,556,23
1432,59892.0,3,1,0,0,0,1,1,0,1,0,0,1,0,0,0,13,73,7
1433,41020.0,3,0,0,0,1,0,0,1,0,0,0,0,1,0,36,62,112,10
1434,57072.0,5,1,0,0,0,1,1,0,1,0,1,0,0,0,30,60,944,27
1435,60474.0,7,1,0,1,0,0,0,1,1,0,0,1,0,0,170,736,265,31
1436,62807.0,5,1,0,1,0,0,1,0,1,0,1,0,0,0,99,173,526,23
1437,19414.0,8,1,0,0,0,0,1,0,1,0,0,0,1,0,7,18,2,5
1438,19107.0,7,1,0,1,0,0,1,0,1,0,0,0,1,0,16,23,2,6
1439,75484.0,4,1,0,0,0,0,1,0,1,0,0,1,0,0,34,553,378,18
1440,70379.0,4,1,0,0,1,0,0,1,1,0,0,1,0,0,8,232,553,25
1441,79419.0,2,0,0,0,1,0,1,0,0,0,0,1,0,0,31,834,751,15
1442,64014.0,7,3,0,0,0,1,1,0,1,0,0,0,0,0,8,30,406,22
1443,76998.0,6,1,0,1,0,0,1,0,1,1,0,0,0,0,107,319,1449,29
1444,49854.0,6,1,0,0,1,0,1,0,1,0,0,1,0,0,30,227,123,18
1445,60585.0,5,2,0,0,0,1,1,0,1,0,0,1,0,0,21,406,267,30
1446,42873.0,8,2,0,0,0,1,0,0,1,1,0,0,0,0,15,43,209,15
1447,87679.0,4,0,0,1,0,0,1,0,0,0,0,0,1,0,33,1084,1259,29
1448,57867.0,6,1,0,1,0,0,1,0,1,0,0,1,0,0,17,228,344,25
1449,35765.0,6,1,0,1,0,0,1,0,1,0,0,0,0,1,15,33,22,8
1450,65492.0,2,0,0,1,0,0,1,0,0,1,0,0,0,0,47,666,247,26
1451,32952.0,7,1,0,1,0,0,0,0,1,0,0,1,0,0,1,15,38,6
1452,53374.0,9,1,0,0,0,1,1,0,1,0,1,0,0,0,34,124,896,21
1453,71706.0,5,1,0,1,0,0,1,0,1,1,0,0,0,0,14,400,931,25
1454,68487.0,4,0,0,1,0,0,1,0,0,0,0,0,1,0,89,430,758,30
1455,53253.0,5,2,0,0,1,0,1,0,1,0,0,1,0,0,125,86,216,19
1456,31163.0,6,1,0,0,0,0,0,0,1,0,0,1,0,0,10,24,2,5
1457,42014.0,8,1,0,1,0,0,1,0,1,0,0,1,0,0,50,127,244,20
1458,54108.0,8,2,0,0,1,0,1,0,1,0,0,1,0,0,97,105,539,32
1459,49667.0,8,0,0,0,0,1,0,1,0,1,0,0,0,0,39,163,1181,22
1460,63206.0,2,0,0,0,1,0,1,0,0,0,0,1,0,0,26,144,750,14
1461,57136.0,6,2,0,0,1,0,1,0,1,0,0,1,0,0,92,135,306,26
1462,46772.0,8,1,0,0,0,0,1,0,1,0,0,1,0,0,57,490,350,30
1463,78931.0,1,0,0,0,0,1,1,0,0,0,0,1,0,0,35,425,331,24
1464,53977.0,5,1,0,1,0,0,1,0,1,1,0,0,0,0,82,181,620,27
1465,84219.0,1,0,0,1,0,0,1,0,0,0,0,0,1,0,45,582,434,18
1466,46098.0,8,2,0,0,1,0,0,1,1,0,0,1,0,0,36,27,57,11
1467,73538.0,7,1,0,1,0,0,1,0,1,0,1,0,0,0,107,603,811,26
1468,79529.0,2,0,0,1,0,0,1,0,0,0,0,0,1,0,197,821,423,22
1469,20981.0,8,0,0,0,0,0,1,0,0,0,0,1,0,0,30,28,2,7
1470,51766.0,5,1,0,1,0,0,0,1,1,0,0,0,1,0,51,144,60,12
1471,55759.0,8,1,0,1,0,0,1,0,1,0,1,0,0,0,77,95,675,26
1472,33039.0,5,1,0,1,0,0,1,0,1,0,0,1,0,0,12,28,30,7
1473,37787.0,8,1,0,0,1,0,1,0,1,0,0,1,0,0,18,45,40,7
1474,27242.0,9,1,0,1,0,0,0,1,1,0,0,1,0,0,39,63,3,7
1475,87188.0,3,0,0,0,0,1,0,1,0,0,0,0,1,0,55,884,910,19
1476,69930.0,3,0,0,1,0,0,1,0,0,0,0,1,0,0,196,1144,252,22
1477,37697.0,6,1,0,1,0,0,0,1,1,0,0,1,0,0,8,38,34,7
1478,37401.0,7,1,0,0,0,1,1,0,1,0,0,1,0,0,3,25,19,7
1479,58597.0,7,2,0,1,0,0,1,0,1,0,0,1,0,0,21,194,490,32
1480,82032.0,1,0,0,0,0,1,0,0,0,0,0,0,0,0,57,720,332,17
1481,28087.0,7,2,0,1,0,0,1,0,1,1,0,0,0,0,21,38,53,9
1482,74004.0,3,0,0,0,0,1,0,1,0,0,0,0,1,0,48,650,784,15
1483,19740.0,5,1,0,1,0,0,1,0,1,0,1,0,0,0,20,24,7,7
1484,57036.0,9,1,0,0,0,0,1,0,1,0,0,1,0,0,47,281,1171,26
1485,53083.0,7,2,0,0,0,0,1,0,1,1,0,0,0,0,13,43,215,17
1486,69283.0,5,1,0,0,0,1,1,0,1,0,0,1,0,0,8,196,674,27
1487,46098.0,8,2,0,0,1,0,0,1,1,0,0,1,0,0,36,27,57,11
1488,23331.0,8,1,0,0,0,0,1,0,1,0,0,0,1,0,45,43,5,8
1489,23331.0,9,1,0,0,0,0,0,1,1,0,0,0,1,0,5,145,104,17
1490,9255.0,8,1,0,1,0,0,0,1,1,0,0,0,1,0,4,9,9,5
1491,67786.0,1,0,0,0,0,1,0,0,0,1,0,0,0,0,102,603,431,16
1492,71969.0,8,1,0,0,0,1,1,0,1,0,0,1,0,0,10,76,1000,19
1493,59235.0,7,1,0,0,1,0,0,1,1,0,1,0,0,0,91,589,448,28
1494,31928.0,7,1,0,1,0,0,1,0,1,0,0,0,1,0,5,32,33,9
1495,74881.0,5,2,0,0,1,0,1,0,1,0,1,0,0,0,54,378,505,27
1496,65819.0,3,0,0,1,0,0,1,0,0,0,0,1,0,0,63,888,267,20
1497,51411.0,5,3,0,0,0,1,0,1,1,1,0,0,0,0,1,3,14,4
1498,51983.0,7,1,0,1,0,0,0,0,1,0,1,0,0,0,30,125,631,24
1499,42386.0,8,1,0,0,1,0,1,0,1,0,0,0,1,0,11,20,65,7
1500,30390.0,6,0,0,0,0,0,1,0,0,0,0,0,1,0,20,49,10,6
1501,30983.0,8,0,0,1,0,0,0,1,0,0,1,0,0,0,49,66,51,8
1502,66033.0,7,1,0,1,0,0,0,0,1,1,0,0,0,0,65,260,293,20
1503,37284.0,6,2,0,0,0,0,1,0,1,0,0,1,0,0,6,5,11,4
1504,57530.0,1,1,0,0,1,0,0,0,1,1,0,0,0,0,1,34,50,7
1505,76800.0,1,0,0,0,0,0,1,0,0,0,1,0,0,0,81,316,173,16
1506,63943.0,5,1,0,1,0,0,1,0,1,1,0,0,0,0,21,565,423,17
1507,76081.0,2,0,0,1,0,0,1,0,0,0,1,0,0,0,200,508,292,14
1508,67445.0,6,1,0,1,0,0,1,0,1,0,0,1,0,0,11,326,757,32
1509,37054.0,7,2,0,0,1,0,1,0,1,0,1,0,0,0,5,7,12,6
1510,47175.0,8,2,0,0,1,0,1,0,1,0,1,0,0,0,19,52,167,17
1511,31859.0,7,1,0,1,0,0,0,0,1,0,0,1,0,0,5,12,3,4
1512,27215.0,6,3,0,1,0,0,0,0,1,0,1,0,0,0,28,35,30,11
1513,70179.0,5,1,0,0,0,1,0,0,1,0,0,1,0,0,133,325,532,26
1514,39922.0,8,1,0,1,0,0,1,0,1,0,0,0,1,0,36,90,29,9
1515,49681.0,7,2,0,0,1,0,1,0,1,0,0,1,0,0,21,26,411,21
1516,24645.0,8,1,0,1,0,0,1,0,1,0,0,0,1,0,0,11,5,4
1517,79865.0,1,1,0,1,0,0,0,0,1,1,0,0,0,0,38,562,71,21
1518,44322.0,8,1,0,1,0,0,1,0,1,0,0,0,1,0,3,43,46,8
1519,47958.0,5,1,0,1,0,0,0,1,1,1,0,0,0,0,22,114,268,16
1520,63972.0,4,1,0,0,1,0,0,1,1,0,1,0,0,0,12,317,928,23
1521,75315.0,2,1,0,1,0,0,1,0,1,1,0,0,0,0,31,328,459,23
1522,55517.0,9,2,0,0,0,1,1,0,1,1,0,0,0,0,36,108,483,23
1523,75283.0,4,3,0,0,0,1,1,0,1,1,0,0,0,0,66,201,733,25
1524,82800.0,3,0,0,0,0,1,0,1,0,0,0,0,0,0,45,196,1006,26
1525,38998.0,8,2,0,1,0,0,1,0,1,1,0,0,0,0,5,15,34,8
1526,90638.0,1,0,0,0,1,0,0,1,0,0,0,0,0,1,96,1129,1156,18
1527,27161.0,7,1,0,0,1,0,1,0,1,0,0,0,1,0,11,34,7,5
1528,42014.0,8,1,0,1,0,0,1,0,1,0,0,1,0,0,50,127,244,20
1529,38201.0,8,1,0,0,0,1,1,0,1,0,1,0,0,0,12,23,233,15
1530,45203.0,6,2,0,1,0,0,1,0,1,0,0,0,1,0,24,80,35,8
1531,81574.0,1,0,0,0,0,1,1,0,0,0,0,0,0,0,0,511,1252,18
1532,34935.0,7,0,0,1,0,0,1,0,0,0,0,0,0,1,20,73,34,8
1533,60482.0,7,1,0,0,1,0,0,1,1,0,0,1,0,0,24,214,255,17
1534,34633.0,6,3,0,1,0,0,1,0,1,1,0,0,0,0,1,6,8,4
1535,78093.0,1,0,0,0,1,0,1,0,0,0,0,0,0,0,10,684,368,17
1536,82460.0,1,0,0,1,0,0,0,0,0,1,0,0,0,0,15,672,255,15
1537,45903.0,4,1,0,0,1,0,1,0,1,0,1,0,0,0,3,20,33,8
1538,81361.0,1,0,0,1,0,0,0,0,0,0,0,0,1,0,76,474,163,27
1539,35860.0,5,2,0,0,0,1,0,0,1,0,0,1,0,0,20,12,15,6
1540,40442.0,7,2,0,0,1,0,1,0,1,1,0,0,0,0,13,89,45,12
1541,61482.0,2,0,0,1,0,0,1,0,0,0,1,0,0,0,43,142,48,12
1542,34968.0,7,1,0,1,0,0,1,0,1,0,0,0,1,0,2,59,158,17
1543,75794.0,3,0,0,1,0,0,1,0,0,0,0,0,1,0,48,848,754,25
1544,31497.0,8,1,0,0,0,1,1,0,1,0,1,0,0,0,4,42,108,10
1545,74268.0,2,0,0,1,0,0,1,0,0,1,0,0,0,0,41,478,199,13
1546,13724.0,9,1,1,0,0,0,1,0,1,0,0,0,1,0,27,14,2,5
1547,45143.0,7,1,0,0,1,0,1,0,1,0,1,0,0,0,14,90,202,15
1548,52569.0,3,1,0,0,0,1,0,1,1,0,1,0,0,0,7,3,85,7
1549,48432.0,8,1,0,0,0,1,0,1,1,0,0,1,0,0,42,57,322,19
1550,17144.0,7,2,0,0,1,0,1,0,1,0,1,0,0,0,6,21,18,12
1551,36108.0,9,1,0,1,0,0,0,1,1,0,0,0,1,0,47,140,141,15
1552,76445.0,6,1,0,1,0,0,1,0,1,0,0,1,0,0,35,556,739,21
1553,36663.0,2,1,0,0,0,1,1,0,1,0,0,1,0,0,5,9,18,6
1554,53843.0,7,1,0,0,1,0,1,0,1,0,1,0,0,0,73,107,378,20
1555,90226.0,2,0,0,0,1,0,1,0,0,1,0,0,0,0,108,1010,1083,24
1556,70638.0,3,0,0,0,1,0,0,0,0,1,0,0,0,0,63,243,1016,20
1557,44512.0,4,2,0,1,0,0,1,0,1,0,1,0,0,0,2,7,23,6
1558,27116.0,7,2,0,1,0,0,1,0,1,0,1,0,0,0,3,24,12,7
1559,54072.0,8,2,0,0,0,1,1,0,1,0,1,0,0,0,0,4,35,5
1560,71855.0,3,1,0,1,0,0,1,0,1,0,0,1,0,0,28,453,548,25
1561,51250.0,9,1,0,0,0,0,0,1,1,0,0,0,0,1,40,296,342,24
1562,60432.0,6,1,0,0,1,0,1,0,1,0,0,1,0,0,11,22,365,19
1563,65526.0,2,1,0,0,0,1,1,0,1,0,1,0,0,0,9,100,397,17
1564,68655.0,3,0,0,1,0,0,0,1,0,0,0,0,1,0,38,926,456,21
1565,12393.0,9,0,0,0,0,0,1,0,0,0,0,1,0,0,13,32,5,6
1566,64509.0,4,0,0,1,0,0,0,1,0,0,0,0,0,1,77,784,836,19
1567,33955.0,8,1,0,1,0,0,0,1,1,0,0,1,0,0,10,153,100,15
1568,31353.0,8,2,0,1,0,0,1,0,1,0,0,1,0,0,7,13,10,6
1569,55434.0,4,1,0,1,0,0,1,0,1,0,0,0,1,0,76,499,238,24
1570,28359.0,7,1,0,1,0,0,1,0,1,0,0,0,1,0,2,7,6,4
1571,57100.0,3,1,0,1,0,0,0,1,1,0,0,0,1,0,17,125,158,14
1572,69139.0,4,1,0,1,0,0,1,0,1,0,1,0,0,0,6,120,86,11
1573,52973.0,8,1,0,0,1,0,1,0,1,1,0,0,0,0,199,88,856,31
1574,51717.0,7,1,0,0,0,1,1,0,1,0,1,0,0,0,5,18,98,8
1575,18793.0,8,1,0,1,0,0,1,0,1,0,0,1,0,0,20,36,4,9
1576,66664.0,3,0,0,0,0,0,1,0,0,0,0,0,1,0,32,763,398,19
1577,50664.0,9,2,0,1,0,0,0,1,1,1,0,0,0,0,126,118,313,24
1578,54414.0,4,2,0,1,0,0,1,0,1,0,1,0,0,0,18,58,109,13
1579,54549.0,7,1,0,0,0,1,1,0,1,1,0,0,0,0,9,8,216,12
1580,47111.0,9,1,0,0,0,1,0,0,1,0,0,1,0,0,41,344,595,21
1581,41003.0,6,0,0,0,0,1,0,0,0,0,1,0,0,0,88,346,123,17
1582,19444.0,7,1,0,1,0,0,1,0,1,0,0,0,1,0,10,26,16,10
1583,36301.0,7,1,0,0,0,0,1,0,1,0,0,1,0,0,12,50,11,7
1584,73059.0,4,1,0,0,0,1,1,0,1,0,0,0,0,0,71,532,410,26
1585,42731.0,5,1,0,0,0,1,1,0,1,0,1,0,0,0,24,59,159,13
1586,52854.0,5,2,0,0,0,1,1,0,1,1,0,0,0,0,0,10,105,9
1587,22775.0,8,1,0,1,0,0,1,0,1,0,0,1,0,0,1,9,5,4
1588,46681.0,5,2,0,0,0,1,1,0,1,0,0,0,0,0,38,99,269,16
1589,59821.0,8,1,0,0,0,1,1,0,1,1,0,0,0,0,35,70,629,26
1590,50002.0,7,1,0,1,0,0,0,0,1,1,0,0,0,0,82,97,443,19
1591,69755.0,1,0,0,1,0,0,1,0,0,0,0,0,0,0,93,561,217,22
1592,44078.0,5,2,0,1,0,0,1,0,1,0,1,0,0,0,4,13,24,7
1593,30560.0,7,1,0,0,1,0,1,0,1,0,0,1,0,0,7,10,9,5
1594,35924.0,5,2,0,0,1,0,1,0,1,0,1,0,0,0,7,16,8,5
1595,64140.0,5,2,0,0,0,1,0,0,1,0,1,0,0,0,215,61,1459,18
1596,56386.0,9,2,0,1,0,0,1,0,1,0,0,0,1,0,75,275,230,25
1597,24594.0,5,1,1,0,0,0,1,0,1,0,0,1,0,0,9,19,1,5
1598,75774.0,4,1,0,0,0,0,1,0,1,0,0,0,1,0,56,413,340,21
1599,39228.0,4,0,0,0,1,0,0,0,0,0,1,0,0,0,3,7,7,4
1600,58494.0,6,1,0,0,1,0,1,0,1,0,0,1,0,0,19,79,298,16
1601,58684.0,2,0,0,1,0,0,0,1,0,0,0,0,1,0,85,242,479,21
1602,57136.0,6,0,0,1,0,0,0,0,0,0,1,0,0,0,127,773,267,20
1603,56551.0,4,2,0,0,0,1,0,0,1,1,0,0,0,0,16,53,67,10
1604,22448.0,3,1,0,1,0,0,1,0,1,0,0,0,1,0,18,32,3,9
1605,82014.0,6,0,0,1,0,0,0,1,0,0,1,0,0,0,31,337,980,22
1606,34213.0,9,2,0,1,0,0,0,0,1,0,1,0,0,0,26,38,50,9
1607,25358.0,6,1,0,0,0,1,0,0,1,0,0,0,0,0,8,5,19,6
1608,35544.0,7,1,0,0,1,0,0,1,1,0,0,1,0,0,4,32,30,6
1609,36634.0,7,1,0,0,1,0,1,0,1,1,0,0,0,0,30,89,213,15
1610,62670.0,3,1,0,0,0,1,1,0,1,1,0,0,0,0,38,202,539,22
1611,50334.0,6,1,0,0,0,0,1,0,1,0,0,1,0,0,134,260,284,23
1612,72066.0,2,0,0,1,0,0,0,1,0,0,0,0,1,0,34,704,1003,17
1613,50729.0,6,2,0,0,0,1,0,1,1,1,0,0,0,0,52,201,239,24
1614,34916.0,9,2,0,1,0,0,1,0,1,0,1,0,0,0,42,138,51,13
1615,64892.0,4,1,0,1,0,0,0,0,1,0,0,1,0,0,65,286,527,24
1616,43602.0,6,2,0,1,0,0,0,1,1,0,1,0,0,0,19,27,19,9
1617,33996.0,4,0,0,0,0,1,0,1,0,0,0,0,1,0,6,25,40,6
1618,41473.0,7,1,0,0,0,0,0,1,1,0,0,0,1,0,9,43,21,6
1619,63246.0,4,2,0,0,0,1,1,0,1,0,1,0,0,0,7,150,593,22
1620,36732.0,2,2,0,0,0,1,1,0,1,1,0,0,0,0,7,18,21,9
1621,69084.0,8,1,0,0,0,1,1,0,1,0,0,1,0,0,30,345,1181,25
1622,77766.0,6,1,0,0,0,1,1,0,1,0,1,0,0,0,27,439,1004,34
1623,37929.0,7,0,0,0,0,1,0,1,0,0,0,0,1,0,10,51,202,13
1624,86610.0,2,0,0,1,0,0,1,0,0,1,0,0,0,0,53,908,446,18
1625,80141.0,6,0,0,0,1,0,1,0,0,0,0,0,1,0,40,827,1184,22
1626,72635.0,3,0,0,0,0,0,1,0,0,1,0,0,0,0,107,449,390,21
1627,69016.0,5,1,0,1,0,0,1,0,1,0,0,1,0,0,161,539,726,34
1628,20193.0,4,0,0,0,0,0,1,0,0,0,0,0,0,1,9,54,8,7
1629,27573.0,8,1,0,1,0,0,1,0,1,0,0,1,0,0,15,164,50,14
1630,15862.0,8,1,1,0,0,0,0,1,1,0,0,1,0,0,10,16,1,5
1631,49544.0,7,1,0,0,0,1,1,0,1,0,0,1,0,0,23,73,308,16
1632,33228.0,7,1,0,1,0,0,1,0,1,0,0,0,1,0,5,40,22,6
1633,70440.0,3,0,0,1,0,0,1,0,0,0,0,1,0,0,88,692,690,23
1634,38232.0,5,2,0,1,0,0,1,0,1,0,0,1,0,0,33,40,43,11
1635,22554.0,5,2,0,0,0,1,1,0,1,1,0,0,0,0,4,10,27,10
1636,23536.0,3,1,0,0,0,1,1,0,1,0,0,0,1,0,1,3,6,4
1637,49413.0,5,1,0,1,0,0,1,0,1,1,0,0,0,0,46,51,205,13
1638,42231.0,5,2,0,1,0,0,1,0,1,0,1,0,0,0,4,8,24,5
1639,78789.0,2,0,0,0,1,0,0,0,0,0,0,0,1,0,83,921,667,16
1640,56534.0,8,1,0,1,0,0,1,0,1,0,1,0,0,0,46,78,691,25
1641,58350.0,6,1,0,1,0,0,0,1,1,0,0,1,0,0,80,348,493,27
1642,81217.0,1,0,0,1,0,0,0,1,0,0,0,0,1,0,84,540,493,22
1643,49090.0,7,1,0,1,0,0,0,1,1,1,0,0,0,0,100,94,494,21
1644,61787.0,5,0,0,0,1,0,0,0,0,0,0,0,1,0,85,565,621,19
1645,18169.0,8,1,0,0,0,1,1,0,1,0,0,0,1,0,7,5,9,4
1646,24336.0,7,1,0,0,0,0,0,1,1,0,0,0,1,0,12,16,1,4
1647,18222.0,8,0,0,1,0,0,1,0,0,0,0,0,0,1,14,35,12,6
1648,62335.0,2,1,0,1,0,0,0,0,1,1,0,0,0,0,26,433,243,21
1649,42033.0,7,2,0,0,0,0,1,0,1,0,0,1,0,0,7,7,11,4
1650,86580.0,1,0,0,0,0,1,1,0,0,0,0,0,1,0,20,174,532,11
1651,41437.0,7,2,0,0,0,1,0,0,1,1,0,0,0,0,1,2,29,5
1652,73705.0,5,2,0,0,1,0,0,0,1,1,0,0,0,0,107,869,612,25
1653,61064.0,6,1,0,1,0,0,1,0,1,0,0,1,0,0,180,468,387,28
1654,38452.0,7,2,0,0,1,0,1,0,1,1,0,0,0,0,2,14,56,9
1655,18358.0,7,1,0,1,0,0,0,1,1,0,0,0,1,0,4,43,6,10
1656,55012.0,5,1,0,0,0,1,1,0,1,0,0,1,0,0,13,65,582,25
1657,9722.0,8,1,1,0,0,0,1,0,1,0,0,1,0,0,42,39,6,11
1658,38175.0,7,1,0,0,0,1,1,0,1,0,0,0,1,0,3,77,70,11
1659,58656.0,6,1,0,0,1,0,1,0,1,1,0,0,0,0,12,222,962,32
1660,52117.0,7,1,0,1,0,0,1,0,1,0,1,0,0,0,20,147,112,13
1661,64813.0,5,1,0,1,0,0,1,0,1,0,0,1,0,0,52,303,293,20
1662,54222.0,3,1,0,0,0,1,1,0,1,0,0,1,0,0,7,46,199,12
1663,83512.0,1,0,0,1,0,0,1,0,0,0,0,0,1,0,101,976,1060,22
1664,77520.0,4,1,0,0,1,0,1,0,1,1,0,0,0,0,58,440,940,23
1665,41154.0,5,1,0,1,0,0,1,0,1,0,0,1,0,0,7,15,44,6
1666,80398.0,3,0,0,1,0,0,1,0,0,0,1,0,0,0,26,1194,342,26
1667,18746.0,6,1,1,0,0,0,0,1,1,0,0,0,0,1,20,33,2,8
1668,35196.0,8,1,0,1,0,0,1,0,1,0,0,0,1,0,187,196,75,18
1669,60230.0,5,1,0,1,0,0,0,1,1,1,0,0,0,0,40,426,520,17
1670,22108.0,7,2,0,1,0,0,1,0,1,0,0,1,0,0,6,18,5,7
1671,44392.0,7,2,0,1,0,0,1,0,1,0,0,1,0,0,29,83,87,14
1672,55424.0,6,1,0,0,0,1,1,0,1,0,0,1,0,0,107,255,462,25
1673,17688.0,8,1,0,1,0,0,1,0,1,0,0,1,0,0,2,6,2,4
1674,92491.0,3,0,0,0,0,1,1,0,0,0,0,0,1,0,22,1008,979,25
1675,90273.0,2,0,0,1,0,0,0,1,0,0,0,0,0,1,111,1102,704,19
1676,82571.0,2,0,0,0,0,1,0,0,0,0,1,0,0,0,79,651,861,24
1677,38513.0,8,1,0,0,0,1,0,1,1,0,0,0,1,0,18,134,172,17
1678,16653.0,6,1,0,0,1,0,0,1,1,0,0,1,0,0,7,53,5,9
1679,42586.0,8,2,0,1,0,0,1,0,1,1,0,0,0,0,0,58,194,16
1680,23529.0,6,1,1,0,0,0,0,1,1,0,1,0,0,0,20,23,9,5
1681,74881.0,5,2,0,0,1,0,1,0,1,0,1,0,0,0,54,378,505,27
1682,71107.0,4,1,0,1,0,0,1,0,1,1,0,0,0,0,195,425,533,28
1683,46910.0,6,2,0,0,0,1,1,0,1,0,1,0,0,0,6,14,48,7
1684,18690.0,8,0,0,1,0,0,1,0,0,1,0,0,0,0,19,31,6,5
1685,37244.0,7,2,0,1,0,0,0,0,1,1,0,0,0,0,25,12,18,5
1686,82427.0,1,0,0,1,0,0,1,0,0,0,1,0,0,0,107,760,482,21
1687,75342.0,4,1,0,0,0,0,0,1,1,1,0,0,0,0,26,215,204,18
1688,70044.0,5,1,0,1,0,0,0,0,1,1,0,0,0,0,14,403,1073,26
1689,79146.0,6,2,0,1,0,0,0,1,1,0,1,0,0,0,16,260,245,19
1690,77437.0,1,0,0,1,0,0,1,0,0,0,1,0,0,0,29,492,560,23
1691,54984.0,7,1,0,1,0,0,1,0,1,1,0,0,0,0,6,176,173,17
1692,42403.0,8,1,0,0,0,1,1,0,1,0,0,1,0,0,3,12,22,5
1693,55761.0,6,1,0,1,0,0,1,0,1,0,1,0,0,0,32,13,136,10
1694,37292.0,8,1,0,1,0,0,1,0,1,0,0,0,1,0,66,96,275,19
1695,45576.0,8,0,0,0,0,1,0,1,0,0,0,0,0,0,25,50,56,8
1696,70321.0,4,0,0,1,0,0,1,0,0,0,0,0,0,0,191,856,303,25
1697,58086.0,8,1,0,0,0,1,0,0,1,0,1,0,0,0,15,69,708,23
1698,81795.0,2,0,0,1,0,0,1,0,0,1,0,0,0,0,88,852,324,23
1699,28389.0,7,0,1,0,0,0,1,0,0,0,0,0,0,0,8,15,1,4
1700,66835.0,2,0,0,0,1,0,1,0,0,0,0,0,0,0,141,255,620,24
1701,69901.0,5,1,0,1,0,0,0,0,1,0,1,0,0,0,149,329,312,23
1702,80360.0,2,0,0,0,0,1,1,0,0,0,0,0,0,0,43,652,1493,15
1703,63342.0,6,1,0,0,0,1,1,0,1,0,1,0,0,0,21,152,918,19
1704,44989.0,6,1,0,1,0,0,1,0,1,0,0,1,0,0,106,155,98,16
1705,31859.0,7,1,0,0,0,0,0,1,1,0,0,0,1,0,11,26,3,5
1706,51569.0,8,1,0,0,0,1,0,0,1,0,0,0,0,0,34,53,380,19
1707,30372.0,7,2,0,1,0,0,0,0,1,0,0,1,0,0,7,19,15,8
1708,16014.0,3,2,1,0,0,0,0,1,1,0,0,1,0,0,7,20,3,10
1709,41120.0,6,2,0,1,0,0,1,0,1,0,1,0,0,0,24,25,24,9
1710,39763.0,9,1,0,0,1,0,0,1,1,0,0,1,0,0,16,65,80,10
1711,38725.0,4,2,0,0,0,1,1,0,1,1,0,0,0,0,5,8,31,7
1712,77981.0,5,1,0,1,0,0,1,0,1,0,0,1,0,0,60,340,138,21
1713,62905.0,4,1,0,0,0,0,1,0,1,0,1,0,0,0,59,290,166,20
1714,13533.0,7,1,0,0,0,0,0,0,1,0,0,1,0,0,17,19,12,7
1715,59481.0,2,1,0,1,0,0,1,0,1,0,0,1,0,0,58,159,178,16
1716,72117.0,5,1,0,1,0,0,1,0,1,0,0,1,0,0,50,256,707,26
1717,21955.0,6,1,0,0,0,0,1,0,1,0,0,0,1,0,11,25,5,8
1718,67131.0,6,1,0,1,0,0,1,0,1,1,0,0,0,0,62,414,465,26
1719,36802.0,5,1,0,0,0,1,0,1,1,0,0,0,1,0,1,3,16,5
1720,71853.0,1,0,0,1,0,0,1,0,0,0,0,0,1,0,32,662,358,17
1721,28249.0,6,0,1,0,0,0,1,0,0,0,1,0,0,0,10,18,1,6
1722,47808.0,7,1,0,0,1,0,1,0,1,0,0,1,0,0,72,29,123,10
1723,25509.0,9,1,0,0,0,1,0,0,1,0,0,1,0,0,11,43,40,9
1724,51012.0,6,0,0,0,0,1,1,0,0,0,0,0,0,0,24,74,102,10
1725,70596.0,2,0,0,1,0,0,0,1,0,0,0,0,1,0,26,595,347,21
1726,42664.0,6,1,0,1,0,0,1,0,1,0,1,0,0,0,0,3,21,5
1727,42586.0,8,2,0,1,0,0,1,0,1,1,0,0,0,0,0,58,194,16
1728,29760.0,8,1,0,1,0,0,0,1,1,0,0,0,1,0,17,79,64,12
1729,28973.0,8,0,0,0,0,1,1,0,0,0,0,1,0,0,12,49,206,13
1730,39435.0,7,1,0,0,0,1,1,0,1,0,0,1,0,0,13,18,71,7
1731,65370.0,1,0,0,0,0,0,1,0,0,0,0,0,1,0,29,272,71,19
